symbol,shortName,longName,currency,regularMarketPrice,regularMarketDayHigh,regularMarketDayLow,regularMarketDayRange,regularMarketChange,regularMarketChangePercent,regularMarketTime,marketCap,regularMarketVolume,regularMarketPreviousClose,regularMarketOpen,fiftyTwoWeekRange,fiftyTwoWeekLow,fiftyTwoWeekHigh,priceEarnings,earningsPerShare
PETR4,PETR4,Petroleo Brasileiro SA Pfd,BRL,41.07,41.2,40.82,40.82 - 41.2,-1.14,-2.7,2026-07-27T13:55:30.000Z,578066538082.0,6556400,41.02,41.2,29.31 - 50.69,29.31,50.69,4.920271711133209,8.347058
VALE3,VALE3,Vale S.A.,BRL,75.01,75.2,74.24,74.24 - 75.2,-0.23,-0.31,2026-07-27T13:55:30.000Z,313670371899.0,1832000,75.0,74.36,52.37 - 91.62,52.37,91.62,20.589607751640088,3.6552416
BBAS3,BBAS3,Banco do Brasil S.A.,BRL,20.62,20.63,20.43,20.43 - 20.63,0.27,1.33,2026-07-27T13:55:30.000Z,116377916049.0,1531500,20.62,20.46,18.12 - 27.81,18.12,27.81,9.30085701398286,2.2170252
BBDC4,BBDC4,Banco Bradesco SA Pfd,BRL,18.68,18.68,18.58,18.58 - 18.68,0.2,1.08,2026-07-27T13:55:30.000Z,182559943880.0,863100,18.67,18.65,15.32 - 22.12,15.32,22.12,8.499021793530186,2.1979396
PETR4,PETR4,Petroleo Brasileiro SA Pfd,BRL,41.43,41.46,40.82,40.82 - 41.46,-0.78,-1.85,2026-07-27T15:09:30.000Z,578066538082.0,14138300,41.44,41.2,29.31 - 50.69,29.31,50.69,4.963400462436056,8.347058
VALE3,VALE3,Vale S.A.,BRL,75.14,75.38,74.24,74.24 - 75.38,-0.1,-0.13,2026-07-27T15:10:30.000Z,313670371899.0,4482200,75.15,74.36,52.37 - 91.62,52.37,91.62,20.62529164722352,3.6552416
BBAS3,BBAS3,Banco do Brasil S.A.,BRL,20.5,20.67,20.43,20.43 - 20.67,0.15,0.74,2026-07-27T15:09:30.000Z,116377916049.0,3263900,20.49,20.46,18.12 - 27.81,18.12,27.81,9.246729815065404,2.2170252
BBDC4,BBDC4,Banco Bradesco SA Pfd,BRL,18.69,18.78,18.58,18.58 - 18.78,0.21,1.14,2026-07-27T15:09:30.000Z,182559943880.0,3472700,18.69,18.65,15.32 - 22.12,15.32,22.12,8.503571591064198,2.1979396
PETR4,PETR4,Petroleo Brasileiro SA Pfd,BRL,41.24,41.48,40.82,40.82 - 41.48,-0.97,-2.3,2026-07-27T16:00:30.000Z,578066538082.0,16459100,41.24,41.2,29.31 - 50.69,29.31,50.69,4.940638065915109,8.347058
VALE3,VALE3,Vale S.A.,BRL,75.07,75.42,74.24,74.24 - 75.42,-0.17,-0.23,2026-07-27T16:00:30.000Z,313670371899.0,5486500,75.07,74.36,52.37 - 91.62,52.37,91.62,20.60607724190936,3.6552416
BBAS3,BBAS3,Banco do Brasil S.A.,BRL,20.47,20.67,20.42,20.42 - 20.67,0.12,0.59,2026-07-27T16:00:30.000Z,116377916049.0,4389400,20.47,20.46,18.12 - 27.81,18.12,27.81,9.233198015336038,2.2170252
BBDC4,BBDC4,Banco Bradesco SA Pfd,BRL,18.68,18.78,18.58,18.58 - 18.78,0.2,1.08,2026-07-27T16:00:30.000Z,182559943880.0,5056800,18.69,18.65,15.32 - 22.12,15.32,22.12,8.499021793530186,2.1979396
PETR4,PETR4,Petroleo Brasileiro SA Pfd,BRL,41.17,41.48,40.82,40.82 - 41.48,-1.04,-2.46,2026-07-27T16:49:30.000Z,578066538082.0,18888300,41.18,41.2,29.31 - 50.69,29.31,50.69,4.9322519198284445,8.347058
VALE3,VALE3,Vale S.A.,BRL,75.39,75.42,74.24,74.24 - 75.42,0.15,0.2,2026-07-27T16:49:30.000Z,313670371899.0,6424600,75.4,74.36,52.37 - 91.62,52.37,91.62,20.6939145233455,3.6552416
BBAS3,BBAS3,Banco do Brasil S.A.,BRL,20.53,20.67,20.42,20.42 - 20.67,0.18,0.88,2026-07-27T16:49:30.000Z,116377916049.0,5424000,20.53,20.46,18.12 - 27.81,18.12,27.81,9.260261614794768,2.2170252
BBDC4,BBDC4,Banco Bradesco SA Pfd,BRL,18.69,18.78,18.58,18.58 - 18.78,0.21,1.14,2026-07-27T16:49:30.000Z,182559943880.0,5972000,18.7,18.65,15.32 - 22.12,15.32,22.12,8.503571591064198,2.1979396
PETR4,PETR4,Petroleo Brasileiro SA Pfd,BRL,41.12,41.48,40.82,40.82 - 41.48,-1.09,-2.58,2026-07-27T17:45:30.000Z,578066538082.0,20866500,41.1,41.2,29.31 - 50.69,29.31,50.69,4.926261815480826,8.347058
VALE3,VALE3,Vale S.A.,BRL,75.17,75.57,74.24,74.24 - 75.57,-0.07,-0.09,2026-07-27T17:45:30.000Z,313670371899.0,7389800,75.17,74.36,52.37 - 91.62,52.37,91.62,20.63352639235816,3.6552416
BBAS3,BBAS3,Banco do Brasil S.A.,BRL,20.56,20.67,20.42,20.42 - 20.67,0.21,1.03,2026-07-27T17:45:30.000Z,116377916049.0,6367100,20.55,20.46,18.12 - 27.81,18.12,27.81,9.27379341452413,2.2170252
BBDC4,BBDC4,Banco Bradesco SA Pfd,BRL,18.7,18.78,18.58,18.58 - 18.78,0.22,1.19,2026-07-27T17:45:30.000Z,182559943880.0,7193600,18.69,18.65,15.32 - 22.12,15.32,22.12,8.508121388598207,2.1979396
PETR4,PETR4,Petroleo Brasileiro SA Pfd,BRL,41.03,41.48,40.82,40.82 - 41.48,-1.18,-2.8,2026-07-27T18:42:30.000Z,578066538082.0,23345100,41.03,41.2,29.31 - 50.69,29.31,50.69,4.915479627655114,8.347058
VALE3,VALE3,Vale S.A.,BRL,75.25,75.57,74.24,74.24 - 75.57,0.01,0.01,2026-07-27T18:43:30.000Z,313670371899.0,8024100,75.25,74.36,52.37 - 91.62,52.37,91.62,20.65548571271719,3.6552416
BBAS3,BBAS3,Banco do Brasil S.A.,BRL,20.54,20.67,20.42,20.42 - 20.67,0.19,0.93,2026-07-27T18:43:30.000Z,116377916049.0,7429300,20.55,20.46,18.12 - 27.81,18.12,27.81,9.264772214704555,2.2170252
BBDC4,BBDC4,Banco Bradesco SA Pfd,BRL,18.71,18.78,18.58,18.58 - 18.78,0.23,1.24,2026-07-27T18:42:30.000Z,182559943880.0,8987500,18.7,18.65,15.32 - 22.12,15.32,22.12,8.512671186132216,2.1979396
PETR4,PETR4,Petroleo Brasileiro SA Pfd,BRL,41.05,41.48,40.82,40.82 - 41.48,-1.16,-2.75,2026-07-27T19:45:30.000Z,578066538082.0,27777300,41.04,41.2,29.31 - 50.69,29.31,50.69,4.917875669394161,8.347058
VALE3,VALE3,Vale S.A.,BRL,75.49,75.57,74.24,74.24 - 75.57,0.25,0.33,2026-07-27T19:45:30.000Z,313670371899.0,8988000,75.51,74.36,52.37 - 91.62,52.37,91.62,20.721363673794293,3.6552416
BBAS3,BBAS3,Banco do Brasil S.A.,BRL,20.52,20.67,20.42,20.42 - 20.67,0.17,0.84,2026-07-27T19:45:30.000Z,116377916049.0,8614900,20.53,20.46,18.12 - 27.81,18.12,27.81,9.25575101488498,2.2170252
BBDC4,BBDC4,Banco Bradesco SA Pfd,BRL,18.73,18.78,18.58,18.58 - 18.78,0.25,1.35,2026-07-27T19:44:30.000Z,182559943880.0,10855300,18.75,18.65,15.32 - 22.12,15.32,22.12,8.521770781200235,2.1979396
PETR4,PETR4,Petroleo Brasileiro SA Pfd,BRL,41.01,41.48,40.82,40.82 - 41.48,-1.2,-2.84,2026-07-27T20:40:30.000Z,578066538082.0,32807700,41.0,41.2,29.31 - 50.69,29.31,50.69,4.913083585916067,8.347058
VALE3,VALE3,Vale S.A.,BRL,75.69,75.72,74.24,74.24 - 75.72,0.45,0.6,2026-07-27T20:40:30.000Z,313670371899.0,10897100,75.72,74.36,52.37 - 91.62,52.37,91.62,20.776261974691884,3.6552416
BBAS3,BBAS3,Banco do Brasil S.A.,BRL,20.5,20.67,20.42,20.42 - 20.67,0.15,0.74,2026-07-27T20:40:30.000Z,116377916049.0,11065400,20.55,20.46,18.12 - 27.81,18.12,27.81,9.246729815065404,2.2170252
BBDC4,BBDC4,Banco Bradesco SA Pfd,BRL,18.71,18.81,18.58,18.58 - 18.81,0.23,1.24,2026-07-27T20:40:30.000Z,182559943880.0,15080200,18.76,18.65,15.32 - 22.12,15.32,22.12,8.512671186132216,2.1979396
PETR4,PETR4,Petroleo Brasileiro SA Pfd,BRL,41.01,41.48,40.82,40.82 - 41.48,-1.2,-2.84,2026-07-27T21:07:30.000Z,578066538082.0,32851000,41.0,41.2,29.31 - 50.69,29.31,50.69,4.913083585916067,8.347058
VALE3,VALE3,Vale S.A.,BRL,75.69,75.72,74.24,74.24 - 75.72,0.45,0.6,2026-07-27T21:07:30.000Z,313670371899.0,10920800,75.72,74.36,52.37 - 91.62,52.37,91.62,20.776261974691884,3.6552416
BBAS3,BBAS3,Banco do Brasil S.A.,BRL,20.5,20.67,20.42,20.42 - 20.67,0.15,0.74,2026-07-27T21:07:30.000Z,116377916049.0,11083800,20.55,20.46,18.12 - 27.81,18.12,27.81,9.246729815065404,2.2170252
BBDC4,BBDC4,Banco Bradesco SA Pfd,BRL,18.71,18.81,18.58,18.58 - 18.81,0.23,1.24,2026-07-27T21:07:30.000Z,182559943880.0,15095200,18.76,18.65,15.32 - 22.12,15.32,22.12,8.512671186132216,2.1979396
PETR4,PETR4,Petroleo Brasileiro SA Pfd,BRL,41.22,41.22,40.88,40.88 - 41.22,0.21,0.51,2026-07-28T13:48:31.000Z,560529703415.0,4583800,41.23,41.02,29.31 - 50.69,29.31,50.69,4.938242024176062,8.347058
VALE3,VALE3,Vale S.A.,BRL,75.49,76.25,75.0,75 - 76.25,-0.2,-0.26,2026-07-28T13:48:31.000Z,315546410007.0,1432900,75.5,76.1,52.37 - 91.62,52.37,91.62,20.721363673794293,3.6552416
BBAS3,BBAS3,Banco do Brasil S.A.,BRL,20.75,21.01,20.7,20.7 - 21.01,0.25,1.22,2026-07-28T13:48:31.000Z,117235736328.0,1728200,20.74,20.93,18.12 - 27.81,18.12,27.81,9.359494812810103,2.2170252
BBDC4,BBDC4,Banco Bradesco SA Pfd,BRL,19.02,19.16,18.92,18.92 - 19.16,0.31,1.66,2026-07-28T13:48:31.000Z,184777856573.0,2269800,19.02,18.95,15.32 - 22.12,15.32,22.12,8.653714909686519,2.1979396
PETR4,PETR4,Petroleo Brasileiro SA Pfd,BRL,41.7,41.73,40.88,40.88 - 41.73,0.69,1.68,2026-07-28T15:00:30.000Z,560529703415.0,11839700,41.7,41.02,29.31 - 50.69,29.31,50.69,4.995747025913192,8.347058
VALE3,VALE3,Vale S.A.,BRL,75.24,76.25,75.0,75 - 76.25,-0.45,-0.59,2026-07-28T15:00:30.000Z,315546410007.0,3731200,75.23,76.1,52.37 - 91.62,52.37,91.62,20.652740797672312,3.6552416
BBAS3,BBAS3,Banco do Brasil S.A.,BRL,20.74,21.01,20.58,20.58 - 21.01,0.24,1.17,2026-07-28T15:00:30.000Z,117235736328.0,3440900,20.74,20.93,18.12 - 27.81,18.12,27.81,9.354984212900314,2.2170252
BBDC4,BBDC4,Banco Bradesco SA Pfd,BRL,18.85,19.16,18.77,18.77 - 19.16,0.14,0.75,2026-07-28T15:00:30.000Z,184777856573.0,4872300,18.85,18.95,15.32 - 22.12,15.32,22.12,8.576368351608354,2.1979396
PETR4,PETR4,Petroleo Brasileiro SA Pfd,BRL,41.01,41.77,40.88,40.88 - 41.77,0.0,0.0,2026-07-28T15:52:30.000Z,560529703415.0,17746600,41.02,41.02,29.31 - 50.69,29.31,50.69,4.913083585916067,8.347058
VALE3,VALE3,Vale S.A.,BRL,75.29,76.25,75.0,75 - 76.25,-0.4,-0.53,2026-07-28T15:52:30.000Z,315546410007.0,4862400,75.31,76.1,52.37 - 91.62,52.37,91.62,20.66646537289671,3.6552416
BBAS3,BBAS3,Banco do Brasil S.A.,BRL,20.76,21.01,20.58,20.58 - 21.01,0.26,1.27,2026-07-28T15:52:30.000Z,117235736328.0,4160000,20.75,20.93,18.12 - 27.81,18.12,27.81,9.364005412719893,2.2170252
BBDC4,BBDC4,Banco Bradesco SA Pfd,BRL,18.87,19.16,18.77,18.77 - 19.16,0.16,0.86,2026-07-28T15:52:30.000Z,184777856573.0,6193000,18.87,18.95,15.32 - 22.12,15.32,22.12,8.585467946676372,2.1979396
PETR4,PETR4,Petroleo Brasileiro SA Pfd,BRL,40.99,41.77,40.88,40.88 - 41.77,-0.02,-0.05,2026-07-28T16:45:30.000Z,560529703415.0,20241000,40.99,41.02,29.31 - 50.69,29.31,50.69,4.91068754417702,8.347058
VALE3,VALE3,Vale S.A.,BRL,75.75,76.25,75.0,75 - 76.25,0.06,0.08,2026-07-28T16:44:30.000Z,315546410007.0,6343000,75.75,76.1,52.37 - 91.62,52.37,91.62,20.79273146496116,3.6552416
BBAS3,BBAS3,Banco do Brasil S.A.,BRL,20.77,21.01,20.58,20.58 - 21.01,0.27,1.32,2026-07-28T16:44:30.000Z,117235736328.0,5192000,20.77,20.93,18.12 - 27.81,18.12,27.81,9.36851601262968,2.2170252
BBDC4,BBDC4,Banco Bradesco SA Pfd,BRL,18.84,19.16,18.77,18.77 - 19.16,0.13,0.69,2026-07-28T16:44:30.000Z,184777856573.0,8884500,18.84,18.95,15.32 - 22.12,15.32,22.12,8.571818554074342,2.1979396
PETR4,PETR4,Petroleo Brasileiro SA Pfd,BRL,41.1,41.77,40.88,40.88 - 41.77,0.09,0.22,2026-07-28T17:42:30.000Z,560529703415.0,22176000,41.08,41.02,29.31 - 50.69,29.31,50.69,4.923865773741779,8.347058
VALE3,VALE3,Vale S.A.,BRL,75.7,76.25,75.0,75 - 76.25,0.01,0.01,2026-07-28T17:42:30.000Z,315546410007.0,7022100,75.71,76.1,52.37 - 91.62,52.37,91.62,20.779006889736763,3.6552416
BBAS3,BBAS3,Banco do Brasil S.A.,BRL,20.78,21.01,20.58,20.58 - 21.01,0.28,1.37,2026-07-28T17:41:30.000Z,117235736328.0,5834200,20.78,20.93,18.12 - 27.81,18.12,27.81,9.373026612539467,2.2170252
BBDC4,BBDC4,Banco Bradesco SA Pfd,BRL,18.83,19.16,18.77,18.77 - 19.16,0.12,0.64,2026-07-28T17:41:30.000Z,184777856573.0,10889100,18.83,18.95,15.32 - 22.12,15.32,22.12,8.567268756540333,2.1979396
PETR4,PETR4,Petroleo Brasileiro SA Pfd,BRL,41.17,41.77,40.88,40.88 - 41.77,0.16,0.39,2026-07-28T18:41:30.000Z,560529703415.0,23775700,41.17,41.02,29.31 - 50.69,29.31,50.69,4.9322519198284445,8.347058
VALE3,VALE3,Vale S.A.,BRL,75.61,76.25,75.0,75 - 76.25,-0.08,-0.11,2026-07-28T18:40:30.000Z,315546410007.0,7822300,75.61,76.1,52.37 - 91.62,52.37,91.62,20.754302654332847,3.6552416
BBAS3,BBAS3,Banco do Brasil S.A.,BRL,20.74,21.01,20.58,20.58 - 21.01,0.24,1.17,2026-07-28T18:40:30.000Z,117235736328.0,6810200,20.75,20.93,18.12 - 27.81,18.12,27.81,9.354984212900314,2.2170252
BBDC4,BBDC4,Banco Bradesco SA Pfd,BRL,18.78,19.16,18.77,18.77 - 19.16,0.07,0.37,2026-07-28T18:40:30.000Z,184777856573.0,12202400,18.78,18.95,15.32 - 22.12,15.32,22.12,8.544519768870286,2.1979396
PETR4,PETR4,Petroleo Brasileiro SA Pfd,BRL,41.19,41.77,40.88,40.88 - 41.77,0.18,0.44,2026-07-28T19:10:30.000Z,560529703415.0,24887400,41.19,41.02,29.31 - 50.69,29.31,50.69,4.9346479615674905,8.347058
VALE3,VALE3,Vale S.A.,BRL,75.42,76.25,75.0,75 - 76.25,-0.27,-0.36,2026-07-28T19:10:30.000Z,315546410007.0,8259000,75.44,76.1,52.37 - 91.62,52.37,91.62,20.70214926848014,3.6552416
BBAS3,BBAS3,Banco do Brasil S.A.,BRL,20.73,21.01,20.58,20.58 - 21.01,0.23,1.12,2026-07-28T19:10:30.000Z,117235736328.0,7189800,20.73,20.93,18.12 - 27.81,18.12,27.81,9.350473612990529,2.2170252
BBDC4,BBDC4,Banco Bradesco SA Pfd,BRL,18.79,19.16,18.76,18.76 - 19.16,0.08,0.43,2026-07-28T19:09:30.000Z,184777856573.0,13142200,18.79,18.95,15.32 - 22.12,15.32,22.12,8.549069566404293,2.1979396
PETR4,PETR4,Petroleo Brasileiro SA Pfd,BRL,41.28,41.77,40.88,40.88 - 41.77,0.27,0.66,2026-07-28T19:47:30.000Z,560529703415.0,26300100,41.27,41.02,29.31 - 50.69,29.31,50.69,4.945430149393203,8.347058
VALE3,VALE3,Vale S.A.,BRL,75.57,76.25,75.0,75 - 76.25,-0.12,-0.16,2026-07-28T19:47:30.000Z,315546410007.0,8893000,75.57,76.1,52.37 - 91.62,52.37,91.62,20.743322994153328,3.6552416
BBAS3,BBAS3,Banco do Brasil S.A.,BRL,20.76,21.01,20.58,20.58 - 21.01,0.26,1.27,2026-07-28T19:47:30.000Z,117235736328.0,7759900,20.76,20.93,18.12 - 27.81,18.12,27.81,9.364005412719893,2.2170252
BBDC4,BBDC4,Banco Bradesco SA Pfd,BRL,18.79,19.16,18.76,18.76 - 19.16,0.08,0.43,2026-07-28T19:48:30.000Z,184777856573.0,14951900,18.79,18.95,15.32 - 22.12,15.32,22.12,8.549069566404293,2.1979396
PETR4,PETR4,Petroleo Brasileiro SA Pfd,BRL,41.21,41.77,40.88,40.88 - 41.77,0.2,0.49,2026-07-28T20:35:30.000Z,560529703415.0,29885300,41.15,41.02,29.31 - 50.69,29.31,50.69,4.937044003306538,8.347058
VALE3,VALE3,Vale S.A.,BRL,75.69,76.25,75.0,75 - 76.25,0.0,0.0,2026-07-28T20:35:30.000Z,315546410007.0,12245800,75.5,76.1,52.37 - 91.62,52.37,91.62,20.776261974691884,3.6552416
BBAS3,BBAS3,Banco do Brasil S.A.,BRL,20.83,21.01,20.58,20.58 - 21.01,0.33,1.61,2026-07-28T20:34:30.000Z,117235736328.0,11334900,20.76,20.93,18.12 - 27.81,18.12,27.81,9.395579612088406,2.2170252
BBDC4,BBDC4,Banco Bradesco SA Pfd,BRL,18.77,19.16,18.72,18.72 - 19.16,0.06,0.32,2026-07-28T20:35:30.000Z,184777856573.0,20083000,18.73,18.95,15.32 - 22.12,15.32,22.12,8.539969971336275,2.1979396
PETR4,PETR4,Petroleo Brasileiro SA Pfd,BRL,41.21,41.77,40.88,40.88 - 41.77,0.2,0.49,2026-07-28T21:02:30.000Z,560529703415.0,29931800,41.15,41.02,29.31 - 50.69,29.31,50.69,4.937044003306538,8.347058
VALE3,VALE3,Vale S.A.,BRL,75.69,76.25,75.0,75 - 76.25,0.0,0.0,2026-07-28T21:02:30.000Z,315546410007.0,12264700,75.5,76.1,52.37 - 91.62,52.37,91.62,20.776261974691884,3.6552416
BBAS3,BBAS3,Banco do Brasil S.A.,BRL,20.83,21.01,20.58,20.58 - 21.01,0.33,1.61,2026-07-28T21:02:30.000Z,117235736328.0,11351700,20.76,20.93,18.12 - 27.81,18.12,27.81,9.395579612088406,2.2170252
BBDC4,BBDC4,Banco Bradesco SA Pfd,BRL,18.77,19.16,18.72,18.72 - 19.16,0.06,0.32,2026-07-28T21:02:30.000Z,184777856573.0,20107500,18.73,18.95,15.32 - 22.12,15.32,22.12,8.539969971336275,2.1979396
PETR4,PETR4,Petroleo Brasileiro SA Pfd,BRL,42.28,42.4,41.88,41.88 - 42.4,1.07,2.6,2026-07-29T13:48:30.000Z,564345545617.0,5021700,42.28,42.16,29.31 - 50.69,29.31,50.69,5.065232236345557,8.347058
VALE3,VALE3,Vale S.A.,BRL,75.77,76.2,75.54,75.54 - 76.2,0.08,0.11,2026-07-29T13:47:30.000Z,315546410007.0,913200,75.77,76.01,52.37 - 91.62,52.37,91.62,20.79822129505092,3.6552416
BBAS3,BBAS3,Banco do Brasil S.A.,BRL,20.71,20.82,20.46,20.46 - 20.82,-0.12,-0.58,2026-07-29T13:48:30.000Z,119122945306.0,1562800,20.71,20.75,18.12 - 27.81,18.12,27.81,9.341452413170952,2.2170252
BBDC4,BBDC4,Banco Bradesco SA Pfd,BRL,18.51,18.66,18.42,18.42 - 18.66,-0.26,-1.39,2026-07-29T13:48:30.000Z,185781653777.0,2588300,18.51,18.65,15.39 - 22.12,15.39,22.12,8.421675235452023,2.1979396
PETR4,PETR4,Petroleo Brasileiro SA Pfd,BRL,42.2,42.4,41.88,41.88 - 42.4,0.99,2.4,2026-07-29T14:55:30.000Z,564345545617.0,9663400,42.2,42.16,29.31 - 50.69,29.31,50.69,5.0556480693893695,8.347058
VALE3,VALE3,Vale S.A.,BRL,75.12,76.2,75.03,75.03 - 76.2,-0.57,-0.75,2026-07-29T14:55:30.000Z,315546410007.0,3026300,75.18,76.01,52.37 - 91.62,52.37,91.62,20.61980181713376,3.6552416
BBAS3,BBAS3,Banco do Brasil S.A.,BRL,20.71,20.82,20.46,20.46 - 20.82,-0.12,-0.58,2026-07-29T14:56:30.000Z,119122945306.0,2690300,20.72,20.75,18.12 - 27.81,18.12,27.81,9.341452413170952,2.2170252
BBDC4,BBDC4,Banco Bradesco SA Pfd,BRL,18.44,18.66,18.4,18.4 - 18.66,-0.33,-1.76,2026-07-29T14:55:30.000Z,185781653777.0,6477500,18.42,18.65,15.39 - 22.12,15.39,22.12,8.389826652713953,2.1979396
PETR4,PETR4,Petroleo Brasileiro SA Pfd,BRL,42.24,42.4,41.88,41.88 - 42.4,1.03,2.5,2026-07-29T15:46:30.000Z,564345545617.0,14632200,42.25,42.16,29.31 - 50.69,29.31,50.69,5.060440152867463,8.347058
VALE3,VALE3,Vale S.A.,BRL,74.97,76.2,74.81,74.81 - 76.2,-0.72,-0.95,2026-07-29T15:46:30.000Z,315546410007.0,4156900,74.95,76.01,52.37 - 91.62,52.37,91.62,20.57862809146057,3.6552416
BBAS3,BBAS3,Banco do Brasil S.A.,BRL,20.84,20.89,20.46,20.46 - 20.89,0.01,0.05,2026-07-29T15:46:30.000Z,119122945306.0,4279800,20.84,20.75,18.12 - 27.81,18.12,27.81,9.400090211998195,2.2170252
BBDC4,BBDC4,Banco Bradesco SA Pfd,BRL,18.47,18.66,18.39,18.39 - 18.66,-0.3,-1.6,2026-07-29T15:46:30.000Z,185781653777.0,8004700,18.47,18.65,15.39 - 22.12,15.39,22.12,8.403476045315982,2.1979396
PETR4,PETR4,Petroleo Brasileiro SA Pfd,BRL,42.15,42.4,41.88,41.88 - 42.4,0.94,2.28,2026-07-29T16:38:30.000Z,564345545617.0,17191800,42.15,42.16,29.31 - 50.69,29.31,50.69,5.049657965041751,8.347058
VALE3,VALE3,Vale S.A.,BRL,74.72,76.2,74.61,74.61 - 76.2,-0.97,-1.28,2026-07-29T16:37:30.000Z,315546410007.0,4900300,74.71,76.01,52.37 - 91.62,52.37,91.62,20.510005215338584,3.6552416
BBAS3,BBAS3,Banco do Brasil S.A.,BRL,20.78,20.89,20.46,20.46 - 20.89,-0.05,-0.24,2026-07-29T16:38:30.000Z,119122945306.0,5447800,20.78,20.75,18.12 - 27.81,18.12,27.81,9.373026612539467,2.2170252
BBDC4,BBDC4,Banco Bradesco SA Pfd,BRL,18.39,18.66,18.36,18.36 - 18.66,-0.38,-2.02,2026-07-29T16:37:30.000Z,185781653777.0,9344500,18.39,18.65,15.39 - 22.12,15.39,22.12,8.367077665043904,2.1979396
PETR4,PETR4,Petroleo Brasileiro SA Pfd,BRL,42.1,42.4,41.88,41.88 - 42.4,0.89,2.16,2026-07-29T17:05:30.000Z,564345545617.0,17969500,42.1,42.16,29.31 - 50.69,29.31,50.69,5.043667860694134,8.347058
VALE3,VALE3,Vale S.A.,BRL,75.04,76.2,74.61,74.61 - 76.2,-0.65,-0.86,2026-07-29T17:06:30.000Z,315546410007.0,5241700,75.05,76.01,52.37 - 91.62,52.37,91.62,20.597842496774728,3.6552416
BBAS3,BBAS3,Banco do Brasil S.A.,BRL,20.76,20.89,20.46,20.46 - 20.89,-0.07,-0.34,2026-07-29T17:05:30.000Z,119122945306.0,5829800,20.75,20.75,18.12 - 27.81,18.12,27.81,9.364005412719893,2.2170252
BBDC4,BBDC4,Banco Bradesco SA Pfd,BRL,18.37,18.66,18.36,18.36 - 18.66,-0.4,-2.13,2026-07-29T17:05:30.000Z,185781653777.0,10286000,18.38,18.65,15.39 - 22.12,15.39,22.12,8.357978069975886,2.1979396
PETR4,PETR4,Petroleo Brasileiro SA Pfd,BRL,42.1,42.4,41.88,41.88 - 42.4,0.89,2.16,2026-07-29T17:38:30.000Z,564345545617.0,18653500,42.12,42.16,29.31 - 50.69,29.31,50.69,5.043667860694134,8.347058
VALE3,VALE3,Vale S.A.,BRL,75.19,76.2,74.61,74.61 - 76.2,-0.5,-0.66,2026-07-29T17:38:30.000Z,315546410007.0,5854600,75.19,76.01,52.37 - 91.62,52.37,91.62,20.63901622244792,3.6552416
BBAS3,BBAS3,Banco do Brasil S.A.,BRL,20.76,20.89,20.46,20.46 - 20.89,-0.07,-0.34,2026-07-29T17:38:30.000Z,119122945306.0,6303300,20.76,20.75,18.12 - 27.81,18.12,27.81,9.364005412719893,2.2170252
BBDC4,BBDC4,Banco Bradesco SA Pfd,BRL,18.4,18.66,18.36,18.36 - 18.66,-0.37,-1.97,2026-07-29T17:37:30.000Z,185781653777.0,10847200,18.4,18.65,15.39 - 22.12,15.39,22.12,8.371627462577914,2.1979396
PETR4,PETR4,Petroleo Brasileiro SA Pfd,BRL,41.91,42.4,41.88,41.88 - 42.4,0.7,1.7,2026-07-29T18:05:30.000Z,564345545617.0,20188800,41.92,42.16,29.31 - 50.69,29.31,50.69,5.020905464173186,8.347058
VALE3,VALE3,Vale S.A.,BRL,75.13,76.2,74.61,74.61 - 76.2,-0.56,-0.74,2026-07-29T18:05:30.000Z,315546410007.0,6232700,75.14,76.01,52.37 - 91.62,52.37,91.62,20.62254673217864,3.6552416
BBAS3,BBAS3,Banco do Brasil S.A.,BRL,20.79,20.89,20.46,20.46 - 20.89,-0.04,-0.19,2026-07-29T18:04:30.000Z,119122945306.0,6878100,20.8,20.75,18.12 - 27.81,18.12,27.81,9.377537212449257,2.2170252
BBDC4,BBDC4,Banco Bradesco SA Pfd,BRL,18.37,18.66,18.36,18.36 - 18.66,-0.4,-2.13,2026-07-29T18:05:30.000Z,185781653777.0,11634400,18.37,18.65,15.39 - 22.12,15.39,22.12,8.357978069975886,2.1979396
PETR4,PETR4,Petroleo Brasileiro SA Pfd,BRL,41.94,42.4,41.75,41.75 - 42.4,0.73,1.77,2026-07-29T18:31:30.000Z,564345545617.0,21895500,41.92,42.16,29.31 - 50.69,29.31,50.69,5.0244995267817565,8.347058
VALE3,VALE3,Vale S.A.,BRL,75.48,76.2,74.61,74.61 - 76.2,-0.21,-0.28,2026-07-29T18:30:30.000Z,315546410007.0,7126400,75.42,76.01,52.37 - 91.62,52.37,91.62,20.71861875874941,3.6552416
BBAS3,BBAS3,Banco do Brasil S.A.,BRL,20.92,20.95,20.46,20.46 - 20.95,0.09,0.43,2026-07-29T18:30:30.000Z,119122945306.0,8206100,20.93,20.75,18.12 - 27.81,18.12,27.81,9.4361750112765,2.2170252
BBDC4,BBDC4,Banco Bradesco SA Pfd,BRL,18.42,18.66,18.36,18.36 - 18.66,-0.35,-1.86,2026-07-29T18:30:30.000Z,185781653777.0,13016700,18.41,18.65,15.39 - 22.12,15.39,22.12,8.380727057645935,2.1979396
PETR4,PETR4,Petroleo Brasileiro SA Pfd,BRL,41.99,42.4,41.75,41.75 - 42.4,0.78,1.89,2026-07-29T19:03:30.000Z,564345545617.0,23198000,41.99,42.16,29.31 - 50.69,29.31,50.69,5.030489631129375,8.347058
VALE3,VALE3,Vale S.A.,BRL,75.55,76.2,74.61,74.61 - 76.2,-0.14,-0.18,2026-07-29T19:02:30.000Z,315546410007.0,7658800,75.55,76.01,52.37 - 91.62,52.37,91.62,20.73783316406357,3.6552416
BBAS3,BBAS3,Banco do Brasil S.A.,BRL,20.98,21.0,20.46,20.46 - 21,0.15,0.72,2026-07-29T19:03:30.000Z,119122945306.0,9664300,20.98,20.75,18.12 - 27.81,18.12,27.81,9.463238610735228,2.2170252
BBDC4,BBDC4,Banco Bradesco SA Pfd,BRL,18.47,18.66,18.36,18.36 - 18.66,-0.3,-1.6,2026-07-29T19:03:30.000Z,185781653777.0,14329500,18.47,18.65,15.39 - 22.12,15.39,22.12,8.403476045315982,2.1979396
PETR4,PETR4,Petroleo Brasileiro SA Pfd,BRL,42.04,42.4,41.75,41.75 - 42.4,0.83,2.01,2026-07-29T19:40:30.000Z,564345545617.0,25393000,42.04,42.16,29.31 - 50.69,29.31,50.69,5.036479735476992,8.347058
VALE3,VALE3,Vale S.A.,BRL,75.24,76.2,74.61,74.61 - 76.2,-0.45,-0.59,2026-07-29T19:40:30.000Z,315546410007.0,8943000,75.22,76.01,52.37 - 91.62,52.37,91.62,20.652740797672312,3.6552416
BBAS3,BBAS3,Banco do Brasil S.A.,BRL,20.9,21.06,20.46,20.46 - 21.06,0.07,0.34,2026-07-29T19:40:30.000Z,119122945306.0,11364900,20.89,20.75,18.12 - 27.81,18.12,27.81,9.427153811456924,2.2170252
BBDC4,BBDC4,Banco Bradesco SA Pfd,BRL,18.41,18.66,18.36,18.36 - 18.66,-0.36,-1.92,2026-07-29T19:40:30.000Z,185781653777.0,16532200,18.41,18.65,15.39 - 22.12,15.39,22.12,8.376177260111925,2.1979396
PETR4,PETR4,Petroleo Brasileiro SA Pfd,BRL,42.11,42.4,41.75,41.75 - 42.4,0.9,2.18,2026-07-29T20:07:30.000Z,564345545617.0,28870200,42.11,42.16,29.31 - 50.69,29.31,50.69,5.044865881563657,8.347058
VALE3,VALE3,Vale S.A.,BRL,75.18,76.2,74.61,74.61 - 76.2,-0.51,-0.67,2026-07-29T20:08:30.000Z,315546410007.0,10639600,75.22,76.01,52.37 - 91.62,52.37,91.62,20.63627130740304,3.6552416
BBAS3,BBAS3,Banco do Brasil S.A.,BRL,20.84,21.06,20.46,20.46 - 21.06,0.01,0.05,2026-07-29T20:08:30.000Z,119122945306.0,12719100,20.85,20.75,18.12 - 27.81,18.12,27.81,9.400090211998195,2.2170252
BBDC4,BBDC4,Banco Bradesco SA Pfd,BRL,18.37,18.66,18.36,18.36 - 18.66,-0.4,-2.13,2026-07-29T20:07:30.000Z,185781653777.0,18397100,18.39,18.65,15.39 - 22.12,15.39,22.12,8.357978069975886,2.1979396
PETR4,PETR4,Petroleo Brasileiro SA Pfd,BRL,42.0,42.4,41.75,41.75 - 42.4,0.79,1.92,2026-07-29T20:31:30.000Z,564345545617.0,31398400,42.07,42.16,29.31 - 50.69,29.31,50.69,5.031687651998898,8.347058
VALE3,VALE3,Vale S.A.,BRL,75.05,76.2,74.61,74.61 - 76.2,-0.64,-0.85,2026-07-29T20:31:30.000Z,315546410007.0,12236700,75.1,76.01,52.37 - 91.62,52.37,91.62,20.600587411819603,3.6552416
BBAS3,BBAS3,Banco do Brasil S.A.,BRL,20.78,21.06,20.46,20.46 - 21.06,-0.05,-0.24,2026-07-29T20:31:30.000Z,119122945306.0,14676500,20.86,20.75,18.12 - 27.81,18.12,27.81,9.373026612539467,2.2170252
BBDC4,BBDC4,Banco Bradesco SA Pfd,BRL,18.35,18.66,18.35,18.35 - 18.66,-0.42,-2.24,2026-07-29T20:31:30.000Z,185781653777.0,22332400,18.37,18.65,15.39 - 22.12,15.39,22.12,8.348878474907867,2.1979396
PETR4,PETR4,Petroleo Brasileiro SA Pfd,BRL,42.0,42.4,41.75,41.75 - 42.4,0.79,1.92,2026-07-29T21:01:30.000Z,564345545617.0,31426900,42.07,42.16,29.31 - 50.69,29.31,50.69,5.031687651998898,8.347058
VALE3,VALE3,Vale S.A.,BRL,75.05,76.2,74.61,74.61 - 76.2,-0.64,-0.85,2026-07-29T21:00:30.000Z,315546410007.0,12258900,75.1,76.01,52.37 - 91.62,52.37,91.62,20.600587411819603,3.6552416
BBAS3,BBAS3,Banco do Brasil S.A.,BRL,20.78,21.06,20.46,20.46 - 21.06,-0.05,-0.24,2026-07-29T21:00:30.000Z,119122945306.0,14702000,20.86,20.75,18.12 - 27.81,18.12,27.81,9.373026612539467,2.2170252
BBDC4,BBDC4,Banco Bradesco SA Pfd,BRL,18.35,18.66,18.35,18.35 - 18.66,-0.42,-2.24,2026-07-29T21:00:30.000Z,185781653777.0,22427500,18.37,18.65,15.39 - 22.12,15.39,22.12,8.348878474907867,2.1979396
PETR4,PETR4,Petroleo Brasileiro SA Pfd,BRL,42.16,42.2,41.82,41.82 - 42.2,0.16,0.38,2026-07-30T13:47:30.000Z,576653437621.0,1796100,42.18,42.0,29.31 - 50.69,29.31,50.69,5.050855985911275,8.347058
VALE3,VALE3,Vale S.A.,BRL,75.75,76.56,75.71,75.71 - 76.56,0.7,0.93,2026-07-30T13:47:30.000Z,312878296607.0,2913900,75.8,75.98,52.86 - 91.62,52.86,91.62,20.79273146496116,3.6552416
BBAS3,BBAS3,Banco do Brasil S.A.,BRL,20.91,20.98,20.82,20.82 - 20.98,0.13,0.63,2026-07-30T13:48:30.000Z,118837008849.0,843300,20.91,20.91,18.12 - 27.81,18.12,27.81,9.431664411366713,2.2170252
BBDC4,BBDC4,Banco Bradesco SA Pfd,BRL,17.98,18.03,17.72,17.72 - 18.03,-0.37,-2.02,2026-07-30T13:48:30.000Z,181609741813.0,12790800,17.98,17.98,15.51 - 22.12,15.51,22.12,8.180535966149506,2.1979396
PETR4,PETR4,Petroleo Brasileiro SA Pfd,BRL,42.09,42.2,41.82,41.82 - 42.2,0.09,0.21,2026-07-30T14:54:30.000Z,576653437621.0,5276000,42.09,42.0,29.31 - 50.69,29.31,50.69,5.04246983982461,8.347058
VALE3,VALE3,Vale S.A.,BRL,75.1,76.56,74.61,74.61 - 76.56,0.05,0.07,2026-07-30T14:54:30.000Z,312878296607.0,7039000,75.13,75.98,52.86 - 91.62,52.86,91.62,20.614311987044,3.6552416
BBAS3,BBAS3,Banco do Brasil S.A.,BRL,20.91,20.98,20.78,20.78 - 20.98,0.13,0.63,2026-07-30T14:53:30.000Z,118837008849.0,2829000,20.92,20.91,18.12 - 27.81,18.12,27.81,9.431664411366713,2.2170252
BBDC4,BBDC4,Banco Bradesco SA Pfd,BRL,18.16,18.17,17.72,17.72 - 18.17,-0.19,-1.04,2026-07-30T14:54:30.000Z,181609741813.0,26616000,18.16,17.98,15.51 - 22.12,15.51,22.12,8.26243232176168,2.1979396
PETR4,PETR4,Petroleo Brasileiro SA Pfd,BRL,42.25,42.28,41.82,41.82 - 42.28,0.25,0.6,2026-07-30T15:47:30.000Z,576653437621.0,7764000,42.26,42.0,29.31 - 50.69,29.31,50.69,5.061638173736987,8.347058
VALE3,VALE3,Vale S.A.,BRL,75.16,76.56,74.61,74.61 - 76.56,0.11,0.15,2026-07-30T15:48:30.000Z,312878296607.0,7881300,75.16,75.98,52.86 - 91.62,52.86,91.62,20.63078147731328,3.6552416
BBAS3,BBAS3,Banco do Brasil S.A.,BRL,21.01,21.06,20.78,20.78 - 21.06,0.23,1.11,2026-07-30T15:48:30.000Z,118837008849.0,5250300,21.01,20.91,18.12 - 27.81,18.12,27.81,9.476770410464592,2.2170252
BBDC4,BBDC4,Banco Bradesco SA Pfd,BRL,18.2,18.2,17.72,17.72 - 18.2,-0.15,-0.82,2026-07-30T15:47:30.000Z,181609741813.0,30319600,18.2,17.98,15.51 - 22.12,15.51,22.12,8.28063151189772,2.1979396
PETR4,PETR4,Petroleo Brasileiro SA Pfd,BRL,42.41,42.43,41.82,41.82 - 42.43,0.41,0.98,2026-07-30T16:42:30.000Z,576653437621.0,10148900,42.41,42.0,29.31 - 50.69,29.31,50.69,5.080806507649363,8.347058
VALE3,VALE3,Vale S.A.,BRL,75.3,76.56,74.61,74.61 - 76.56,0.25,0.33,2026-07-30T16:42:30.000Z,312878296607.0,8590600,75.3,75.98,52.86 - 91.62,52.86,91.62,20.66921028794159,3.6552416
BBAS3,BBAS3,Banco do Brasil S.A.,BRL,21.02,21.06,20.78,20.78 - 21.06,0.24,1.15,2026-07-30T16:42:30.000Z,118837008849.0,7776100,21.03,20.91,18.12 - 27.81,18.12,27.81,9.48128101037438,2.2170252
BBDC4,BBDC4,Banco Bradesco SA Pfd,BRL,18.35,18.35,17.72,17.72 - 18.35,0.0,0.0,2026-07-30T16:43:30.000Z,181609741813.0,32850000,18.35,17.98,15.51 - 22.12,15.51,22.12,8.348878474907867,2.1979396
PETR4,PETR4,Petroleo Brasileiro SA Pfd,BRL,42.48,42.55,41.82,41.82 - 42.55,0.48,1.14,2026-07-30T17:43:30.000Z,576653437621.0,12782500,42.48,42.0,29.31 - 50.69,29.31,50.69,5.089192653736028,8.347058
VALE3,VALE3,Vale S.A.,BRL,75.51,76.56,74.61,74.61 - 76.56,0.46,0.61,2026-07-30T17:43:30.000Z,312878296607.0,10170000,75.52,75.98,52.86 - 91.62,52.86,91.62,20.72685350388405,3.6552416
BBAS3,BBAS3,Banco do Brasil S.A.,BRL,21.04,21.06,20.78,20.78 - 21.06,0.26,1.25,2026-07-30T17:43:30.000Z,118837008849.0,8902400,21.04,20.91,18.12 - 27.81,18.12,27.81,9.490302210193954,2.2170252
BBDC4,BBDC4,Banco Bradesco SA Pfd,BRL,18.21,18.38,17.72,17.72 - 18.38,-0.14,-0.76,2026-07-30T17:43:30.000Z,181609741813.0,35504700,18.21,17.98,15.51 - 22.12,15.51,22.12,8.28518130943173,2.1979396
PETR4,PETR4,Petroleo Brasileiro SA Pfd,BRL,42.47,42.55,41.82,41.82 - 42.55,0.47,1.12,2026-07-30T18:41:30.000Z,576653437621.0,15627900,42.47,42.0,29.31 - 50.69,29.31,50.69,5.087994632866505,8.347058
VALE3,VALE3,Vale S.A.,BRL,75.51,76.56,74.61,74.61 - 76.56,0.46,0.61,2026-07-30T18:41:30.000Z,312878296607.0,11146300,75.51,75.98,52.86 - 91.62,52.86,91.62,20.72685350388405,3.6552416
BBAS3,BBAS3,Banco do Brasil S.A.,BRL,21.08,21.09,20.78,20.78 - 21.09,0.3,1.44,2026-07-30T18:41:30.000Z,118837008849.0,10017400,21.09,20.91,18.12 - 27.81,18.12,27.81,9.508344609833106,2.2170252
BBDC4,BBDC4,Banco Bradesco SA Pfd,BRL,18.28,18.38,17.72,17.72 - 18.38,-0.07,-0.38,2026-07-30T18:41:30.000Z,181609741813.0,37850600,18.28,17.98,15.51 - 22.12,15.51,22.12,8.317029892169797,2.1979396
PETR4,PETR4,Petroleo Brasileiro SA Pfd,BRL,42.55,42.58,41.82,41.82 - 42.58,0.55,1.31,2026-07-30T19:10:30.000Z,576653437621.0,17076500,42.55,42.0,29.31 - 50.69,29.31,50.69,5.097578799822693,8.347058
VALE3,VALE3,Vale S.A.,BRL,75.61,76.56,74.61,74.61 - 76.56,0.56,0.75,2026-07-30T19:10:30.000Z,312878296607.0,11873600,75.6,75.98,52.86 - 91.62,52.86,91.62,20.754302654332847,3.6552416
BBAS3,BBAS3,Banco do Brasil S.A.,BRL,21.11,21.12,20.78,20.78 - 21.12,0.33,1.59,2026-07-30T19:10:30.000Z,118837008849.0,11118300,21.11,20.91,18.12 - 27.81,18.12,27.81,9.521876409562472,2.2170252
BBDC4,BBDC4,Banco Bradesco SA Pfd,BRL,18.29,18.38,17.72,17.72 - 18.38,-0.06,-0.33,2026-07-30T19:11:30.000Z,181609741813.0,38923400,18.29,17.98,15.51 - 22.12,15.51,22.12,8.321579689703807,2.1979396
PETR4,PETR4,Petroleo Brasileiro SA Pfd,BRL,42.72,42.72,41.82,41.82 - 42.72,0.72,1.71,2026-07-30T19:47:30.000Z,576653437621.0,19729400,42.72,42.0,29.31 - 50.69,29.31,50.69,5.117945154604594,8.347058
VALE3,VALE3,Vale S.A.,BRL,75.93,76.56,74.61,74.61 - 76.56,0.88,1.17,2026-07-30T19:46:30.000Z,312878296607.0,13072800,75.93,75.98,52.86 - 91.62,52.86,91.62,20.84213993576899,3.6552416
BBAS3,BBAS3,Banco do Brasil S.A.,BRL,21.15,21.18,20.78,20.78 - 21.18,0.37,1.78,2026-07-30T19:47:30.000Z,118837008849.0,12561200,21.15,20.91,18.12 - 27.81,18.12,27.81,9.539918809201623,2.2170252
BBDC4,BBDC4,Banco Bradesco SA Pfd,BRL,18.31,18.38,17.72,17.72 - 18.38,-0.04,-0.22,2026-07-30T19:46:30.000Z,181609741813.0,41196100,18.33,17.98,15.51 - 22.12,15.51,22.12,8.330679284771826,2.1979396
PETR4,PETR4,Petroleo Brasileiro SA Pfd,BRL,42.84,42.84,41.82,41.82 - 42.84,0.84,2.0,2026-07-30T20:36:30.000Z,576653437621.0,25221800,42.69,42.0,29.31 - 50.69,29.31,50.69,5.132321405038876,8.347058
VALE3,VALE3,Vale S.A.,BRL,76.09,76.56,74.61,74.61 - 76.56,1.04,1.39,2026-07-30T20:36:30.000Z,312878296607.0,16715600,75.91,75.98,52.86 - 91.62,52.86,91.62,20.88605857648706,3.6552416
BBAS3,BBAS3,Banco do Brasil S.A.,BRL,21.19,21.2,20.78,20.78 - 21.2,0.41,1.97,2026-07-30T20:36:30.000Z,118837008849.0,15856500,21.18,20.91,18.12 - 27.81,18.12,27.81,9.557961208840776,2.2170252
BBDC4,BBDC4,Banco Bradesco SA Pfd,BRL,18.39,18.39,17.72,17.72 - 18.39,0.04,0.22,2026-07-30T20:36:30.000Z,181609741813.0,47835600,18.35,17.98,15.51 - 22.12,15.51,22.12,8.367077665043904,2.1979396
PETR4,PETR4,Petroleo Brasileiro SA Pfd,BRL,42.84,42.84,41.82,41.82 - 42.84,0.84,2.0,2026-07-30T21:02:30.000Z,576653437621.0,25256700,42.69,42.0,29.31 - 50.69,29.31,50.69,5.132321405038876,8.347058
VALE3,VALE3,Vale S.A.,BRL,76.09,76.56,74.61,74.61 - 76.56,1.04,1.39,2026-07-30T21:02:30.000Z,312878296607.0,16726500,75.91,75.98,52.86 - 91.62,52.86,91.62,20.88605857648706,3.6552416
BBAS3,BBAS3,Banco do Brasil S.A.,BRL,21.19,21.2,20.78,20.78 - 21.2,0.41,1.97,2026-07-30T21:03:30.000Z,118837008849.0,15889900,21.18,20.91,18.12 - 27.81,18.12,27.81,9.557961208840776,2.2170252
BBDC4,BBDC4,Banco Bradesco SA Pfd,BRL,18.39,18.39,17.72,17.72 - 18.39,0.04,0.22,2026-07-30T21:02:30.000Z,181609741813.0,47860000,18.35,17.98,15.51 - 22.12,15.51,22.12,8.367077665043904,2.1979396
PETR4,PETR4,Petroleo Brasileiro SA Pfd,BRL,42.84,42.84,41.82,41.82 - 42.84,0.84,2.0,2026-07-31T13:48:30.000Z,588854806593.0,25268900,42.69,42.0,29.31 - 50.69,29.31,50.69,5.132321405038876,8.347058
VALE3,VALE3,Vale S.A.,BRL,76.09,76.56,74.61,74.61 - 76.56,1.04,1.39,2026-07-31T13:48:30.000Z,317213957028.0,16732800,75.91,75.98,52.86 - 91.62,52.86,91.62,20.88605857648706,3.6552416
BBAS3,BBAS3,Banco do Brasil S.A.,BRL,21.19,21.2,20.78,20.78 - 21.2,0.41,1.97,2026-07-31T13:48:30.000Z,121181722703.0,15920200,21.18,20.91,18.12 - 27.81,18.12,27.81,9.557961208840776,2.2170252
BBDC4,BBDC4,Banco Bradesco SA Pfd,BRL,18.39,18.39,17.72,17.72 - 18.39,0.04,0.22,2026-07-31T13:48:30.000Z,181556455277.0,47934600,18.35,17.98,15.51 - 22.12,15.51,22.12,8.367077665043904,2.1979396
PETR4,PETR4,Petroleo Brasileiro SA Pfd,BRL,42.84,42.84,41.82,41.82 - 42.84,0.84,2.0,2026-07-31T15:00:30.000Z,588854806593.0,25268900,42.69,42.0,29.31 - 50.69,29.31,50.69,5.132321405038876,8.347058
VALE3,VALE3,Vale S.A.,BRL,76.09,76.56,74.61,74.61 - 76.56,1.04,1.39,2026-07-31T15:00:30.000Z,317213957028.0,16732800,75.91,75.98,52.86 - 91.62,52.86,91.62,20.88605857648706,3.6552416
BBAS3,BBAS3,Banco do Brasil S.A.,BRL,21.19,21.2,20.78,20.78 - 21.2,0.41,1.97,2026-07-31T14:59:33.000Z,121181722703.0,15920200,21.18,20.91,18.12 - 27.81,18.12,27.81,9.557961208840776,2.2170252
BBDC4,BBDC4,Banco Bradesco SA Pfd,BRL,18.39,18.39,17.72,17.72 - 18.39,0.04,0.22,2026-07-31T15:00:30.000Z,181556455277.0,47934600,18.35,17.98,15.51 - 22.12,15.51,22.12,8.367077665043904,2.1979396
PETR4,PETR4,Petroleo Brasileiro SA Pfd,BRL,42.84,42.84,41.82,41.82 - 42.84,0.84,2.0,2026-07-31T15:49:30.000Z,588854806593.0,25268900,42.69,42.0,29.31 - 50.69,29.31,50.69,5.132321405038876,8.347058
VALE3,VALE3,Vale S.A.,BRL,76.09,76.56,74.61,74.61 - 76.56,1.04,1.39,2026-07-31T15:49:30.000Z,317213957028.0,16732800,75.91,75.98,52.86 - 91.62,52.86,91.62,20.88605857648706,3.6552416
BBAS3,BBAS3,Banco do Brasil S.A.,BRL,21.19,21.2,20.78,20.78 - 21.2,0.41,1.97,2026-07-31T15:49:30.000Z,121181722703.0,15920200,21.18,20.91,18.12 - 27.81,18.12,27.81,9.557961208840776,2.2170252
BBDC4,BBDC4,Banco Bradesco SA Pfd,BRL,18.39,18.39,17.72,17.72 - 18.39,0.04,0.22,2026-07-31T15:49:30.000Z,181556455277.0,47934600,18.35,17.98,15.51 - 22.12,15.51,22.12,8.367077665043904,2.1979396
PETR4,PETR4,Petroleo Brasileiro SA Pfd,BRL,43.2,43.2,42.86,42.86 - 43.2,0.36,0.84,2026-07-31T16:46:30.000Z,588854806593.0,3388600,43.18,43.0,29.31 - 50.69,29.31,50.69,5.175450156341724,8.347058
VALE3,VALE3,Vale S.A.,BRL,75.66,76.27,75.24,75.24 - 76.27,-0.43,-0.57,2026-07-31T16:46:30.000Z,317213957028.0,3398200,75.66,75.7,52.86 - 91.62,52.86,91.62,20.768027229557244,3.6552416
BBAS3,BBAS3,Banco do Brasil S.A.,BRL,21.35,21.35,21.09,21.09 - 21.35,0.16,0.76,2026-07-31T16:45:30.000Z,121181722703.0,2729000,21.35,21.25,18.46 - 27.81,18.46,27.81,9.630130807397384,2.2170252
BBDC4,BBDC4,Banco Bradesco SA Pfd,BRL,18.59,18.72,18.48,18.48 - 18.72,0.2,1.09,2026-07-31T16:45:30.000Z,181556455277.0,7423200,18.59,18.51,15.6 - 22.12,15.6,22.12,8.4580736157241,2.1979396
PETR4,PETR4,Petroleo Brasileiro SA Pfd,BRL,43.37,43.4,42.86,42.86 - 43.4,0.53,1.24,2026-07-31T17:45:30.000Z,588854806593.0,6793900,43.37,43.0,29.31 - 50.69,29.31,50.69,5.195816511123624,8.347058
VALE3,VALE3,Vale S.A.,BRL,76.69,76.74,75.24,75.24 - 76.74,0.6,0.79,2026-07-31T17:45:30.000Z,317213957028.0,8850000,76.7,75.7,52.86 - 91.62,52.86,91.62,21.05075347917981,3.6552416
BBAS3,BBAS3,Banco do Brasil S.A.,BRL,21.14,21.36,21.09,21.09 - 21.36,-0.05,-0.24,2026-07-31T17:45:30.000Z,121181722703.0,5126100,21.14,21.25,18.46 - 27.81,18.46,27.81,9.535408209291836,2.2170252
BBDC4,BBDC4,Banco Bradesco SA Pfd,BRL,18.54,18.72,18.48,18.48 - 18.72,0.15,0.82,2026-07-31T17:45:30.000Z,181556455277.0,11655900,18.55,18.51,15.6 - 22.12,15.6,22.12,8.435324628054051,2.1979396
PETR4,PETR4,Petroleo Brasileiro SA Pfd,BRL,43.47,43.55,42.86,42.86 - 43.55,0.63,1.47,2026-07-31T18:41:30.000Z,588854806593.0,11632700,43.48,43.0,29.31 - 50.69,29.31,50.69,5.20779671981886,8.347058
VALE3,VALE3,Vale S.A.,BRL,76.59,76.93,75.24,75.24 - 76.93,0.5,0.66,2026-07-31T18:41:30.000Z,317213957028.0,11038600,76.59,75.7,52.86 - 91.62,52.86,91.62,21.023304328731022,3.6552416
BBAS3,BBAS3,Banco do Brasil S.A.,BRL,21.19,21.36,21.06,21.06 - 21.36,0.0,0.0,2026-07-31T18:41:30.000Z,121181722703.0,17232600,21.2,21.25,18.46 - 27.81,18.46,27.81,9.557961208840776,2.2170252
BBDC4,BBDC4,Banco Bradesco SA Pfd,BRL,18.55,18.72,18.48,18.48 - 18.72,0.16,0.87,2026-07-31T18:41:30.000Z,181556455277.0,13371300,18.57,18.51,15.6 - 22.12,15.6,22.12,8.43987442558806,2.1979396
PETR4,PETR4,Petroleo Brasileiro SA Pfd,BRL,43.44,43.55,42.86,42.86 - 43.55,0.6,1.4,2026-07-31T19:10:30.000Z,588854806593.0,13365700,43.44,43.0,29.31 - 50.69,29.31,50.69,5.204202657210288,8.347058
VALE3,VALE3,Vale S.A.,BRL,76.7,76.93,75.24,75.24 - 76.93,0.61,0.8,2026-07-31T19:10:30.000Z,317213957028.0,12330700,76.7,75.7,52.86 - 91.62,52.86,91.62,21.0534983942247,3.6552416
BBAS3,BBAS3,Banco do Brasil S.A.,BRL,21.26,21.36,21.06,21.06 - 21.36,0.07,0.33,2026-07-31T19:10:30.000Z,121181722703.0,19621900,21.26,21.25,18.46 - 27.81,18.46,27.81,9.589535408209292,2.2170252
BBDC4,BBDC4,Banco Bradesco SA Pfd,BRL,18.55,18.72,18.48,18.48 - 18.72,0.16,0.87,2026-07-31T19:10:30.000Z,181556455277.0,15219900,18.55,18.51,15.6 - 22.12,15.6,22.12,8.43987442558806,2.1979396
PETR4,PETR4,Petroleo Brasileiro SA Pfd,BRL,43.42,43.55,42.86,42.86 - 43.55,0.58,1.35,2026-07-31T19:47:30.000Z,588854806593.0,15627800,43.42,43.0,29.31 - 50.69,29.31,50.69,5.201806615471242,8.347058
VALE3,VALE3,Vale S.A.,BRL,76.42,76.93,75.24,75.24 - 76.93,0.33,0.43,2026-07-31T19:47:30.000Z,317213957028.0,13465200,76.46,75.7,52.86 - 91.62,52.86,91.62,20.97664077296808,3.6552416
BBAS3,BBAS3,Banco do Brasil S.A.,BRL,21.28,21.36,21.06,21.06 - 21.36,0.09,0.42,2026-07-31T19:47:30.000Z,121181722703.0,20766800,21.27,21.25,18.46 - 27.81,18.46,27.81,9.598556608028868,2.2170252
BBDC4,BBDC4,Banco Bradesco SA Pfd,BRL,18.49,18.72,18.47,18.47 - 18.72,0.1,0.54,2026-07-31T19:47:30.000Z,181556455277.0,17213400,18.48,18.51,15.6 - 22.12,15.6,22.12,8.412575640384002,2.1979396
PETR4,PETR4,Petroleo Brasileiro SA Pfd,BRL,43.42,43.55,42.86,42.86 - 43.55,0.58,1.35,2026-07-31T20:36:30.000Z,588854806593.0,24943600,43.43,43.0,29.31 - 50.69,29.31,50.69,5.201806615471242,8.347058
VALE3,VALE3,Vale S.A.,BRL,76.28,76.93,75.24,75.24 - 76.93,0.19,0.25,2026-07-31T20:36:30.000Z,317213957028.0,17341900,76.34,75.7,52.86 - 91.62,52.86,91.62,20.938211962339764,3.6552416
BBAS3,BBAS3,Banco do Brasil S.A.,BRL,21.35,21.36,21.06,21.06 - 21.36,0.16,0.76,2026-07-31T20:36:30.000Z,121181722703.0,28477000,21.24,21.25,18.46 - 27.81,18.46,27.81,9.630130807397384,2.2170252
BBDC4,BBDC4,Banco Bradesco SA Pfd,BRL,18.43,18.72,18.43,18.43 - 18.72,0.04,0.22,2026-07-31T20:36:30.000Z,181556455277.0,25187300,18.49,18.51,15.6 - 22.12,15.6,22.12,8.385276855179944,2.1979396
PETR4,PETR4,Petroleo Brasileiro SA Pfd,BRL,43.42,43.55,42.86,42.86 - 43.55,0.58,1.35,2026-07-31T21:01:30.000Z,588854806593.0,24943600,43.43,43.0,29.31 - 50.69,29.31,50.69,5.201806615471242,8.347058
VALE3,VALE3,Vale S.A.,BRL,76.28,76.93,75.24,75.24 - 76.93,0.19,0.25,2026-07-31T21:02:30.000Z,317213957028.0,17341900,76.34,75.7,52.86 - 91.62,52.86,91.62,20.938211962339764,3.6552416
BBAS3,BBAS3,Banco do Brasil S.A.,BRL,21.35,21.36,21.06,21.06 - 21.36,0.16,0.76,2026-07-31T21:01:30.000Z,121181722703.0,28477000,21.24,21.25,18.46 - 27.81,18.46,27.81,9.630130807397384,2.2170252
BBDC4,BBDC4,Banco Bradesco SA Pfd,BRL,18.43,18.72,18.43,18.43 - 18.72,0.04,0.22,2026-07-31T21:01:30.000Z,181556455277.0,25187300,18.49,18.51,15.6 - 22.12,15.6,22.12,8.385276855179944,2.1979396
PETR4,PETR4,Petroleo Brasileiro SA Pfd,BRL,43.42,43.55,42.86,42.86 - 43.55,0.58,1.35,2026-07-31T21:23:30.000Z,588854806593.0,24943600,43.43,43.0,29.31 - 50.69,29.31,50.69,5.201806615471242,8.347058
VALE3,VALE3,Vale S.A.,BRL,76.28,76.93,75.24,75.24 - 76.93,0.19,0.25,2026-07-31T21:24:30.000Z,317213957028.0,17341900,76.34,75.7,52.86 - 91.62,52.86,91.62,20.938211962339764,3.6552416
BBAS3,BBAS3,Banco do Brasil S.A.,BRL,21.35,21.36,21.06,21.06 - 21.36,0.16,0.76,2026-07-31T21:23:30.000Z,121181722703.0,28477000,21.24,21.25,18.46 - 27.81,18.46,27.81,9.630130807397384,2.2170252
BBDC4,BBDC4,Banco Bradesco SA Pfd,BRL,18.43,18.72,18.43,18.43 - 18.72,0.04,0.22,2026-07-31T21:22:30.000Z,181556455277.0,25187300,18.49,18.51,15.6 - 22.12,15.6,22.12,8.385276855179944,2.1979396
PETR4,PETR4,Petroleo Brasileiro SA Pfd,BRL,42.59,42.75,42.35,42.35 - 42.75,-0.83,-1.91,2026-08-03T13:57:30.000Z,595582071394.0,5791900,42.58,42.4,29.31 - 50.69,29.31,50.69,5.102370883300788,8.347058
VALE3,VALE3,Vale S.A.,BRL,74.4,76.48,74.17,74.17 - 76.48,-1.88,-2.46,2026-08-03T13:58:30.000Z,318006064127.0,4179900,74.4,76.38,52.86 - 91.62,52.86,91.62,20.422167933902447,3.6552416
BBAS3,BBAS3,Banco do Brasil S.A.,BRL,21.4,21.58,21.32,21.32 - 21.58,0.05,0.23,2026-08-03T13:57:30.000Z,122096732455.0,1597800,21.4,21.4,18.58 - 27.81,18.58,27.81,9.652683806946325,2.2170252
BBDC4,BBDC4,Banco Bradesco SA Pfd,BRL,18.56,18.69,18.5,18.5 - 18.69,0.13,0.71,2026-08-03T13:58:30.000Z,181767503701.0,2652100,18.56,18.65,15.61 - 22.12,15.61,22.12,8.44442422312207,2.1979396
PETR4,PETR4,Petroleo Brasileiro SA Pfd,BRL,42.96,43.02,42.35,42.35 - 43.02,-0.46,-1.06,2026-08-03T15:11:30.000Z,595582071394.0,10335600,42.96,42.4,29.31 - 50.69,29.31,50.69,5.146697655473159,8.347058
VALE3,VALE3,Vale S.A.,BRL,74.4,76.48,74.03,74.03 - 76.48,-1.88,-2.46,2026-08-03T15:11:30.000Z,318006064127.0,10488000,74.37,76.38,52.86 - 91.62,52.86,91.62,20.422167933902447,3.6552416
BBAS3,BBAS3,Banco do Brasil S.A.,BRL,21.26,21.58,21.23,21.23 - 21.58,-0.09,-0.42,2026-08-03T15:10:30.000Z,122096732455.0,3067000,21.26,21.4,18.58 - 27.81,18.58,27.81,9.589535408209292,2.2170252
BBDC4,BBDC4,Banco Bradesco SA Pfd,BRL,18.44,18.69,18.37,18.37 - 18.69,0.01,0.05,2026-08-03T15:11:30.000Z,181767503701.0,7126500,18.45,18.65,15.61 - 22.12,15.61,22.12,8.389826652713953,2.1979396
PETR4,PETR4,Petroleo Brasileiro SA Pfd,BRL,43.01,43.09,42.35,42.35 - 43.09,-0.41,-0.94,2026-08-03T16:05:30.000Z,595582071394.0,12739700,43.01,42.4,29.31 - 50.69,29.31,50.69,5.152687759820776,8.347058
VALE3,VALE3,Vale S.A.,BRL,74.25,76.48,74.03,74.03 - 76.48,-2.03,-2.66,2026-08-03T16:05:30.000Z,318006064127.0,12466600,74.26,76.38,52.86 - 91.62,52.86,91.62,20.380994208229254,3.6552416
BBAS3,BBAS3,Banco do Brasil S.A.,BRL,21.26,21.58,21.23,21.23 - 21.58,-0.09,-0.42,2026-08-03T16:05:30.000Z,122096732455.0,3841300,21.26,21.4,18.58 - 27.81,18.58,27.81,9.589535408209292,2.2170252
BBDC4,BBDC4,Banco Bradesco SA Pfd,BRL,18.47,18.69,18.37,18.37 - 18.69,0.04,0.22,2026-08-03T16:04:30.000Z,181767503701.0,8902900,18.48,18.65,15.61 - 22.12,15.61,22.12,8.403476045315982,2.1979396
PETR4,PETR4,Petroleo Brasileiro SA Pfd,BRL,42.98,43.09,42.35,42.35 - 43.09,-0.44,-1.01,2026-08-03T16:57:30.000Z,595582071394.0,13888500,42.98,42.4,29.31 - 50.69,29.31,50.69,5.149093697212206,8.347058
VALE3,VALE3,Vale S.A.,BRL,74.26,76.48,74.03,74.03 - 76.48,-2.02,-2.65,2026-08-03T16:56:30.000Z,318006064127.0,13889900,74.26,76.38,52.86 - 91.62,52.86,91.62,20.383739123274136,3.6552416
BBAS3,BBAS3,Banco do Brasil S.A.,BRL,21.2,21.58,21.17,21.17 - 21.58,-0.15,-0.7,2026-08-03T16:56:30.000Z,122096732455.0,4555700,21.19,21.4,18.58 - 27.81,18.58,27.81,9.562471808750564,2.2170252
BBDC4,BBDC4,Banco Bradesco SA Pfd,BRL,18.45,18.69,18.37,18.37 - 18.69,0.02,0.11,2026-08-03T16:56:30.000Z,181767503701.0,10375800,18.44,18.65,15.61 - 22.12,15.61,22.12,8.394376450247963,2.1979396
PETR4,PETR4,Petroleo Brasileiro SA Pfd,BRL,42.8,43.09,42.35,42.35 - 43.09,-0.62,-1.43,2026-08-03T17:47:30.000Z,595582071394.0,15423500,42.8,42.4,29.31 - 50.69,29.31,50.69,5.127529321560782,8.347058
VALE3,VALE3,Vale S.A.,BRL,74.44,76.48,73.95,73.95 - 76.48,-1.84,-2.41,2026-08-03T17:47:30.000Z,318006064127.0,15579600,74.44,76.38,52.86 - 91.62,52.86,91.62,20.43314759408196,3.6552416
BBAS3,BBAS3,Banco do Brasil S.A.,BRL,21.23,21.58,21.17,21.17 - 21.58,-0.12,-0.56,2026-08-03T17:47:30.000Z,122096732455.0,5165000,21.22,21.4,18.58 - 27.81,18.58,27.81,9.576003608479928,2.2170252
BBDC4,BBDC4,Banco Bradesco SA Pfd,BRL,18.5,18.69,18.37,18.37 - 18.69,0.07,0.38,2026-08-03T17:47:30.000Z,181767503701.0,11615200,18.48,18.65,15.61 - 22.12,15.61,22.12,8.417125437918012,2.1979396
PETR4,PETR4,Petroleo Brasileiro SA Pfd,BRL,42.86,43.09,42.35,42.35 - 43.09,-0.56,-1.29,2026-08-03T18:47:30.000Z,595582071394.0,17523300,42.87,42.4,29.31 - 50.69,29.31,50.69,5.134717446777923,8.347058
VALE3,VALE3,Vale S.A.,BRL,74.43,76.48,73.95,73.95 - 76.48,-1.85,-2.43,2026-08-03T18:47:30.000Z,318006064127.0,17159200,74.43,76.38,52.86 - 91.62,52.86,91.62,20.430402679037087,3.6552416
BBAS3,BBAS3,Banco do Brasil S.A.,BRL,21.29,21.58,21.17,21.17 - 21.58,-0.06,-0.28,2026-08-03T18:47:30.000Z,122096732455.0,5997100,21.29,21.4,18.58 - 27.81,18.58,27.81,9.603067207938656,2.2170252
BBDC4,BBDC4,Banco Bradesco SA Pfd,BRL,18.51,18.69,18.37,18.37 - 18.69,0.08,0.43,2026-08-03T18:47:30.000Z,181767503701.0,13015100,18.51,18.65,15.61 - 22.12,15.61,22.12,8.421675235452023,2.1979396
PETR4,PETR4,Petroleo Brasileiro SA Pfd,BRL,42.87,43.09,42.35,42.35 - 43.09,-0.55,-1.27,2026-08-03T19:45:30.000Z,595582071394.0,19649700,42.87,42.4,29.31 - 50.69,29.31,50.69,5.135915467647447,8.347058
VALE3,VALE3,Vale S.A.,BRL,74.37,76.48,73.95,73.95 - 76.48,-1.91,-2.5,2026-08-03T19:45:30.000Z,318006064127.0,19366800,74.37,76.38,52.86 - 91.62,52.86,91.62,20.41393318876781,3.6552416
BBAS3,BBAS3,Banco do Brasil S.A.,BRL,21.28,21.58,21.17,21.17 - 21.58,-0.07,-0.33,2026-08-03T19:45:30.000Z,122096732455.0,6915000,21.28,21.4,18.58 - 27.81,18.58,27.81,9.598556608028868,2.2170252
BBDC4,BBDC4,Banco Bradesco SA Pfd,BRL,18.55,18.69,18.37,18.37 - 18.69,0.12,0.65,2026-08-03T19:45:30.000Z,181767503701.0,15485200,18.55,18.65,15.61 - 22.12,15.61,22.12,8.43987442558806,2.1979396
PETR4,PETR4,Petroleo Brasileiro SA Pfd,BRL,43.05,43.09,42.35,42.35 - 43.09,-0.37,-0.85,2026-08-03T20:38:30.000Z,595582071394.0,24383300,42.9,42.4,29.31 - 50.69,29.31,50.69,5.15747984329887,8.347058
VALE3,VALE3,Vale S.A.,BRL,74.64,76.48,73.95,73.95 - 76.48,-1.64,-2.15,2026-08-03T20:38:30.000Z,318006064127.0,23548400,74.51,76.38,52.86 - 91.62,52.86,91.62,20.48804589497955,3.6552416
BBAS3,BBAS3,Banco do Brasil S.A.,BRL,21.27,21.58,21.17,21.17 - 21.58,-0.08,-0.37,2026-08-03T20:38:30.000Z,122096732455.0,8326900,21.28,21.4,18.58 - 27.81,18.58,27.81,9.59404600811908,2.2170252
BBDC4,BBDC4,Banco Bradesco SA Pfd,BRL,18.55,18.69,18.37,18.37 - 18.69,0.12,0.65,2026-08-03T20:38:30.000Z,181767503701.0,18941300,18.53,18.65,15.61 - 22.12,15.61,22.12,8.43987442558806,2.1979396
PETR4,PETR4,Petroleo Brasileiro SA Pfd,BRL,43.05,43.09,42.35,42.35 - 43.09,-0.37,-0.85,2026-08-03T21:04:30.000Z,595582071394.0,24397400,42.9,42.4,29.31 - 50.69,29.31,50.69,5.15747984329887,8.347058
VALE3,VALE3,Vale S.A.,BRL,74.64,76.48,73.95,73.95 - 76.48,-1.64,-2.15,2026-08-03T21:04:30.000Z,318006064127.0,23570300,74.51,76.38,52.86 - 91.62,52.86,91.62,20.48804589497955,3.6552416
BBAS3,BBAS3,Banco do Brasil S.A.,BRL,21.27,21.58,21.17,21.17 - 21.58,-0.08,-0.37,2026-08-03T21:04:30.000Z,122096732455.0,8344900,21.28,21.4,18.58 - 27.81,18.58,27.81,9.59404600811908,2.2170252
BBDC4,BBDC4,Banco Bradesco SA Pfd,BRL,18.55,18.69,18.37,18.37 - 18.69,0.12,0.65,2026-08-03T21:04:30.000Z,181767503701.0,18953400,18.53,18.65,15.61 - 22.12,15.61,22.12,8.43987442558806,2.1979396
PETR4,PETR4,Petroleo Brasileiro SA Pfd,BRL,42.17,43.09,42.15,42.15 - 43.09,-0.88,-2.04,2026-08-04T13:48:30.000Z,590491158218.0,3979700,42.2,43.09,29.31 - 50.69,29.31,50.69,5.052054006780799,8.347058
VALE3,VALE3,Vale S.A.,BRL,76.56,76.74,76.11,76.11 - 76.74,1.92,2.57,2026-08-04T13:48:30.000Z,311169019562.0,2466000,76.54,76.11,52.86 - 91.62,52.86,91.62,31.608934395772263,2.4326809
BBAS3,BBAS3,Banco do Brasil S.A.,BRL,21.36,21.59,21.36,21.36 - 21.59,0.09,0.42,2026-08-04T13:47:30.000Z,121639227579.0,1114000,21.36,21.48,18.66 - 27.81,18.66,27.81,9.634641407307171,2.2170252
BBDC4,BBDC4,Banco Bradesco SA Pfd,BRL,18.62,18.86,18.57,18.57 - 18.86,0.07,0.38,2026-08-04T13:48:30.000Z,183405043291.0,2839900,18.61,18.85,15.62 - 22.12,15.62,22.12,8.47172300832613,2.1979396
PETR4,PETR4,Petroleo Brasileiro SA Pfd,BRL,42.56,43.09,41.77,41.77 - 43.09,-0.49,-1.14,2026-08-04T15:01:30.000Z,590491158218.0,12275900,42.56,43.09,29.31 - 50.69,29.31,50.69,5.098776820692217,8.347058
VALE3,VALE3,Vale S.A.,BRL,76.09,76.91,75.8,75.8 - 76.91,1.45,1.94,2026-08-04T15:01:30.000Z,311169019562.0,9282300,76.08,76.11,52.86 - 91.62,52.86,91.62,31.41488790718798,2.4326809
BBAS3,BBAS3,Banco do Brasil S.A.,BRL,21.4,21.59,21.28,21.28 - 21.59,0.13,0.61,2026-08-04T15:00:30.000Z,121639227579.0,2831100,21.4,21.48,18.66 - 27.81,18.66,27.81,9.652683806946325,2.2170252
BBDC4,BBDC4,Banco Bradesco SA Pfd,BRL,18.49,18.86,18.44,18.44 - 18.86,-0.06,-0.32,2026-08-04T15:01:30.000Z,183405043291.0,8801200,18.48,18.85,15.62 - 22.12,15.62,22.12,8.412575640384002,2.1979396
PETR4,PETR4,Petroleo Brasileiro SA Pfd,BRL,42.38,43.09,41.77,41.77 - 43.09,-0.67,-1.56,2026-08-04T15:57:30.000Z,590491158218.0,14804300,42.39,43.09,29.31 - 50.69,29.31,50.69,5.077212445040793,8.347058
VALE3,VALE3,Vale S.A.,BRL,76.11,76.91,75.8,75.8 - 76.91,1.47,1.97,2026-08-04T15:58:30.000Z,311169019562.0,10645900,76.12,76.11,52.86 - 91.62,52.86,91.62,31.423145204574546,2.4326809
BBAS3,BBAS3,Banco do Brasil S.A.,BRL,21.37,21.59,21.28,21.28 - 21.59,0.1,0.47,2026-08-04T15:58:30.000Z,121639227579.0,3648300,21.37,21.48,18.66 - 27.81,18.66,27.81,9.63915200721696,2.2170252
BBDC4,BBDC4,Banco Bradesco SA Pfd,BRL,18.45,18.86,18.41,18.41 - 18.86,-0.1,-0.54,2026-08-04T15:58:30.000Z,183405043291.0,12454300,18.45,18.85,15.62 - 22.12,15.62,22.12,8.394376450247963,2.1979396
PETR4,PETR4,Petroleo Brasileiro SA Pfd,BRL,42.43,43.09,41.77,41.77 - 43.09,-0.62,-1.44,2026-08-04T16:48:30.000Z,590491158218.0,17187700,42.45,43.09,29.31 - 50.69,29.31,50.69,5.08320254938841,8.347058
VALE3,VALE3,Vale S.A.,BRL,76.15,76.91,75.8,75.8 - 76.91,1.51,2.02,2026-08-04T16:48:30.000Z,311169019562.0,11753800,76.16,76.11,52.86 - 91.62,52.86,91.62,31.43965979934768,2.4326809
BBAS3,BBAS3,Banco do Brasil S.A.,BRL,21.21,21.59,21.2,21.2 - 21.59,-0.06,-0.28,2026-08-04T16:47:30.000Z,121639227579.0,5099700,21.22,21.48,18.66 - 27.81,18.66,27.81,9.566982408660351,2.2170252
BBDC4,BBDC4,Banco Bradesco SA Pfd,BRL,18.32,18.86,18.32,18.32 - 18.86,-0.23,-1.24,2026-08-04T16:47:30.000Z,183405043291.0,14980300,18.32,18.85,15.62 - 22.12,15.62,22.12,8.335229082305837,2.1979396
PETR4,PETR4,Petroleo Brasileiro SA Pfd,BRL,42.66,43.09,41.77,41.77 - 43.09,-0.39,-0.91,2026-08-04T17:47:30.000Z,590491158218.0,19241400,42.67,43.09,29.31 - 50.69,29.31,50.69,5.110757029387452,8.347058
VALE3,VALE3,Vale S.A.,BRL,76.28,76.91,75.8,75.8 - 76.91,1.64,2.2,2026-08-04T17:46:30.000Z,311169019562.0,12545600,76.27,76.11,52.86 - 91.62,52.86,91.62,31.49333223236035,2.4326809
BBAS3,BBAS3,Banco do Brasil S.A.,BRL,21.23,21.59,21.2,21.2 - 21.59,-0.04,-0.19,2026-08-04T17:46:30.000Z,121639227579.0,5544400,21.22,21.48,18.66 - 27.81,18.66,27.81,9.576003608479928,2.2170252
BBDC4,BBDC4,Banco Bradesco SA Pfd,BRL,18.35,18.86,18.32,18.32 - 18.86,-0.2,-1.08,2026-08-04T17:46:30.000Z,183405043291.0,17826400,18.35,18.85,15.62 - 22.12,15.62,22.12,8.348878474907867,2.1979396
PETR4,PETR4,Petroleo Brasileiro SA Pfd,BRL,42.63,43.09,41.77,41.77 - 43.09,-0.42,-0.98,2026-08-04T18:43:30.000Z,590491158218.0,21122800,42.63,43.09,29.31 - 50.69,29.31,50.69,5.107162966778882,8.347058
VALE3,VALE3,Vale S.A.,BRL,76.24,76.91,75.8,75.8 - 76.91,1.6,2.14,2026-08-04T18:44:30.000Z,311169019562.0,14007000,76.25,76.11,52.86 - 91.62,52.86,91.62,31.476817637587217,2.4326809
BBAS3,BBAS3,Banco do Brasil S.A.,BRL,21.06,21.59,21.01,21.01 - 21.59,-0.21,-0.99,2026-08-04T18:43:30.000Z,121639227579.0,6739000,21.06,21.48,18.66 - 27.81,18.66,27.81,9.499323410013533,2.2170252
BBDC4,BBDC4,Banco Bradesco SA Pfd,BRL,18.21,18.86,18.2,18.2 - 18.86,-0.34,-1.83,2026-08-04T18:43:30.000Z,183405043291.0,20357500,18.21,18.85,15.62 - 22.12,15.62,22.12,8.28518130943173,2.1979396
PETR4,PETR4,Petroleo Brasileiro SA Pfd,BRL,42.56,43.09,41.77,41.77 - 43.09,-0.49,-1.14,2026-08-04T19:45:30.000Z,590491158218.0,23647400,42.57,43.09,29.31 - 50.69,29.31,50.69,5.098776820692217,8.347058
VALE3,VALE3,Vale S.A.,BRL,76.45,76.91,75.8,75.8 - 76.91,1.81,2.42,2026-08-04T19:45:30.000Z,311169019562.0,15282900,76.47,76.11,52.86 - 91.62,52.86,91.62,31.563519260146155,2.4326809
BBAS3,BBAS3,Banco do Brasil S.A.,BRL,20.99,21.59,20.98,20.98 - 21.59,-0.28,-1.32,2026-08-04T19:45:30.000Z,121639227579.0,9079300,20.99,21.48,18.66 - 27.81,18.66,27.81,9.467749210645014,2.2170252
BBDC4,BBDC4,Banco Bradesco SA Pfd,BRL,18.16,18.86,18.12,18.12 - 18.86,-0.39,-2.1,2026-08-04T19:45:30.000Z,183405043291.0,24327600,18.15,18.85,15.62 - 22.12,15.62,22.12,8.26243232176168,2.1979396
PETR4,PETR4,Petroleo Brasileiro SA Pfd,BRL,42.5,43.09,41.77,41.77 - 43.09,-0.55,-1.28,2026-08-04T20:40:30.000Z,590491158218.0,27178200,42.46,43.09,29.31 - 50.69,29.31,50.69,5.091588695475076,8.347058
VALE3,VALE3,Vale S.A.,BRL,76.31,76.91,75.8,75.8 - 76.91,1.67,2.24,2026-08-04T20:40:30.000Z,311169019562.0,19772300,76.34,76.11,52.86 - 91.62,52.86,91.62,31.5057181784402,2.4326809
BBAS3,BBAS3,Banco do Brasil S.A.,BRL,20.99,21.59,20.95,20.95 - 21.59,-0.28,-1.32,2026-08-04T20:40:30.000Z,121639227579.0,11126500,20.97,21.48,18.66 - 27.81,18.66,27.81,9.467749210645014,2.2170252
BBDC4,BBDC4,Banco Bradesco SA Pfd,BRL,18.22,18.86,18.1,18.1 - 18.86,-0.33,-1.78,2026-08-04T20:40:30.000Z,183405043291.0,31638700,18.11,18.85,15.62 - 22.12,15.62,22.12,8.28973110696574,2.1979396
PETR4,PETR4,Petroleo Brasileiro SA Pfd,BRL,42.5,43.09,41.77,41.77 - 43.09,-0.55,-1.28,2026-08-04T21:08:30.000Z,590491158218.0,27203600,42.46,43.09,29.31 - 50.69,29.31,50.69,5.091588695475076,8.347058
VALE3,VALE3,Vale S.A.,BRL,76.31,76.91,75.8,75.8 - 76.91,1.67,2.24,2026-08-04T21:07:30.000Z,311169019562.0,19780300,76.34,76.11,52.86 - 91.62,52.86,91.62,31.5057181784402,2.4326809
BBAS3,BBAS3,Banco do Brasil S.A.,BRL,20.99,21.59,20.95,20.95 - 21.59,-0.28,-1.32,2026-08-04T21:07:30.000Z,121639227579.0,11143800,20.97,21.48,18.66 - 27.81,18.66,27.81,9.467749210645014,2.2170252
BBDC4,BBDC4,Banco Bradesco SA Pfd,BRL,18.22,18.86,18.1,18.1 - 18.86,-0.33,-1.78,2026-08-04T21:07:30.000Z,183405043291.0,31673300,18.11,18.85,15.62 - 22.12,15.62,22.12,8.28973110696574,2.1979396
PETR4,PETR4,Petroleo Brasileiro SA Pfd,BRL,42.7,42.99,42.52,42.52 - 42.99,0.2,0.47,2026-08-05T13:48:30.000Z,584072104349.0,2309600,42.68,42.53,29.31 - 50.69,29.31,50.69,5.115549112865547,8.347058
VALE3,VALE3,Vale S.A.,BRL,75.67,76.41,75.41,75.41 - 76.41,-0.64,-0.84,2026-08-05T13:48:30.000Z,318131126973.0,2205300,75.58,76.31,52.86 - 91.62,52.86,91.62,31.241484662070107,2.4326809
BBAS3,BBAS3,Banco do Brasil S.A.,BRL,21.23,21.26,21.1,21.1 - 21.26,0.24,1.14,2026-08-05T13:48:30.000Z,120037955058.0,1123500,21.23,21.16,18.66 - 27.81,18.66,27.81,9.576003608479928,2.2170252
BBDC4,BBDC4,Banco Bradesco SA Pfd,BRL,18.31,18.41,18.18,18.18 - 18.41,0.09,0.49,2026-08-05T13:48:30.000Z,180448064724.0,3455300,18.3,18.32,15.62 - 22.12,15.62,22.12,8.330679284771826,2.1979396
PETR4,PETR4,Petroleo Brasileiro SA Pfd,BRL,42.22,42.99,42.2,42.2 - 42.99,-0.28,-0.66,2026-08-05T14:57:30.000Z,584072104349.0,8990200,42.23,42.53,29.31 - 50.69,29.31,50.69,5.0580441111284165,8.347058
VALE3,VALE3,Vale S.A.,BRL,76.42,76.64,75.3,75.3 - 76.64,0.11,0.14,2026-08-05T14:57:30.000Z,318131126973.0,5822700,76.41,76.31,52.86 - 91.62,52.86,91.62,31.55113331406631,2.4326809
BBAS3,BBAS3,Banco do Brasil S.A.,BRL,21.19,21.44,21.1,21.1 - 21.44,0.2,0.95,2026-08-05T14:57:30.000Z,120037955058.0,3093700,21.18,21.16,18.66 - 27.81,18.66,27.81,9.557961208840776,2.2170252
BBDC4,BBDC4,Banco Bradesco SA Pfd,BRL,18.27,18.41,18.17,18.17 - 18.41,0.07,0.37,2026-08-05T14:57:30.000Z,180448064724.0,9321900,18.27,18.32,15.60439562 - 22.09790212,15.60439562,22.09790212,8.312480094635788,2.1979396
PETR4,PETR4,Petroleo Brasileiro SA Pfd,BRL,42.24,42.99,42.07,42.07 - 42.99,-0.26,-0.61,2026-08-05T15:50:30.000Z,584072104349.0,12119200,42.24,42.53,29.31 - 50.69,29.31,50.69,5.060440152867463,8.347058
VALE3,VALE3,Vale S.A.,BRL,76.42,76.64,75.3,75.3 - 76.64,0.11,0.14,2026-08-05T15:49:30.000Z,318131126973.0,6917600,76.45,76.31,52.86 - 91.62,52.86,91.62,31.55113331406631,2.4326809
BBAS3,BBAS3,Banco do Brasil S.A.,BRL,21.09,21.44,21.08,21.08 - 21.44,0.1,0.48,2026-08-05T15:50:30.000Z,120037955058.0,4581400,21.09,21.16,18.66 - 27.81,18.66,27.81,9.512855209742895,2.2170252
BBDC4,BBDC4,Banco Bradesco SA Pfd,BRL,18.18,18.41,18.15,18.15 - 18.41,-0.02,-0.12,2026-08-05T15:50:30.000Z,180448064724.0,12179100,18.18,18.32,15.60439562 - 22.09790212,15.60439562,22.09790212,8.2715319168297,2.1979396
PETR4,PETR4,Petroleo Brasileiro SA Pfd,BRL,42.23,42.99,42.07,42.07 - 42.99,-0.27,-0.64,2026-08-05T16:45:30.000Z,584072104349.0,17222800,42.23,42.53,29.31 - 50.69,29.31,50.69,5.059242131997939,8.347058
VALE3,VALE3,Vale S.A.,BRL,76.39,76.64,75.3,75.3 - 76.64,0.08,0.1,2026-08-05T16:45:30.000Z,318131126973.0,8222400,76.39,76.31,52.86 - 91.62,52.86,91.62,31.53874736798646,2.4326809
BBAS3,BBAS3,Banco do Brasil S.A.,BRL,21.13,21.44,21.02,21.02 - 21.44,0.14,0.67,2026-08-05T16:45:30.000Z,120037955058.0,5486700,21.13,21.16,18.66 - 27.81,18.66,27.81,9.530897609382048,2.2170252
BBDC4,BBDC4,Banco Bradesco SA Pfd,BRL,18.19,18.41,18.15,18.15 - 18.41,-0.01,-0.06,2026-08-05T16:45:30.000Z,180448064724.0,14221300,18.19,18.32,15.60439562 - 22.09790212,15.60439562,22.09790212,8.27608171436371,2.1979396
PETR4,PETR4,Petroleo Brasileiro SA Pfd,BRL,42.05,42.99,42.03,42.03 - 42.99,-0.45,-1.06,2026-08-05T17:45:30.000Z,584072104349.0,19382900,42.04,42.53,29.31 - 50.69,29.31,50.69,5.037677756346516,8.347058
VALE3,VALE3,Vale S.A.,BRL,76.12,76.64,75.3,75.3 - 76.64,-0.19,-0.25,2026-08-05T17:45:30.000Z,318131126973.0,9066900,76.14,76.31,52.86 - 91.62,52.86,91.62,31.427273853267828,2.4326809
BBAS3,BBAS3,Banco do Brasil S.A.,BRL,21.13,21.44,21.02,21.02 - 21.44,0.14,0.67,2026-08-05T17:45:30.000Z,120037955058.0,6283900,21.13,21.16,18.66 - 27.81,18.66,27.81,9.530897609382048,2.2170252
BBDC4,BBDC4,Banco Bradesco SA Pfd,BRL,18.17,18.41,18.14,18.14 - 18.41,-0.03,-0.17,2026-08-05T17:46:30.000Z,180448064724.0,19599100,18.17,18.32,15.60439562 - 22.09790212,15.60439562,22.09790212,8.266982119295692,2.1979396
PETR4,PETR4,Petroleo Brasileiro SA Pfd,BRL,42.24,42.99,42.03,42.03 - 42.99,-0.26,-0.61,2026-08-05T18:43:30.000Z,584072104349.0,20922600,42.24,42.53,29.31 - 50.69,29.31,50.69,5.060440152867463,8.347058
VALE3,VALE3,Vale S.A.,BRL,76.58,76.64,75.3,75.3 - 76.64,0.27,0.35,2026-08-05T18:43:30.000Z,318131126973.0,10240800,76.58,76.31,52.86 - 91.62,52.86,91.62,31.61719169315883,2.4326809
BBAS3,BBAS3,Banco do Brasil S.A.,BRL,21.11,21.44,21.02,21.02 - 21.44,0.12,0.57,2026-08-05T18:43:30.000Z,120037955058.0,7249000,21.11,21.16,18.66 - 27.81,18.66,27.81,9.521876409562472,2.2170252
BBDC4,BBDC4,Banco Bradesco SA Pfd,BRL,18.19,18.41,18.13,18.13 - 18.41,-0.01,-0.06,2026-08-05T18:43:30.000Z,180448064724.0,21437400,18.19,18.32,15.60439562 - 22.09790212,15.60439562,22.09790212,8.27608171436371,2.1979396
PETR4,PETR4,Petroleo Brasileiro SA Pfd,BRL,41.92,42.99,41.87,41.87 - 42.99,-0.58,-1.36,2026-08-05T19:45:30.000Z,584072104349.0,26117900,41.91,42.53,29.31 - 50.69,29.31,50.69,5.02210348504271,8.347058
VALE3,VALE3,Vale S.A.,BRL,76.66,76.85,75.3,75.3 - 76.85,0.35,0.46,2026-08-05T19:45:30.000Z,318131126973.0,12075300,76.66,76.31,52.86 - 91.62,52.86,91.62,31.65022088270509,2.4326809
BBAS3,BBAS3,Banco do Brasil S.A.,BRL,21.07,21.44,21.02,21.02 - 21.44,0.08,0.38,2026-08-05T19:44:30.000Z,120037955058.0,11486900,21.08,21.16,18.66 - 27.81,18.66,27.81,9.50383400992332,2.2170252
BBDC4,BBDC4,Banco Bradesco SA Pfd,BRL,18.07,18.41,18.07,18.07 - 18.41,-0.13,-0.72,2026-08-05T19:45:30.000Z,180448064724.0,26719100,18.07,18.32,15.60439562 - 22.09790212,15.60439562,22.09790212,8.221484143955593,2.1979396
PETR4,PETR4,Petroleo Brasileiro SA Pfd,BRL,41.93,42.99,41.75,41.75 - 42.99,-0.57,-1.34,2026-08-05T20:38:30.000Z,584072104349.0,32271600,41.91,42.53,29.31 - 50.69,29.31,50.69,5.023301505912233,8.347058
VALE3,VALE3,Vale S.A.,BRL,76.66,76.95,75.3,75.3 - 76.95,0.35,0.46,2026-08-05T20:38:30.000Z,318131126973.0,15095800,76.85,76.31,52.86 - 91.62,52.86,91.62,31.65022088270509,2.4326809
BBAS3,BBAS3,Banco do Brasil S.A.,BRL,21.05,21.44,21.02,21.02 - 21.44,0.06,0.29,2026-08-05T20:39:30.000Z,120037955058.0,13583400,21.04,21.16,18.66 - 27.81,18.66,27.81,9.494812810103744,2.2170252
BBDC4,BBDC4,Banco Bradesco SA Pfd,BRL,18.05,18.41,18.01,18.01 - 18.41,-0.15,-0.83,2026-08-05T20:38:30.000Z,180133611111.0,37284800,18.07,18.32,15.60439562 - 22.09790212,15.60439562,22.09790212,8.212384548887574,2.1979396
PETR4,PETR4,Petroleo Brasileiro SA Pfd,BRL,41.93,42.99,41.75,41.75 - 42.99,-0.57,-1.34,2026-08-05T21:05:30.000Z,584072104349.0,32335100,41.91,42.53,29.31 - 50.69,29.31,50.69,5.023301505912233,8.347058
VALE3,VALE3,Vale S.A.,BRL,76.66,76.95,75.3,75.3 - 76.95,0.35,0.46,2026-08-05T21:04:30.000Z,318131126973.0,15103700,76.85,76.31,52.86 - 91.62,52.86,91.62,31.65022088270509,2.4326809
BBAS3,BBAS3,Banco do Brasil S.A.,BRL,21.05,21.44,21.02,21.02 - 21.44,0.06,0.29,2026-08-05T21:05:30.000Z,120037955058.0,13592600,21.04,21.16,18.66 - 27.81,18.66,27.81,9.494812810103744,2.2170252
BBDC4,BBDC4,Banco Bradesco SA Pfd,BRL,18.05,18.41,18.01,18.01 - 18.41,-0.15,-0.83,2026-08-05T21:05:30.000Z,180133611111.0,37314800,18.07,18.32,15.60439562 - 22.09790212,15.60439562,22.09790212,8.212384548887574,2.1979396
PETR4,PETR4,Petroleo Brasileiro SA Pfd,BRL,42.23,42.4,42.02,42.02 - 42.4,0.3,0.72,2026-08-06T13:48:30.000Z,573602534041.0,2287200,42.21,42.02,29.31 - 50.69,29.31,50.69,5.059242131997939,8.347058
VALE3,VALE3,Vale S.A.,BRL,76.27,76.49,75.89,75.89 - 76.49,-0.39,-0.51,2026-08-06T13:48:30.000Z,319590278326.0,1214500,76.27,76.49,52.86 - 91.62,52.86,91.62,31.489203583667067,2.4326809
BBAS3,BBAS3,Banco do Brasil S.A.,BRL,20.78,21.0,20.71,20.71 - 21,-0.27,-1.28,2026-08-06T13:48:30.000Z,120381080988.0,2305300,20.78,21.0,18.76 - 27.81,18.76,27.81,9.373026612539467,2.2170252
BBDC4,BBDC4,Banco Bradesco SA Pfd,BRL,17.89,17.99,17.72,17.72 - 17.99,-0.16,-0.89,2026-08-06T13:48:30.000Z,188735490910.0,13588100,17.89,17.72,15.61438563 - 22.09790212,15.61438563,22.09790212,8.139587788343418,2.1979396
PETR4,PETR4,Petroleo Brasileiro SA Pfd,BRL,42.08,42.4,41.92,41.92 - 42.4,0.15,0.36,2026-08-06T14:56:30.000Z,573602534041.0,7480700,42.09,42.02,29.31 - 50.69,29.31,50.69,5.041271818955086,8.347058
VALE3,VALE3,Vale S.A.,BRL,76.45,76.54,75.86,75.86 - 76.54,-0.21,-0.27,2026-08-06T14:56:30.000Z,319590278326.0,3995900,76.45,76.49,52.86 - 91.62,52.86,91.62,31.563519260146155,2.4326809
BBAS3,BBAS3,Banco do Brasil S.A.,BRL,20.67,21.0,20.43,20.43 - 21,-0.38,-1.81,2026-08-06T14:57:30.000Z,120381080988.0,7639900,20.68,21.0,18.76 - 27.81,18.76,27.81,9.3234100135318,2.2170252
BBDC4,BBDC4,Banco Bradesco SA Pfd,BRL,17.73,17.99,17.54,17.54 - 17.99,-0.32,-1.77,2026-08-06T14:57:30.000Z,188735490910.0,32226900,17.73,17.72,15.61438563 - 22.09790212,15.61438563,22.09790212,8.066791027799262,2.1979396
PETR4,PETR4,Petroleo Brasileiro SA Pfd,BRL,41.51,42.96,41.35,41.35 - 42.96,-0.62,-1.47,2026-08-07T15:28:30.000Z,575855561313.0,39068800,41.49,42.9,29.31 - 50.69,29.31,50.69,4.972984629392244,8.347058
VALE3,VALE3,Vale S.A.,BRL,75.17,76.13,75.15,75.15 - 76.13,-0.22,-0.29,2026-08-07T15:28:30.000Z,314295717935.0,4499500,75.2,75.91,52.86 - 91.62,52.86,91.62,31.035052227405973,2.4326809
BBAS3,BBAS3,Banco do Brasil S.A.,BRL,20.01,20.4,19.98,19.98 - 20.4,-0.27,-1.33,2026-08-07T15:27:30.000Z,115977600646.0,5668400,20.01,20.39,18.76 - 27.81,18.76,27.81,9.025710419485792,2.2170252
BBDC4,BBDC4,Banco Bradesco SA Pfd,BRL,17.4,17.82,17.4,17.4 - 17.82,-0.3,-1.69,2026-08-07T15:28:30.000Z,185106001872.0,5741800,17.41,17.79,15.61438563 - 22.09790212,15.61438563,22.09790212,7.579057409181984,2.2958377
PETR4,PETR4,Petroleo Brasileiro SA Pfd,BRL,41.51,42.96,41.31,41.31 - 42.96,-0.62,-1.47,2026-08-07T16:00:30.000Z,575855561313.0,55017200,41.52,42.9,29.31 - 50.69,29.31,50.69,4.972984629392244,8.347058
VALE3,VALE3,Vale S.A.,BRL,75.42,76.13,75.15,75.15 - 76.13,0.03,0.04,2026-08-07T16:00:30.000Z,314295717935.0,5269000,75.41,75.91,52.86 - 91.62,52.86,91.62,31.13826844473804,2.4326809
BBAS3,BBAS3,Banco do Brasil S.A.,BRL,19.99,20.4,19.96,19.96 - 20.4,-0.29,-1.43,2026-08-07T16:00:30.000Z,115977600646.0,6896100,19.99,20.39,18.76 - 27.81,18.76,27.81,9.016689219666215,2.2170252
BBDC4,BBDC4,Banco Bradesco SA Pfd,BRL,17.5,17.82,17.4,17.4 - 17.82,-0.2,-1.13,2026-08-07T16:00:30.000Z,185106001872.0,7987500,17.49,17.79,15.61438563 - 22.09790212,15.61438563,22.09790212,7.62261521038418,2.2958377
PETR4,PETR4,Petroleo Brasileiro SA Pfd,BRL,41.42,42.96,41.31,41.31 - 42.96,-0.71,-1.69,2026-08-07T16:27:30.000Z,575855561313.0,58514000,41.45,42.9,29.31 - 50.69,29.31,50.69,4.962202441566533,8.347058
VALE3,VALE3,Vale S.A.,BRL,75.23,76.13,75.07,75.07 - 76.13,-0.16,-0.21,2026-08-07T16:27:30.000Z,314295717935.0,5721500,75.22,75.91,52.86 - 91.62,52.86,91.62,31.05982411956567,2.4326809
BBAS3,BBAS3,Banco do Brasil S.A.,BRL,19.98,20.4,19.96,19.96 - 20.4,-0.3,-1.48,2026-08-07T16:27:30.000Z,115977600646.0,7678100,19.97,20.39,18.76 - 27.81,18.76,27.81,9.012178619756428,2.2170252
BBDC4,BBDC4,Banco Bradesco SA Pfd,BRL,17.51,17.82,17.4,17.4 - 17.82,-0.19,-1.07,2026-08-07T16:28:30.000Z,185106001872.0,8813300,17.51,17.79,15.61438563 - 22.09790212,15.61438563,22.09790212,7.6269709905044,2.2958377
PETR4,PETR4,Petroleo Brasileiro SA Pfd,BRL,41.06,42.96,41.0,41 - 42.96,-1.07,-2.54,2026-08-07T16:59:30.000Z,575855561313.0,64714300,41.06,42.9,29.31 - 50.69,29.31,50.69,4.919073690263685,8.347058
VALE3,VALE3,Vale S.A.,BRL,75.01,76.13,74.91,74.91 - 76.13,-0.38,-0.5,2026-08-07T16:59:30.000Z,314295717935.0,6913600,75.01,75.91,52.86 - 91.62,52.86,91.62,30.96899384831345,2.4326809
BBAS3,BBAS3,Banco do Brasil S.A.,BRL,19.98,20.4,19.95,19.95 - 20.4,-0.3,-1.48,2026-08-07T16:59:30.000Z,115977600646.0,8423300,19.98,20.39,18.76 - 27.81,18.76,27.81,9.012178619756428,2.2170252
BBDC4,BBDC4,Banco Bradesco SA Pfd,BRL,17.49,17.82,17.4,17.4 - 17.82,-0.21,-1.19,2026-08-07T16:59:30.000Z,185106001872.0,9832400,17.5,17.79,15.61438563 - 22.09790212,15.61438563,22.09790212,7.61825943026396,2.2958377
PETR4,PETR4,Petroleo Brasileiro SA Pfd,BRL,41.06,42.96,41.0,41 - 42.96,-1.07,-2.54,2026-08-07T17:27:30.000Z,575855561313.0,66311500,41.06,42.9,29.31 - 50.69,29.31,50.69,4.919073690263685,8.347058
VALE3,VALE3,Vale S.A.,BRL,74.88,76.13,74.81,74.81 - 76.13,-0.51,-0.68,2026-08-07T17:28:30.000Z,314295717935.0,7409800,74.88,75.91,52.86 - 91.62,52.86,91.62,30.91532141530077,2.4326809
BBAS3,BBAS3,Banco do Brasil S.A.,BRL,19.98,20.4,19.95,19.95 - 20.4,-0.3,-1.48,2026-08-07T17:28:30.000Z,115977600646.0,8994600,19.98,20.39,18.76 - 27.81,18.76,27.81,9.012178619756428,2.2170252
BBDC4,BBDC4,Banco Bradesco SA Pfd,BRL,17.5,17.82,17.4,17.4 - 17.82,-0.2,-1.13,2026-08-07T17:28:30.000Z,185106001872.0,10346800,17.49,17.79,15.61438563 - 22.09790212,15.61438563,22.09790212,7.62261521038418,2.2958377
PETR4,PETR4,Petroleo Brasileiro SA Pfd,BRL,41.1,42.96,41.0,41 - 42.96,-1.03,-2.44,2026-08-07T17:57:30.000Z,575855561313.0,67694700,41.11,42.9,29.31 - 50.69,29.31,50.69,4.923865773741779,8.347058
VALE3,VALE3,Vale S.A.,BRL,74.78,76.13,74.63,74.63 - 76.13,-0.61,-0.81,2026-08-07T17:57:30.000Z,314295717935.0,7991300,74.77,75.91,52.86 - 91.62,52.86,91.62,30.874034928367948,2.4326809
BBAS3,BBAS3,Banco do Brasil S.A.,BRL,19.98,20.4,19.95,19.95 - 20.4,-0.3,-1.48,2026-08-07T17:56:30.000Z,115977600646.0,9631300,19.98,20.39,18.76 - 27.81,18.76,27.81,9.012178619756428,2.2170252
BBDC4,BBDC4,Banco Bradesco SA Pfd,BRL,17.42,17.82,17.4,17.4 - 17.82,-0.28,-1.58,2026-08-07T17:57:30.000Z,185106001872.0,12112000,17.42,17.79,15.61438563 - 22.09790212,15.61438563,22.09790212,7.587768969422425,2.2958377
PETR4,PETR4,Petroleo Brasileiro SA Pfd,BRL,41.18,42.96,41.0,41 - 42.96,-0.95,-2.25,2026-08-07T18:26:30.000Z,575855561313.0,69196400,41.18,42.9,29.31 - 50.69,29.31,50.69,4.933449940697967,8.347058
VALE3,VALE3,Vale S.A.,BRL,74.58,76.13,74.56,74.56 - 76.13,-0.81,-1.07,2026-08-07T18:26:30.000Z,314295717935.0,8505900,74.58,75.91,52.86 - 91.62,52.86,91.62,30.79146195450229,2.4326809
BBAS3,BBAS3,Banco do Brasil S.A.,BRL,19.97,20.4,19.95,19.95 - 20.4,-0.31,-1.53,2026-08-07T18:27:30.000Z,115977600646.0,10345000,19.97,20.39,18.76 - 27.81,18.76,27.81,9.00766801984664,2.2170252
BBDC4,BBDC4,Banco Bradesco SA Pfd,BRL,17.39,17.82,17.37,17.37 - 17.82,-0.31,-1.75,2026-08-07T18:27:30.000Z,185106001872.0,13016500,17.39,17.79,15.61438563 - 22.09790212,15.61438563,22.09790212,7.574701629061765,2.2958377
PETR4,PETR4,Petroleo Brasileiro SA Pfd,BRL,41.09,42.96,41.0,41 - 42.96,-1.04,-2.47,2026-08-07T19:01:30.000Z,575855561313.0,71557800,41.08,42.9,29.31 - 50.69,29.31,50.69,4.922667752872256,8.347058
VALE3,VALE3,Vale S.A.,BRL,74.65,76.13,74.52,74.52 - 76.13,-0.74,-0.98,2026-08-07T19:01:30.000Z,314295717935.0,9011100,74.65,75.91,52.86 - 91.62,52.86,91.62,30.82036249535528,2.4326809
BBAS3,BBAS3,Banco do Brasil S.A.,BRL,20.07,20.4,19.95,19.95 - 20.4,-0.21,-1.04,2026-08-07T19:00:30.000Z,115977600646.0,11741800,20.07,20.39,18.76 - 27.81,18.76,27.81,9.05277401894452,2.2170252
BBDC4,BBDC4,Banco Bradesco SA Pfd,BRL,17.3,17.82,17.3,17.3 - 17.82,-0.4,-2.26,2026-08-07T19:00:30.000Z,185106001872.0,14292700,17.3,17.79,15.61438563 - 22.09790212,15.61438563,22.09790212,7.53549960797979,2.2958377
PETR4,PETR4,Petroleo Brasileiro SA Pfd,BRL,40.93,42.96,40.88,40.88 - 42.96,-1.2,-2.85,2026-08-07T19:30:30.000Z,575855561313.0,76996500,40.94,42.9,29.31 - 50.69,29.31,50.69,4.903499418959878,8.347058
VALE3,VALE3,Vale S.A.,BRL,74.74,76.13,74.52,74.52 - 76.13,-0.65,-0.86,2026-08-07T19:30:30.000Z,314295717935.0,9654200,74.74,75.91,52.86 - 91.62,52.86,91.62,30.857520333594813,2.4326809
BBAS3,BBAS3,Banco do Brasil S.A.,BRL,20.01,20.4,19.95,19.95 - 20.4,-0.27,-1.33,2026-08-07T19:30:30.000Z,115977600646.0,13758500,20.01,20.39,18.76 - 27.81,18.76,27.81,9.025710419485792,2.2170252
BBDC4,BBDC4,Banco Bradesco SA Pfd,BRL,17.31,17.82,17.25,17.25 - 17.82,-0.39,-2.2,2026-08-07T19:30:30.000Z,185106001872.0,17780400,17.31,17.79,15.61438563 - 22.09790212,15.61438563,22.09790212,7.539855388100008,2.2958377
PETR4,PETR4,Petroleo Brasileiro SA Pfd,BRL,40.93,42.96,40.83,40.83 - 42.96,-1.2,-2.85,2026-08-07T19:55:30.000Z,575855561313.0,92921400,40.95,42.9,29.31 - 50.69,29.31,50.69,4.903499418959878,8.347058
VALE3,VALE3,Vale S.A.,BRL,75.03,76.13,74.52,74.52 - 76.13,-0.36,-0.48,2026-08-07T19:56:30.000Z,314295717935.0,10752000,75.03,75.91,52.86 - 91.62,52.86,91.62,30.977251145700013,2.4326809
BBAS3,BBAS3,Banco do Brasil S.A.,BRL,20.02,20.4,19.95,19.95 - 20.4,-0.26,-1.28,2026-08-07T19:55:30.000Z,115977600646.0,14446400,20.01,20.39,18.76 - 27.81,18.76,27.81,9.03022101939558,2.2170252
BBDC4,BBDC4,Banco Bradesco SA Pfd,BRL,17.32,17.82,17.25,17.25 - 17.82,-0.38,-2.15,2026-08-07T19:56:30.000Z,185106001872.0,20818200,17.31,17.79,15.61438563 - 22.09790212,15.61438563,22.09790212,7.544211168220229,2.2958377
PETR4,PETR4,Petroleo Brasileiro SA Pfd,BRL,40.87,42.96,40.83,40.83 - 42.96,-1.26,-2.99,2026-08-07T20:22:30.000Z,575855561313.0,97846200,40.95,42.9,29.31 - 50.69,29.31,50.69,4.8963112937427375,8.347058
VALE3,VALE3,Vale S.A.,BRL,74.97,76.13,74.52,74.52 - 76.13,-0.42,-0.56,2026-08-07T20:22:30.000Z,314295717935.0,13027000,74.98,75.91,52.86 - 91.62,52.86,91.62,30.95247925354032,2.4326809
BBAS3,BBAS3,Banco do Brasil S.A.,BRL,20.05,20.4,19.95,19.95 - 20.4,-0.23,-1.13,2026-08-07T20:22:30.000Z,115977600646.0,14997600,20.05,20.39,18.76 - 27.81,18.76,27.81,9.043752819124943,2.2170252
BBDC4,BBDC4,Banco Bradesco SA Pfd,BRL,17.31,17.82,17.25,17.25 - 17.82,-0.39,-2.2,2026-08-07T20:22:30.000Z,185106001872.0,26491400,17.31,17.79,15.61438563 - 22.09790212,15.61438563,22.09790212,7.539855388100008,2.2958377
PETR4,PETR4,Petroleo Brasileiro SA Pfd,BRL,40.87,42.96,40.83,40.83 - 42.96,-1.26,-2.99,2026-08-07T20:55:30.000Z,575855561313.0,97846200,40.95,42.9,29.31 - 50.69,29.31,50.69,4.8963112937427375,8.347058
VALE3,VALE3,Vale S.A.,BRL,74.97,76.13,74.52,74.52 - 76.13,-0.42,-0.56,2026-08-07T20:55:30.000Z,314295717935.0,13027000,74.98,75.91,52.86 - 91.62,52.86,91.62,30.95247925354032,2.4326809
BBAS3,BBAS3,Banco do Brasil S.A.,BRL,20.06,20.4,19.95,19.95 - 20.4,-0.22,-1.08,2026-08-07T20:55:30.000Z,115977600646.0,17294300,20.05,20.39,18.76 - 27.81,18.76,27.81,9.04826341903473,2.2170252
BBDC4,BBDC4,Banco Bradesco SA Pfd,BRL,17.31,17.82,17.25,17.25 - 17.82,-0.39,-2.2,2026-08-07T20:56:30.000Z,185106001872.0,26491400,17.31,17.79,15.61438563 - 22.09790212,15.61438563,22.09790212,7.539855388100008,2.2958377
PETR4,PETR4,Petroleo Brasileiro SA Pfd,BRL,40.87,42.96,40.83,40.83 - 42.96,-1.26,-2.99,2026-08-07T21:14:30.000Z,575855561313.0,97846200,40.95,42.9,29.31 - 50.69,29.31,50.69,4.8963112937427375,8.347058
VALE3,VALE3,Vale S.A.,BRL,74.97,76.13,74.52,74.52 - 76.13,-0.42,-0.56,2026-08-07T21:14:30.000Z,314295717935.0,13027000,74.98,75.91,52.86 - 91.62,52.86,91.62,30.95247925354032,2.4326809
BBAS3,BBAS3,Banco do Brasil S.A.,BRL,20.06,20.4,19.95,19.95 - 20.4,-0.22,-1.08,2026-08-07T21:14:30.000Z,115977600646.0,17294300,20.05,20.39,18.76 - 27.81,18.76,27.81,9.04826341903473,2.2170252
BBDC4,BBDC4,Banco Bradesco SA Pfd,BRL,17.31,17.82,17.25,17.25 - 17.82,-0.39,-2.2,2026-08-07T21:14:30.000Z,185106001872.0,26491400,17.31,17.79,15.61438563 - 22.09790212,15.61438563,22.09790212,7.539855388100008,2.2958377
PETR4,PETR4,Petroleo Brasileiro SA Pfd,BRL,41.34,41.4,41.12,41.12 - 41.4,0.47,1.15,2026-08-10T13:40:30.000Z,557106967007.0,1734600,41.33,41.32,29.31 - 50.69,29.31,50.69,4.952618274610344,8.347058
VALE3,VALE3,Vale S.A.,BRL,75.15,75.18,74.7,74.7 - 75.18,0.18,0.24,2026-08-10T13:40:30.000Z,312544774480.0,457100,75.13,74.9,52.86 - 91.62,52.86,91.62,31.02679493001941,2.4326809
BBAS3,BBAS3,Banco do Brasil S.A.,BRL,20.12,20.15,19.98,19.98 - 20.15,0.06,0.3,2026-08-10T13:40:30.000Z,114719454055.0,645300,20.11,20.06,18.87 - 27.81,18.87,27.81,9.07532701849346,2.2170252
BBDC4,BBDC4,Banco Bradesco SA Pfd,BRL,17.23,17.32,17.2,17.2 - 17.32,-0.08,-0.46,2026-08-10T13:40:30.000Z,181253349976.0,1017300,17.22,17.31,15.61438563 - 22.09790212,15.61438563,22.09790212,7.505009147138253,2.2958377
PETR4,PETR4,Petroleo Brasileiro SA Pfd,BRL,41.58,41.73,41.06,41.06 - 41.73,0.71,1.74,2026-08-10T14:09:30.000Z,557106967007.0,6265100,41.58,41.32,29.31 - 50.69,29.31,50.69,4.981370775478909,8.347058
VALE3,VALE3,Vale S.A.,BRL,75.09,75.75,74.7,74.7 - 75.75,0.12,0.16,2026-08-10T14:09:30.000Z,312544774480.0,3644400,75.09,74.9,52.86 - 91.62,52.86,91.62,31.00202303785971,2.4326809
BBAS3,BBAS3,Banco do Brasil S.A.,BRL,20.08,20.15,19.98,19.98 - 20.15,0.02,0.1,2026-08-10T14:09:30.000Z,114719454055.0,1261000,20.07,20.06,18.87 - 27.81,18.87,27.81,9.057284618854306,2.2170252
BBDC4,BBDC4,Banco Bradesco SA Pfd,BRL,17.15,17.32,17.12,17.12 - 17.32,-0.16,-0.92,2026-08-10T14:09:30.000Z,181253349976.0,2443800,17.15,17.31,15.61438563 - 22.09790212,15.61438563,22.09790212,7.470162906176496,2.2958377
PETR4,PETR4,Petroleo Brasileiro SA Pfd,BRL,41.44,41.73,41.06,41.06 - 41.73,0.57,1.39,2026-08-10T14:35:30.000Z,557106967007.0,16555400,41.45,41.32,29.31 - 50.69,29.31,50.69,4.964598483305579,8.347058
VALE3,VALE3,Vale S.A.,BRL,75.3,75.75,74.7,74.7 - 75.75,0.33,0.44,2026-08-10T14:35:30.000Z,312544774480.0,4683900,75.31,74.9,52.86 - 91.62,52.86,91.62,31.088724660418645,2.4326809
BBAS3,BBAS3,Banco do Brasil S.A.,BRL,20.09,20.15,19.98,19.98 - 20.15,0.03,0.15,2026-08-10T14:35:30.000Z,114719454055.0,2065400,20.1,20.06,18.87 - 27.81,18.87,27.81,9.061795218764097,2.2170252
BBDC4,BBDC4,Banco Bradesco SA Pfd,BRL,17.08,17.32,17.02,17.02 - 17.32,-0.23,-1.33,2026-08-10T14:35:30.000Z,181253349976.0,4281900,17.1,17.31,15.61438563 - 22.09790212,15.61438563,22.09790212,7.439672445334959,2.2958377
PETR4,PETR4,Petroleo Brasileiro SA Pfd,BRL,41.66,41.73,41.06,41.06 - 41.73,0.79,1.93,2026-08-10T15:00:30.000Z,557106967007.0,20573500,41.66,41.32,29.31 - 50.69,29.31,50.69,4.990954942435097,8.347058
VALE3,VALE3,Vale S.A.,BRL,75.66,75.85,74.7,74.7 - 75.85,0.69,0.92,2026-08-10T15:00:30.000Z,312544774480.0,5718700,75.66,74.9,52.86 - 91.62,52.86,91.62,31.23735601337682,2.4326809
BBAS3,BBAS3,Banco do Brasil S.A.,BRL,20.16,20.18,19.98,19.98 - 20.18,0.1,0.5,2026-08-10T15:01:30.000Z,114719454055.0,2679600,20.15,20.06,18.87 - 27.81,18.87,27.81,9.093369418132612,2.2170252
BBDC4,BBDC4,Banco Bradesco SA Pfd,BRL,17.15,17.32,17.02,17.02 - 17.32,-0.16,-0.92,2026-08-10T15:00:30.000Z,181253349976.0,5668700,17.16,17.31,15.61438563 - 22.09790212,15.61438563,22.09790212,7.470162906176496,2.2958377
PETR4,PETR4,Petroleo Brasileiro SA Pfd,BRL,41.65,41.73,41.06,41.06 - 41.73,0.78,1.91,2026-08-10T15:30:30.000Z,557106967007.0,24838600,41.6,41.32,29.31 - 50.69,29.31,50.69,4.989756921565574,8.347058
VALE3,VALE3,Vale S.A.,BRL,75.77,75.85,74.7,74.7 - 75.85,0.8,1.07,2026-08-10T15:30:30.000Z,312544774480.0,6189600,75.77,74.9,52.86 - 91.62,52.86,91.62,31.28277114900293,2.4326809
BBAS3,BBAS3,Banco do Brasil S.A.,BRL,20.14,20.18,19.98,19.98 - 20.18,0.08,0.4,2026-08-10T15:30:30.000Z,114719454055.0,3669300,20.14,20.06,18.87 - 27.81,18.87,27.81,9.084348218313036,2.2170252
BBDC4,BBDC4,Banco Bradesco SA Pfd,BRL,17.17,17.32,17.02,17.02 - 17.32,-0.14,-0.81,2026-08-10T15:30:30.000Z,181253349976.0,7260300,17.17,17.31,15.61438563 - 22.09790212,15.61438563,22.09790212,7.478874466416936,2.2958377
PETR4,PETR4,Petroleo Brasileiro SA Pfd,BRL,41.67,41.78,41.06,41.06 - 41.78,0.8,1.96,2026-08-10T16:01:30.000Z,557106967007.0,27012900,41.67,41.32,29.31 - 50.69,29.31,50.69,4.992152963304622,8.347058
VALE3,VALE3,Vale S.A.,BRL,75.65,75.94,74.7,74.7 - 75.94,0.68,0.91,2026-08-10T16:01:30.000Z,312544774480.0,6846500,75.67,74.9,52.86 - 91.62,52.86,91.62,31.233227364683543,2.4326809
BBAS3,BBAS3,Banco do Brasil S.A.,BRL,20.13,20.19,19.98,19.98 - 20.19,0.07,0.35,2026-08-10T16:01:30.000Z,114719454055.0,4347200,20.13,20.06,18.87 - 27.81,18.87,27.81,9.079837618403246,2.2170252
BBDC4,BBDC4,Banco Bradesco SA Pfd,BRL,17.21,17.32,17.02,17.02 - 17.32,-0.1,-0.58,2026-08-10T16:01:30.000Z,181253349976.0,10867100,17.21,17.31,15.61438563 - 22.09790212,15.61438563,22.09790212,7.496297586897814,2.2958377
PETR4,PETR4,Petroleo Brasileiro SA Pfd,BRL,41.67,41.78,41.06,41.06 - 41.78,0.8,1.96,2026-08-10T16:26:30.000Z,557106967007.0,28514800,41.69,41.32,29.31 - 50.69,29.31,50.69,4.992152963304622,8.347058
VALE3,VALE3,Vale S.A.,BRL,75.94,75.94,74.7,74.7 - 75.94,0.97,1.29,2026-08-10T16:26:30.000Z,312544774480.0,7113100,75.92,74.9,52.86 - 91.62,52.86,91.62,31.352958176788736,2.4326809
BBAS3,BBAS3,Banco do Brasil S.A.,BRL,20.11,20.19,19.98,19.98 - 20.19,0.05,0.25,2026-08-10T16:26:30.000Z,114719454055.0,4731600,20.11,20.06,18.87 - 27.81,18.87,27.81,9.070816418583671,2.2170252
BBDC4,BBDC4,Banco Bradesco SA Pfd,BRL,17.2,17.32,17.02,17.02 - 17.32,-0.11,-0.64,2026-08-10T16:26:30.000Z,181253349976.0,13519200,17.2,17.31,15.61438563 - 22.09790212,15.61438563,22.09790212,7.491941806777594,2.2958377
PETR4,PETR4,Petroleo Brasileiro SA Pfd,BRL,41.83,41.87,41.06,41.06 - 41.87,0.96,2.35,2026-08-10T17:00:30.000Z,557106967007.0,36950600,41.83,41.32,29.31 - 50.69,29.31,50.69,5.011321297216997,8.347058
VALE3,VALE3,Vale S.A.,BRL,76.0,76.11,74.7,74.7 - 76.11,1.03,1.37,2026-08-10T17:00:30.000Z,312544774480.0,8142300,75.99,74.9,52.86 - 91.62,52.86,91.62,31.37773006894844,2.4326809
BBAS3,BBAS3,Banco do Brasil S.A.,BRL,20.06,20.19,19.98,19.98 - 20.19,0.0,0.0,2026-08-10T17:00:30.000Z,114719454055.0,8322900,20.06,20.06,18.87 - 27.81,18.87,27.81,9.04826341903473,2.2170252
BBDC4,BBDC4,Banco Bradesco SA Pfd,BRL,17.13,17.32,17.02,17.02 - 17.32,-0.18,-1.04,2026-08-10T17:00:30.000Z,181253349976.0,15736000,17.13,17.31,15.61438563 - 22.09790212,15.61438563,22.09790212,7.461451345936057,2.2958377
PETR4,PETR4,Petroleo Brasileiro SA Pfd,BRL,42.08,42.08,41.06,41.06 - 42.08,1.21,2.96,2026-08-10T17:28:30.000Z,557106967007.0,45961200,42.05,41.32,29.31 - 50.69,29.31,50.69,5.041271818955086,8.347058
VALE3,VALE3,Vale S.A.,BRL,75.8,76.11,74.7,74.7 - 76.11,0.83,1.11,2026-08-10T17:28:30.000Z,312544774480.0,8811400,75.79,74.9,52.86 - 91.62,52.86,91.62,31.29515709508278,2.4326809
BBAS3,BBAS3,Banco do Brasil S.A.,BRL,20.06,20.19,19.98,19.98 - 20.19,0.0,0.0,2026-08-10T17:29:30.000Z,114719454055.0,9014200,20.05,20.06,18.87 - 27.81,18.87,27.81,9.04826341903473,2.2170252
BBDC4,BBDC4,Banco Bradesco SA Pfd,BRL,17.19,17.32,17.02,17.02 - 17.32,-0.12,-0.69,2026-08-10T17:29:30.000Z,181253349976.0,18255500,17.19,17.31,15.61438563 - 22.09790212,15.61438563,22.09790212,7.487586026657375,2.2958377
PETR4,PETR4,Petroleo Brasileiro SA Pfd,BRL,42.09,42.14,41.06,41.06 - 42.14,1.22,2.99,2026-08-10T17:57:30.000Z,557106967007.0,50638100,42.1,41.32,29.31 - 50.69,29.31,50.69,5.04246983982461,8.347058
VALE3,VALE3,Vale S.A.,BRL,75.96,76.11,74.7,74.7 - 76.11,0.99,1.32,2026-08-10T17:57:30.000Z,312544774480.0,9264700,75.96,74.9,52.86 - 91.62,52.86,91.62,31.3612154741753,2.4326809
BBAS3,BBAS3,Banco do Brasil S.A.,BRL,20.08,20.19,19.98,19.98 - 20.19,0.02,0.1,2026-08-10T17:57:30.000Z,114719454055.0,9549600,20.09,20.06,18.87 - 27.81,18.87,27.81,9.057284618854306,2.2170252
BBDC4,BBDC4,Banco Bradesco SA Pfd,BRL,17.26,17.32,17.02,17.02 - 17.32,-0.05,-0.29,2026-08-10T17:57:30.000Z,181253349976.0,21899600,17.25,17.31,15.61438563 - 22.09790212,15.61438563,22.09790212,7.518076487498912,2.2958377
PETR4,PETR4,Petroleo Brasileiro SA Pfd,BRL,42.25,42.3,41.06,41.06 - 42.3,1.38,3.38,2026-08-10T18:27:30.000Z,557106967007.0,56042500,42.26,41.32,29.31 - 50.69,29.31,50.69,5.061638173736987,8.347058
VALE3,VALE3,Vale S.A.,BRL,75.93,76.11,74.7,74.7 - 76.11,0.96,1.28,2026-08-10T18:27:30.000Z,312544774480.0,10396600,75.93,74.9,52.86 - 91.62,52.86,91.62,31.348829528095457,2.4326809
BBAS3,BBAS3,Banco do Brasil S.A.,BRL,20.11,20.19,19.98,19.98 - 20.19,0.05,0.25,2026-08-10T18:28:30.000Z,114719454055.0,10153500,20.08,20.06,18.87 - 27.81,18.87,27.81,9.070816418583671,2.2170252
BBDC4,BBDC4,Banco Bradesco SA Pfd,BRL,17.29,17.32,17.02,17.02 - 17.32,-0.02,-0.12,2026-08-10T18:28:30.000Z,181253349976.0,23078300,17.29,17.31,15.61438563 - 22.09790212,15.61438563,22.09790212,7.5311438278595695,2.2958377
PETR4,PETR4,Petroleo Brasileiro SA Pfd,BRL,42.37,42.42,41.06,41.06 - 42.42,1.5,3.67,2026-08-10T19:01:30.000Z,557106967007.0,57948600,42.37,41.32,29.31 - 50.69,29.31,50.69,5.0760144241712695,8.347058
VALE3,VALE3,Vale S.A.,BRL,76.01,76.11,74.7,74.7 - 76.11,1.04,1.39,2026-08-10T19:01:30.000Z,312544774480.0,11516800,76.02,74.9,52.86 - 91.62,52.86,91.62,31.38185871764172,2.4326809
BBAS3,BBAS3,Banco do Brasil S.A.,BRL,20.09,20.19,19.98,19.98 - 20.19,0.03,0.15,2026-08-10T19:01:30.000Z,114719454055.0,11287700,20.09,20.06,18.87 - 27.81,18.87,27.81,9.061795218764097,2.2170252
BBDC4,BBDC4,Banco Bradesco SA Pfd,BRL,17.2,17.32,17.02,17.02 - 17.32,-0.11,-0.64,2026-08-10T19:01:30.000Z,181253349976.0,25572800,17.2,17.31,15.61438563 - 22.09790212,15.61438563,22.09790212,7.491941806777594,2.2958377
PETR4,PETR4,Petroleo Brasileiro SA Pfd,BRL,42.39,42.47,41.06,41.06 - 42.47,1.52,3.72,2026-08-10T19:30:30.000Z,557106967007.0,65175800,42.39,41.32,29.31 - 50.69,29.31,50.69,5.078410465910316,8.347058
VALE3,VALE3,Vale S.A.,BRL,76.13,76.14,74.7,74.7 - 76.14,1.16,1.55,2026-08-10T19:30:30.000Z,312544774480.0,11962000,76.13,74.9,52.86 - 91.62,52.86,91.62,31.431402501961102,2.4326809
BBAS3,BBAS3,Banco do Brasil S.A.,BRL,20.08,20.19,19.98,19.98 - 20.19,0.02,0.1,2026-08-10T19:30:30.000Z,114719454055.0,11965800,20.08,20.06,18.87 - 27.81,18.87,27.81,9.057284618854306,2.2170252
BBDC4,BBDC4,Banco Bradesco SA Pfd,BRL,17.18,17.32,17.02,17.02 - 17.32,-0.13,-0.75,2026-08-10T19:30:30.000Z,181253349976.0,26576500,17.18,17.31,15.61438563 - 22.09790212,15.61438563,22.09790212,7.483230246537155,2.2958377
PETR4,PETR4,Petroleo Brasileiro SA Pfd,BRL,42.38,42.47,41.06,41.06 - 42.47,1.51,3.69,2026-08-10T19:56:30.000Z,557106967007.0,67925900,42.36,41.32,29.31 - 50.69,29.31,50.69,5.077212445040793,8.347058
VALE3,VALE3,Vale S.A.,BRL,76.31,76.32,74.7,74.7 - 76.32,1.34,1.79,2026-08-10T19:56:30.000Z,312544774480.0,12605000,76.3,74.9,52.86 - 91.62,52.86,91.62,31.5057181784402,2.4326809
BBAS3,BBAS3,Banco do Brasil S.A.,BRL,20.13,20.19,19.98,19.98 - 20.19,0.07,0.35,2026-08-10T19:56:30.000Z,114719454055.0,12614700,20.08,20.06,18.87 - 27.81,18.87,27.81,9.079837618403246,2.2170252
BBDC4,BBDC4,Banco Bradesco SA Pfd,BRL,17.25,17.32,17.02,17.02 - 17.32,-0.06,-0.35,2026-08-10T19:56:30.000Z,181253349976.0,28447400,17.22,17.31,15.61438563 - 22.09790212,15.61438563,22.09790212,7.513720707378692,2.2958377
PETR4,PETR4,Petroleo Brasileiro SA Pfd,BRL,42.23,42.47,41.06,41.06 - 42.47,1.36,3.33,2026-08-10T20:23:30.000Z,557106967007.0,74802800,42.17,41.32,29.31 - 50.69,29.31,50.69,5.059242131997939,8.347058
VALE3,VALE3,Vale S.A.,BRL,75.93,76.33,74.7,74.7 - 76.33,0.96,1.28,2026-08-10T20:22:30.000Z,312544774480.0,15072000,76.25,74.9,52.86 - 91.62,52.86,91.62,31.348829528095457,2.4326809
BBAS3,BBAS3,Banco do Brasil S.A.,BRL,20.03,20.19,19.98,19.98 - 20.19,-0.03,-0.15,2026-08-10T20:23:30.000Z,114719454055.0,14137400,20.07,20.06,18.87 - 27.81,18.87,27.81,9.034731619305369,2.2170252
BBDC4,BBDC4,Banco Bradesco SA Pfd,BRL,17.18,17.32,17.02,17.02 - 17.32,-0.13,-0.75,2026-08-10T20:23:30.000Z,181253349976.0,31105700,17.2,17.31,15.61438563 - 22.09790212,15.61438563,22.09790212,7.483230246537155,2.2958377
PETR4,PETR4,Petroleo Brasileiro SA Pfd,BRL,42.16,42.5,42.05,42.05 - 42.5,-0.07,-0.17,2026-08-11T13:39:30.000Z,575642486859.0,1183000,42.14,42.4,29.31 - 50.69,29.31,50.69,4.074099127392905,10.3482633
VALE3,VALE3,Vale S.A.,BRL,76.28,76.46,76.04,76.04 - 76.46,0.35,0.46,2026-08-11T13:39:30.000Z,316546944581.0,843700,76.29,76.31,52.86 - 91.62,52.86,91.62,31.49333223236035,2.4326809
BBAS3,BBAS3,Banco do Brasil S.A.,BRL,19.96,20.02,19.93,19.93 - 20.02,-0.07,-0.35,2026-08-11T13:39:30.000Z,114547896544.0,623600,19.96,20.0,18.87 - 27.81,18.87,27.81,9.003157419936851,2.2170252
BBDC4,BBDC4,Banco Bradesco SA Pfd,BRL,17.16,17.25,17.14,17.14 - 17.25,-0.02,-0.12,2026-08-11T13:39:30.000Z,180080937838.0,898400,17.15,17.17,15.61438563 - 22.09790212,15.61438563,22.09790212,7.474518686296716,2.2958377
PETR4,PETR4,Petroleo Brasileiro SA Pfd,BRL,41.73,42.5,41.71,41.71 - 42.5,-0.5,-1.18,2026-08-11T14:09:30.000Z,575642486859.0,3115600,41.72,42.4,29.31 - 50.69,29.31,50.69,4.03254640858885,10.3482633
VALE3,VALE3,Vale S.A.,BRL,76.07,76.7,76.04,76.04 - 76.7,0.14,0.18,2026-08-11T14:09:30.000Z,316546944581.0,2661500,76.06,76.31,52.86 - 91.62,52.86,91.62,31.40663060980141,2.4326809
BBAS3,BBAS3,Banco do Brasil S.A.,BRL,20.04,20.11,19.93,19.93 - 20.11,0.01,0.05,2026-08-11T14:09:30.000Z,114547896544.0,1330300,20.04,20.0,18.87 - 27.81,18.87,27.81,9.039242219215154,2.2170252
BBDC4,BBDC4,Banco Bradesco SA Pfd,BRL,17.13,17.25,17.1,17.1 - 17.25,-0.05,-0.29,2026-08-11T14:09:30.000Z,180080937838.0,3892900,17.12,17.17,15.61438563 - 22.09790212,15.61438563,22.09790212,7.461451345936057,2.2958377
PETR4,PETR4,Petroleo Brasileiro SA Pfd,BRL,41.58,42.5,41.57,41.57 - 42.5,-0.65,-1.54,2026-08-11T14:35:30.000Z,575642486859.0,4557700,41.58,42.4,29.31 - 50.69,29.31,50.69,4.018051274122319,10.3482633
VALE3,VALE3,Vale S.A.,BRL,75.72,76.7,75.71,75.71 - 76.7,-0.21,-0.28,2026-08-11T14:35:30.000Z,316546944581.0,4700500,75.8,76.31,52.86 - 91.62,52.86,91.62,31.26212790553652,2.4326809
BBAS3,BBAS3,Banco do Brasil S.A.,BRL,19.86,20.11,19.83,19.83 - 20.11,-0.17,-0.85,2026-08-11T14:35:30.000Z,114547896544.0,2172400,19.86,20.0,18.87 - 27.81,18.87,27.81,8.958051420838972,2.2170252
BBDC4,BBDC4,Banco Bradesco SA Pfd,BRL,17.08,17.25,17.07,17.07 - 17.25,-0.1,-0.58,2026-08-11T14:35:30.000Z,180080937838.0,5446000,17.09,17.17,15.61438563 - 22.09790212,15.61438563,22.09790212,7.439672445334959,2.2958377
PETR4,PETR4,Petroleo Brasileiro SA Pfd,BRL,41.65,42.5,41.46,41.46 - 42.5,-0.58,-1.37,2026-08-11T15:01:30.000Z,575642486859.0,7327900,41.64,42.4,29.31 - 50.69,29.31,50.69,4.0248156702067,10.3482633
VALE3,VALE3,Vale S.A.,BRL,75.65,76.7,75.5,75.5 - 76.7,-0.28,-0.37,2026-08-11T15:01:30.000Z,316546944581.0,5883400,75.66,76.31,52.86 - 91.62,52.86,91.62,31.233227364683543,2.4326809
BBAS3,BBAS3,Banco do Brasil S.A.,BRL,19.79,20.11,19.79,19.79 - 20.11,-0.24,-1.2,2026-08-11T15:01:30.000Z,114547896544.0,2693800,19.8,20.0,18.87 - 27.81,18.87,27.81,8.926477221470455,2.2170252
BBDC4,BBDC4,Banco Bradesco SA Pfd,BRL,17.07,17.25,17.05,17.05 - 17.25,-0.11,-0.64,2026-08-11T15:01:30.000Z,180080937838.0,7023600,17.07,17.17,15.61438563 - 22.09790212,15.61438563,22.09790212,7.43531666521474,2.2958377
PETR4,PETR4,Petroleo Brasileiro SA Pfd,BRL,41.67,42.5,41.46,41.46 - 42.5,-0.56,-1.33,2026-08-11T15:29:30.000Z,575642486859.0,9879200,41.67,42.4,29.31 - 50.69,29.31,50.69,4.026748354802238,10.3482633
VALE3,VALE3,Vale S.A.,BRL,75.32,76.7,75.26,75.26 - 76.7,-0.61,-0.8,2026-08-11T15:29:30.000Z,316546944581.0,6978900,75.32,76.31,52.86 - 91.62,52.86,91.62,31.09698195780521,2.4326809
BBAS3,BBAS3,Banco do Brasil S.A.,BRL,19.66,20.11,19.62,19.62 - 20.11,-0.37,-1.85,2026-08-11T15:29:30.000Z,114547896544.0,3684300,19.66,20.0,18.87 - 27.81,18.87,27.81,8.867839422643211,2.2170252
BBDC4,BBDC4,Banco Bradesco SA Pfd,BRL,16.96,17.25,16.95,16.95 - 17.25,-0.22,-1.28,2026-08-11T15:29:30.000Z,180080937838.0,9547200,16.96,17.17,15.61438563 - 22.09790212,15.61438563,22.09790212,7.387403083892326,2.2958377
PETR4,PETR4,Petroleo Brasileiro SA Pfd,BRL,41.59,42.5,41.46,41.46 - 42.5,-0.64,-1.52,2026-08-11T16:00:30.000Z,575642486859.0,13142200,41.59,42.4,29.31 - 50.69,29.31,50.69,4.019017616420089,10.3482633
VALE3,VALE3,Vale S.A.,BRL,75.39,76.7,75.25,75.25 - 76.7,-0.54,-0.71,2026-08-11T16:00:30.000Z,316546944581.0,8213300,75.39,76.31,52.86 - 91.62,52.86,91.62,31.12588249865819,2.4326809
BBAS3,BBAS3,Banco do Brasil S.A.,BRL,19.58,20.11,19.56,19.56 - 20.11,-0.45,-2.25,2026-08-11T16:00:30.000Z,114547896544.0,4543400,19.57,20.0,18.87 - 27.81,18.87,27.81,8.831754623364906,2.2170252
BBDC4,BBDC4,Banco Bradesco SA Pfd,BRL,16.85,17.25,16.85,16.85 - 17.25,-0.33,-1.92,2026-08-11T16:00:30.000Z,180080937838.0,13880000,16.85,17.17,15.61438563 - 22.09790212,15.61438563,22.09790212,7.339489502569911,2.2958377
PETR4,PETR4,Petroleo Brasileiro SA Pfd,BRL,41.48,42.5,41.42,41.42 - 42.5,-0.75,-1.78,2026-08-11T16:28:30.000Z,575642486859.0,14697100,41.48,42.4,29.31 - 50.69,29.31,50.69,4.008387851144632,10.3482633
VALE3,VALE3,Vale S.A.,BRL,75.25,76.7,75.2,75.2 - 76.7,-0.68,-0.9,2026-08-11T16:27:30.000Z,316546944581.0,9446600,75.23,76.31,52.86 - 91.62,52.86,91.62,31.068081416952232,2.4326809
BBAS3,BBAS3,Banco do Brasil S.A.,BRL,19.62,20.11,19.55,19.55 - 20.11,-0.41,-2.05,2026-08-11T16:27:30.000Z,114547896544.0,5642000,19.62,20.0,18.87 - 27.81,18.87,27.81,8.84979702300406,2.2170252
BBDC4,BBDC4,Banco Bradesco SA Pfd,BRL,16.9,17.25,16.85,16.85 - 17.25,-0.28,-1.63,2026-08-11T16:28:30.000Z,180080937838.0,16283600,16.89,17.17,15.61438563 - 22.09790212,15.61438563,22.09790212,7.361268403171008,2.2958377
PETR4,PETR4,Petroleo Brasileiro SA Pfd,BRL,41.35,42.5,41.24,41.24 - 42.5,-0.88,-2.08,2026-08-11T17:00:30.000Z,575642486859.0,28275800,41.37,42.4,29.31 - 50.69,29.31,50.69,3.995825401273639,10.3482633
VALE3,VALE3,Vale S.A.,BRL,74.67,76.7,74.56,74.56 - 76.7,-1.26,-1.66,2026-08-11T17:00:30.000Z,316546944581.0,11828500,74.67,76.31,52.86 - 91.62,52.86,91.62,30.82861979274184,2.4326809
BBAS3,BBAS3,Banco do Brasil S.A.,BRL,19.55,20.11,19.52,19.52 - 20.11,-0.48,-2.4,2026-08-11T17:00:30.000Z,114547896544.0,6411400,19.55,20.0,18.87 - 27.81,18.87,27.81,8.818222823635544,2.2170252
BBDC4,BBDC4,Banco Bradesco SA Pfd,BRL,16.9,17.25,16.85,16.85 - 17.25,-0.28,-1.63,2026-08-11T17:00:30.000Z,180080937838.0,18249100,16.89,17.17,15.61438563 - 22.09790212,15.61438563,22.09790212,7.361268403171008,2.2958377
PETR4,PETR4,Petroleo Brasileiro SA Pfd,BRL,41.15,42.5,41.14,41.14 - 42.5,-1.08,-2.56,2026-08-11T17:30:30.000Z,575642486859.0,30251600,41.14,42.4,29.31 - 50.69,29.31,50.69,3.976498555318265,10.3482633
VALE3,VALE3,Vale S.A.,BRL,74.1,76.7,74.09,74.09 - 76.7,-1.83,-2.41,2026-08-11T17:30:30.000Z,316546944581.0,15795200,74.12,76.31,52.86 - 91.62,52.86,91.62,30.593286817224723,2.4326809
BBAS3,BBAS3,Banco do Brasil S.A.,BRL,19.46,20.11,19.45,19.45 - 20.11,-0.57,-2.85,2026-08-11T17:30:30.000Z,114547896544.0,8077800,19.46,20.0,18.87 - 27.81,18.87,27.81,8.777627424447452,2.2170252
BBDC4,BBDC4,Banco Bradesco SA Pfd,BRL,16.87,17.25,16.85,16.85 - 17.25,-0.31,-1.8,2026-08-11T17:30:30.000Z,180080937838.0,20468100,16.88,17.17,15.61438563 - 22.09790212,15.61438563,22.09790212,7.34820106281035,2.2958377
PETR4,PETR4,Petroleo Brasileiro SA Pfd,BRL,41.16,42.5,41.01,41.01 - 42.5,-1.07,-2.53,2026-08-11T17:59:30.000Z,575642486859.0,31894500,41.15,42.4,29.31 - 50.69,29.31,50.69,3.9774648976160334,10.3482633
VALE3,VALE3,Vale S.A.,BRL,73.75,76.7,73.71,73.71 - 76.7,-2.18,-2.87,2026-08-11T17:59:30.000Z,316546944581.0,26629000,73.73,76.31,52.86 - 91.62,52.86,91.62,30.448784112959828,2.4326809
BBAS3,BBAS3,Banco do Brasil S.A.,BRL,19.39,20.11,19.38,19.38 - 20.11,-0.64,-3.2,2026-08-11T17:59:30.000Z,114547896544.0,9027900,19.39,20.0,18.87 - 27.81,18.87,27.81,8.746053225078935,2.2170252
BBDC4,BBDC4,Banco Bradesco SA Pfd,BRL,16.87,17.25,16.83,16.83 - 17.25,-0.31,-1.8,2026-08-11T17:59:30.000Z,180080937838.0,22906200,16.88,17.17,15.61438563 - 22.09790212,15.61438563,22.09790212,7.34820106281035,2.2958377
PETR4,PETR4,Petroleo Brasileiro SA Pfd,BRL,41.34,42.5,41.01,41.01 - 42.5,-0.89,-2.11,2026-08-11T18:28:30.000Z,575642486859.0,34489300,41.35,42.4,29.31 - 50.69,29.31,50.69,3.994859058975871,10.3482633
VALE3,VALE3,Vale S.A.,BRL,74.19,76.7,73.71,73.71 - 76.7,-1.74,-2.29,2026-08-11T18:28:30.000Z,316546944581.0,28709800,74.19,76.31,52.86 - 91.62,52.86,91.62,30.630444655464267,2.4326809
BBAS3,BBAS3,Banco do Brasil S.A.,BRL,19.37,20.11,19.34,19.34 - 20.11,-0.66,-3.3,2026-08-11T18:28:30.000Z,114547896544.0,10329900,19.38,20.0,18.87 - 27.81,18.87,27.81,8.73703202525936,2.2170252
BBDC4,BBDC4,Banco Bradesco SA Pfd,BRL,16.83,17.25,16.77,16.77 - 17.25,-0.35,-2.04,2026-08-11T18:28:30.000Z,180080937838.0,25308200,16.83,17.17,15.61438563 - 22.09790212,15.61438563,22.09790212,7.330777942329471,2.2958377
PETR4,PETR4,Petroleo Brasileiro SA Pfd,BRL,41.25,42.5,41.01,41.01 - 42.5,-0.98,-2.32,2026-08-11T19:01:30.000Z,575642486859.0,41038000,41.24,42.4,29.31 - 50.69,29.31,50.69,3.986161978295952,10.3482633
VALE3,VALE3,Vale S.A.,BRL,74.33,76.7,73.71,73.71 - 76.7,-1.6,-2.11,2026-08-11T19:01:30.000Z,316546944581.0,29853700,74.33,76.31,52.86 - 91.62,52.86,91.62,30.688245737170224,2.4326809
BBAS3,BBAS3,Banco do Brasil S.A.,BRL,19.33,20.11,19.31,19.31 - 20.11,-0.7,-3.49,2026-08-11T19:01:30.000Z,114547896544.0,11430500,19.33,20.0,18.87 - 27.81,18.87,27.81,8.718989625620207,2.2170252
BBDC4,BBDC4,Banco Bradesco SA Pfd,BRL,16.83,17.25,16.77,16.77 - 17.25,-0.35,-2.04,2026-08-11T19:01:30.000Z,180080937838.0,28703200,16.82,17.17,15.61438563 - 22.09790212,15.61438563,22.09790212,7.330777942329471,2.2958377
PETR4,PETR4,Petroleo Brasileiro SA Pfd,BRL,41.48,42.5,41.01,41.01 - 42.5,-0.75,-1.78,2026-08-11T19:32:30.000Z,575642486859.0,45911500,41.48,42.4,29.31 - 50.69,29.31,50.69,4.008387851144632,10.3482633
VALE3,VALE3,Vale S.A.,BRL,74.42,76.7,73.71,73.71 - 76.7,-1.51,-1.99,2026-08-11T19:32:30.000Z,316546944581.0,30984100,74.43,76.31,52.86 - 91.62,52.86,91.62,30.72540357540977,2.4326809
BBAS3,BBAS3,Banco do Brasil S.A.,BRL,19.36,20.11,19.31,19.31 - 20.11,-0.67,-3.34,2026-08-11T19:32:30.000Z,114547896544.0,13292200,19.36,20.0,18.87 - 27.81,18.87,27.81,8.73252142534957,2.2170252
BBDC4,BBDC4,Banco Bradesco SA Pfd,BRL,16.82,17.25,16.77,16.77 - 17.25,-0.36,-2.1,2026-08-11T19:31:30.000Z,180080937838.0,32330100,16.83,17.17,15.61438563 - 22.09790212,15.61438563,22.09790212,7.326422162209252,2.2958377
PETR4,PETR4,Petroleo Brasileiro SA Pfd,BRL,41.61,42.5,41.01,41.01 - 42.5,-0.62,-1.47,2026-08-11T20:00:30.000Z,575642486859.0,47674800,41.6,42.4,29.31 - 50.69,29.31,50.69,4.020950301015626,10.3482633
VALE3,VALE3,Vale S.A.,BRL,74.38,76.7,73.71,73.71 - 76.7,-1.55,-2.04,2026-08-11T20:00:30.000Z,316546944581.0,32859700,74.37,76.31,52.86 - 91.62,52.86,91.62,30.70888898063664,2.4326809
BBAS3,BBAS3,Banco do Brasil S.A.,BRL,19.25,20.11,19.24,19.24 - 20.11,-0.78,-3.89,2026-08-11T20:00:30.000Z,114547896544.0,14707000,19.26,20.0,18.87 - 27.81,18.87,27.81,8.682904826341904,2.2170252
BBDC4,BBDC4,Banco Bradesco SA Pfd,BRL,16.79,17.25,16.77,16.77 - 17.25,-0.39,-2.27,2026-08-11T19:59:30.000Z,180080937838.0,34939900,16.79,17.17,15.61438563 - 22.09790212,15.61438563,22.09790212,7.313354821848593,2.2958377
PETR4,PETR4,Petroleo Brasileiro SA Pfd,BRL,41.66,42.5,41.01,41.01 - 42.5,-0.57,-1.35,2026-08-11T20:23:30.000Z,575642486859.0,53951300,41.63,42.4,29.31 - 50.69,29.31,50.69,4.025782012504469,10.3482633
VALE3,VALE3,Vale S.A.,BRL,74.4,76.7,73.71,73.71 - 76.7,-1.53,-2.02,2026-08-11T20:23:30.000Z,316546944581.0,36165200,74.39,76.31,52.86 - 91.62,52.86,91.62,30.717146278023208,2.4326809
BBAS3,BBAS3,Banco do Brasil S.A.,BRL,19.28,20.11,19.24,19.24 - 20.11,-0.75,-3.74,2026-08-11T20:23:30.000Z,114547896544.0,15373700,19.28,20.0,18.87 - 27.81,18.87,27.81,8.696436626071268,2.2170252
BBDC4,BBDC4,Banco Bradesco SA Pfd,BRL,16.79,17.25,16.77,16.77 - 17.25,-0.39,-2.27,2026-08-11T20:24:30.000Z,180080937838.0,36631300,16.79,17.17,15.61438563 - 22.09790212,15.61438563,22.09790212,7.313354821848593,2.2958377
PETR4,PETR4,Petroleo Brasileiro SA Pfd,BRL,41.66,42.5,41.01,41.01 - 42.5,-0.57,-1.35,2026-08-11T20:57:30.000Z,575642486859.0,53977100,41.63,42.4,29.31 - 50.69,29.31,50.69,4.025782012504469,10.3482633
VALE3,VALE3,Vale S.A.,BRL,74.4,76.7,73.71,73.71 - 76.7,-1.53,-2.02,2026-08-11T20:57:30.000Z,316546944581.0,36184800,74.39,76.31,52.86 - 91.62,52.86,91.62,30.717146278023208,2.4326809
BBAS3,BBAS3,Banco do Brasil S.A.,BRL,19.28,20.11,19.24,19.24 - 20.11,-0.75,-3.74,2026-08-11T20:57:30.000Z,114547896544.0,17749800,19.28,20.0,18.87 - 27.81,18.87,27.81,8.696436626071268,2.2170252
BBDC4,BBDC4,Banco Bradesco SA Pfd,BRL,16.79,17.25,16.77,16.77 - 17.25,-0.39,-2.27,2026-08-11T20:57:30.000Z,180080937838.0,51810800,16.79,17.17,15.61438563 - 22.09790212,15.61438563,22.09790212,7.313354821848593,2.2958377
PETR4,PETR4,Petroleo Brasileiro SA Pfd,BRL,41.24,41.56,41.15,41.15 - 41.56,-0.42,-1.01,2026-08-12T13:40:30.000Z,567554356936.0,10592900,41.17,41.5,29.31 - 50.69,29.31,50.69,3.985195635998184,10.3482633
VALE3,VALE3,Vale S.A.,BRL,73.35,73.42,72.8,72.8 - 73.42,-1.05,-1.41,2026-08-12T13:40:30.000Z,310168484988.0,1483800,73.32,73.11,52.86 - 91.62,52.86,91.62,30.28363816522852,2.4326809
BBAS3,BBAS3,Banco do Brasil S.A.,BRL,19.2,19.43,19.16,19.16 - 19.43,-0.08,-0.41,2026-08-12T13:40:30.000Z,110258784239.0,1448000,19.2,19.39,18.87 - 27.81,18.87,27.81,8.660351826792963,2.2170252
BBDC4,BBDC4,Banco Bradesco SA Pfd,BRL,16.77,16.9,16.74,16.74 - 16.9,-0.02,-0.12,2026-08-12T13:40:30.000Z,175948807635.0,1768500,16.78,16.88,15.61438563 - 22.09790212,15.61438563,22.09790212,7.304643261608154,2.2958377
PETR4,PETR4,Petroleo Brasileiro SA Pfd,BRL,41.68,41.68,41.15,41.15 - 41.68,0.02,0.05,2026-08-12T14:10:30.000Z,567554356936.0,12799300,41.68,41.5,29.31 - 50.69,29.31,50.69,4.027714697100007,10.3482633
VALE3,VALE3,Vale S.A.,BRL,72.84,73.54,72.66,72.66 - 73.54,-1.56,-2.1,2026-08-12T14:10:30.000Z,310168484988.0,3865700,72.92,73.11,52.86 - 91.62,52.86,91.62,30.073077081871105,2.4326809
BBAS3,BBAS3,Banco do Brasil S.A.,BRL,19.19,19.43,19.16,19.16 - 19.43,-0.09,-0.47,2026-08-12T14:10:30.000Z,110258784239.0,3299200,19.18,19.39,18.87 - 27.81,18.87,27.81,8.655841226883176,2.2170252
BBDC4,BBDC4,Banco Bradesco SA Pfd,BRL,16.72,16.9,16.7,16.7 - 16.9,-0.07,-0.42,2026-08-12T14:10:30.000Z,175948807635.0,4554600,16.72,16.88,15.61438563 - 22.09790212,15.61438563,22.09790212,7.282864361007056,2.2958377
PETR4,PETR4,Petroleo Brasileiro SA Pfd,BRL,41.72,41.97,41.15,41.15 - 41.97,0.06,0.14,2026-08-12T14:36:30.000Z,567554356936.0,15018500,41.72,41.5,29.31 - 50.69,29.31,50.69,4.031580066291082,10.3482633
VALE3,VALE3,Vale S.A.,BRL,73.1,73.54,72.66,72.66 - 73.54,-1.3,-1.75,2026-08-12T14:36:30.000Z,310168484988.0,5883800,73.14,73.11,52.86 - 91.62,52.86,91.62,30.18042194789645,2.4326809
BBAS3,BBAS3,Banco do Brasil S.A.,BRL,19.41,19.44,19.16,19.16 - 19.44,0.13,0.67,2026-08-12T14:36:30.000Z,110258784239.0,5615100,19.4,19.39,18.87 - 27.81,18.87,27.81,8.755074424898512,2.2170252
BBDC4,BBDC4,Banco Bradesco SA Pfd,BRL,16.82,16.9,16.67,16.67 - 16.9,0.03,0.18,2026-08-12T14:36:30.000Z,175948807635.0,6414600,16.81,16.88,15.61438563 - 22.09790212,15.61438563,22.09790212,7.326422162209252,2.2958377
PETR4,PETR4,Petroleo Brasileiro SA Pfd,BRL,41.63,41.97,41.15,41.15 - 41.97,-0.03,-0.07,2026-08-12T15:01:30.000Z,567554356936.0,26580400,41.63,41.5,29.31 - 50.69,29.31,50.69,4.022882985611163,10.3482633
VALE3,VALE3,Vale S.A.,BRL,73.04,73.54,72.66,72.66 - 73.54,-1.36,-1.83,2026-08-12T15:01:30.000Z,310168484988.0,7021300,73.03,73.11,52.86 - 91.62,52.86,91.62,30.15565005573676,2.4326809
BBAS3,BBAS3,Banco do Brasil S.A.,BRL,19.33,19.44,19.16,19.16 - 19.44,0.05,0.26,2026-08-12T15:01:30.000Z,110258784239.0,6536100,19.33,19.39,18.87 - 27.81,18.87,27.81,8.718989625620207,2.2170252
BBDC4,BBDC4,Banco Bradesco SA Pfd,BRL,16.81,16.9,16.67,16.67 - 16.9,0.02,0.12,2026-08-12T15:01:30.000Z,175948807635.0,8297500,16.82,16.88,15.61438563 - 22.09790212,15.61438563,22.09790212,7.322066382089032,2.2958377
PETR4,PETR4,Petroleo Brasileiro SA Pfd,BRL,41.67,41.97,41.15,41.15 - 41.97,0.01,0.02,2026-08-12T15:29:30.000Z,567554356936.0,27679300,41.67,41.5,29.31 - 50.69,29.31,50.69,4.026748354802238,10.3482633
VALE3,VALE3,Vale S.A.,BRL,73.11,73.54,72.66,72.66 - 73.54,-1.29,-1.73,2026-08-12T15:29:30.000Z,310168484988.0,7972000,73.11,73.11,52.86 - 91.62,52.86,91.62,30.184550596589737,2.4326809
BBAS3,BBAS3,Banco do Brasil S.A.,BRL,19.36,19.44,19.16,19.16 - 19.44,0.08,0.41,2026-08-12T15:29:30.000Z,110258784239.0,7388000,19.36,19.39,18.87 - 27.81,18.87,27.81,8.73252142534957,2.2170252
BBDC4,BBDC4,Banco Bradesco SA Pfd,BRL,16.84,16.9,16.67,16.67 - 16.9,0.05,0.3,2026-08-12T15:29:30.000Z,175948807635.0,10172800,16.84,16.88,15.61438563 - 22.09790212,15.61438563,22.09790212,7.335133722449691,2.2958377
PETR4,PETR4,Petroleo Brasileiro SA Pfd,BRL,41.64,41.97,41.15,41.15 - 41.97,-0.02,-0.05,2026-08-12T16:01:30.000Z,567554356936.0,28803100,41.64,41.5,29.31 - 50.69,29.31,50.69,4.023849327908932,10.3482633
VALE3,VALE3,Vale S.A.,BRL,73.24,73.54,72.66,72.66 - 73.54,-1.16,-1.56,2026-08-12T16:00:30.000Z,310168484988.0,8998400,73.24,73.11,52.86 - 91.62,52.86,91.62,30.23822302960241,2.4326809
BBAS3,BBAS3,Banco do Brasil S.A.,BRL,19.32,19.44,19.16,19.16 - 19.44,0.04,0.21,2026-08-12T16:00:30.000Z,110258784239.0,7906000,19.31,19.39,18.87 - 27.81,18.87,27.81,8.71447902571042,2.2170252
BBDC4,BBDC4,Banco Bradesco SA Pfd,BRL,16.8,16.9,16.67,16.67 - 16.9,0.01,0.06,2026-08-12T16:00:30.000Z,175948807635.0,11459400,16.81,16.88,15.61438563 - 22.09790212,15.61438563,22.09790212,7.317710601968813,2.2958377
PETR4,PETR4,Petroleo Brasileiro SA Pfd,BRL,41.61,41.97,41.15,41.15 - 41.97,-0.05,-0.12,2026-08-12T16:28:30.000Z,567554356936.0,29676400,41.6,41.5,29.31 - 50.69,29.31,50.69,4.020950301015626,10.3482633
VALE3,VALE3,Vale S.A.,BRL,73.26,73.54,72.66,72.66 - 73.54,-1.14,-1.53,2026-08-12T16:28:30.000Z,310168484988.0,9442500,73.25,73.11,52.86 - 91.62,52.86,91.62,30.24648032698898,2.4326809
BBAS3,BBAS3,Banco do Brasil S.A.,BRL,19.3,19.44,19.16,19.16 - 19.44,0.02,0.1,2026-08-12T16:28:30.000Z,110258784239.0,8378800,19.31,19.39,18.87 - 27.81,18.87,27.81,8.705457825890843,2.2170252
BBDC4,BBDC4,Banco Bradesco SA Pfd,BRL,16.81,16.9,16.67,16.67 - 16.9,0.02,0.12,2026-08-12T16:28:30.000Z,175948807635.0,12782300,16.81,16.88,15.61438563 - 22.09790212,15.61438563,22.09790212,7.322066382089032,2.2958377
PETR4,PETR4,Petroleo Brasileiro SA Pfd,BRL,41.76,41.97,41.15,41.15 - 41.97,0.1,0.24,2026-08-12T17:00:30.000Z,567554356936.0,31500300,41.76,41.5,29.31 - 50.69,29.31,50.69,4.035445435482156,10.3482633
VALE3,VALE3,Vale S.A.,BRL,73.33,73.54,72.66,72.66 - 73.54,-1.07,-1.44,2026-08-12T17:00:30.000Z,310168484988.0,12193400,73.34,73.11,52.86 - 91.62,52.86,91.62,30.27538086784196,2.4326809
BBAS3,BBAS3,Banco do Brasil S.A.,BRL,19.31,19.44,19.16,19.16 - 19.44,0.03,0.16,2026-08-12T17:00:30.000Z,110258784239.0,8887300,19.3,19.39,18.87 - 27.81,18.87,27.81,8.70996842580063,2.2170252
BBDC4,BBDC4,Banco Bradesco SA Pfd,BRL,16.83,16.9,16.67,16.67 - 16.9,0.04,0.24,2026-08-12T17:00:30.000Z,175948807635.0,13983100,16.83,16.88,15.61438563 - 22.09790212,15.61438563,22.09790212,7.330777942329471,2.2958377
PETR4,PETR4,Petroleo Brasileiro SA Pfd,BRL,41.79,41.97,41.15,41.15 - 41.97,0.13,0.31,2026-08-12T17:30:30.000Z,567554356936.0,39316300,41.8,41.5,29.31 - 50.69,29.31,50.69,4.038344462375463,10.3482633
VALE3,VALE3,Vale S.A.,BRL,73.19,73.54,72.66,72.66 - 73.54,-1.21,-1.63,2026-08-12T17:30:30.000Z,310168484988.0,15499200,73.19,73.11,52.86 - 91.62,52.86,91.62,30.217579786136,2.4326809
BBAS3,BBAS3,Banco do Brasil S.A.,BRL,19.29,19.44,19.16,19.16 - 19.44,0.01,0.05,2026-08-12T17:30:30.000Z,110258784239.0,9707400,19.29,19.39,18.87 - 27.81,18.87,27.81,8.700947225981055,2.2170252
BBDC4,BBDC4,Banco Bradesco SA Pfd,BRL,16.85,16.9,16.67,16.67 - 16.9,0.06,0.36,2026-08-12T17:30:30.000Z,175948807635.0,16247400,16.85,16.88,15.61438563 - 22.09790212,15.61438563,22.09790212,7.339489502569911,2.2958377
PETR4,PETR4,Petroleo Brasileiro SA Pfd,BRL,41.64,41.97,41.15,41.15 - 41.97,-0.02,-0.05,2026-08-12T18:00:30.000Z,567554356936.0,41503100,41.63,41.5,29.31 - 50.69,29.31,50.69,4.023849327908932,10.3482633
VALE3,VALE3,Vale S.A.,BRL,73.02,73.54,72.66,72.66 - 73.54,-1.38,-1.85,2026-08-12T17:59:30.000Z,310168484988.0,17592600,73.01,73.11,52.86 - 91.62,52.86,91.62,30.14739275835019,2.4326809
BBAS3,BBAS3,Banco do Brasil S.A.,BRL,19.3,19.44,19.16,19.16 - 19.44,0.02,0.1,2026-08-12T18:00:30.000Z,110258784239.0,10572000,19.3,19.39,18.87 - 27.81,18.87,27.81,8.705457825890843,2.2170252
BBDC4,BBDC4,Banco Bradesco SA Pfd,BRL,16.82,16.9,16.67,16.67 - 16.9,0.03,0.18,2026-08-12T18:00:30.000Z,175948807635.0,18894300,16.82,16.88,15.61438563 - 22.09790212,15.61438563,22.09790212,7.326422162209252,2.2958377
PETR4,PETR4,Petroleo Brasileiro SA Pfd,BRL,41.7,41.97,41.15,41.15 - 41.97,0.04,0.1,2026-08-12T18:29:30.000Z,567554356936.0,43040300,41.69,41.5,29.31 - 50.69,29.31,50.69,4.029647381695544,10.3482633
VALE3,VALE3,Vale S.A.,BRL,73.06,73.54,72.66,72.66 - 73.54,-1.34,-1.8,2026-08-12T18:28:30.000Z,310168484988.0,18485900,73.05,73.11,52.86 - 91.62,52.86,91.62,30.163907353123324,2.4326809
BBAS3,BBAS3,Banco do Brasil S.A.,BRL,19.32,19.44,19.16,19.16 - 19.44,0.04,0.21,2026-08-12T18:29:30.000Z,110258784239.0,11904200,19.32,19.39,18.87 - 27.81,18.87,27.81,8.71447902571042,2.2170252
BBDC4,BBDC4,Banco Bradesco SA Pfd,BRL,16.81,16.9,16.67,16.67 - 16.9,0.02,0.12,2026-08-12T18:28:30.000Z,175948807635.0,21299400,16.81,16.88,15.61438563 - 22.09790212,15.61438563,22.09790212,7.322066382089032,2.2958377
PETR4,PETR4,Petroleo Brasileiro SA Pfd,BRL,41.57,41.97,41.15,41.15 - 41.97,-0.09,-0.22,2026-08-12T19:01:30.000Z,567554356936.0,45070500,41.57,41.5,29.31 - 50.69,29.31,50.69,4.017084931824551,10.3482633
VALE3,VALE3,Vale S.A.,BRL,72.94,73.54,72.66,72.66 - 73.54,-1.46,-1.96,2026-08-12T19:01:30.000Z,310168484988.0,20372600,72.93,73.11,52.86 - 91.62,52.86,91.62,30.11436356880393,2.4326809
BBAS3,BBAS3,Banco do Brasil S.A.,BRL,19.34,19.44,19.16,19.16 - 19.44,0.06,0.31,2026-08-12T19:01:30.000Z,110258784239.0,13113200,19.33,19.39,18.87 - 27.81,18.87,27.81,8.723500225529994,2.2170252
BBDC4,BBDC4,Banco Bradesco SA Pfd,BRL,16.85,16.9,16.67,16.67 - 16.9,0.06,0.36,2026-08-12T19:01:30.000Z,175948807635.0,25583800,16.85,16.88,15.61438563 - 22.09790212,15.61438563,22.09790212,7.339489502569911,2.2958377
PETR4,PETR4,Petroleo Brasileiro SA Pfd,BRL,41.53,41.97,41.15,41.15 - 41.97,-0.13,-0.31,2026-08-12T19:33:30.000Z,567554356936.0,54151200,41.54,41.5,29.31 - 50.69,29.31,50.69,4.013219562633476,10.3482633
VALE3,VALE3,Vale S.A.,BRL,73.06,73.54,72.66,72.66 - 73.54,-1.34,-1.8,2026-08-12T19:33:30.000Z,310168484988.0,21239600,73.04,73.11,52.86 - 91.62,52.86,91.62,30.163907353123324,2.4326809
BBAS3,BBAS3,Banco do Brasil S.A.,BRL,19.37,19.44,19.16,19.16 - 19.44,0.09,0.47,2026-08-12T19:32:30.000Z,110258784239.0,17706000,19.37,19.39,18.87 - 27.81,18.87,27.81,8.73703202525936,2.2170252
BBDC4,BBDC4,Banco Bradesco SA Pfd,BRL,16.85,16.9,16.67,16.67 - 16.9,0.06,0.36,2026-08-12T19:33:30.000Z,175948807635.0,28027900,16.84,16.88,15.61438563 - 22.09790212,15.61438563,22.09790212,7.339489502569911,2.2958377
PETR4,PETR4,Petroleo Brasileiro SA Pfd,BRL,41.4,41.97,41.15,41.15 - 41.97,-0.26,-0.62,2026-08-12T20:00:30.000Z,567554356936.0,58847400,41.39,41.5,29.31 - 50.69,29.31,50.69,4.000657112762482,10.3482633
VALE3,VALE3,Vale S.A.,BRL,73.09,73.54,72.66,72.66 - 73.54,-1.31,-1.76,2026-08-12T20:00:30.000Z,310168484988.0,22250200,73.09,73.11,52.86 - 91.62,52.86,91.62,30.176293299203174,2.4326809
BBAS3,BBAS3,Banco do Brasil S.A.,BRL,19.14,19.44,19.04,19.04 - 19.44,-0.14,-0.73,2026-08-12T20:00:30.000Z,110258784239.0,22424700,19.14,19.39,18.87 - 27.81,18.87,27.81,8.633288227334235,2.2170252
BBDC4,BBDC4,Banco Bradesco SA Pfd,BRL,16.82,16.9,16.67,16.67 - 16.9,0.03,0.18,2026-08-12T20:00:30.000Z,175948807635.0,33441400,16.81,16.88,15.61438563 - 22.09790212,15.61438563,22.09790212,7.326422162209252,2.2958377
PETR4,PETR4,Petroleo Brasileiro SA Pfd,BRL,41.45,41.97,41.15,41.15 - 41.97,-0.21,-0.5,2026-08-12T20:23:30.000Z,567554356936.0,63820600,41.41,41.5,29.31 - 50.69,29.31,50.69,4.005488824251327,10.3482633
VALE3,VALE3,Vale S.A.,BRL,73.18,73.54,72.66,72.66 - 73.54,-1.22,-1.64,2026-08-12T20:23:30.000Z,310168484988.0,24815000,72.88,73.11,52.86 - 91.62,52.86,91.62,30.21345113744272,2.4326809
BBAS3,BBAS3,Banco do Brasil S.A.,BRL,19.1,19.44,19.04,19.04 - 19.44,-0.18,-0.93,2026-08-12T20:23:30.000Z,110258784239.0,23731700,19.1,19.39,18.87 - 27.81,18.87,27.81,8.615245827695084,2.2170252
BBDC4,BBDC4,Banco Bradesco SA Pfd,BRL,16.74,16.9,16.67,16.67 - 16.9,-0.05,-0.3,2026-08-12T20:23:30.000Z,175948807635.0,44403700,16.74,16.88,15.61438563 - 22.09790212,15.61438563,22.09790212,7.291575921247495,2.2958377
PETR4,PETR4,Petroleo Brasileiro SA Pfd,BRL,41.45,41.97,41.15,41.15 - 41.97,-0.21,-0.5,2026-08-12T20:57:30.000Z,567554356936.0,63857200,41.41,41.5,29.31 - 50.69,29.31,50.69,4.005488824251327,10.3482633
VALE3,VALE3,Vale S.A.,BRL,73.18,73.54,72.66,72.66 - 73.54,-1.22,-1.64,2026-08-12T20:57:30.000Z,310168484988.0,24883900,72.88,73.11,52.86 - 91.62,52.86,91.62,30.21345113744272,2.4326809
BBAS3,BBAS3,Banco do Brasil S.A.,BRL,19.0,19.44,19.0,19 - 19.44,-0.28,-1.45,2026-08-12T20:57:30.000Z,110258784239.0,28266700,19.1,19.39,18.87 - 27.81,18.87,27.81,8.570139828597203,2.2170252
BBDC4,BBDC4,Banco Bradesco SA Pfd,BRL,16.74,16.9,16.67,16.67 - 16.9,-0.05,-0.3,2026-08-12T20:57:30.000Z,175948807635.0,44425300,16.74,16.88,15.61438563 - 22.09790212,15.61438563,22.09790212,7.291575921247495,2.2958377
PETR4,PETR4,Petroleo Brasileiro SA Pfd,BRL,41.36,41.5,41.07,41.07 - 41.5,-0.09,-0.22,2026-08-13T13:41:30.000Z,564876128690.0,1406700,41.36,41.15,29.31 - 50.69,29.31,50.69,3.996791743571408,10.3482633
VALE3,VALE3,Vale S.A.,BRL,72.81,73.2,72.2,72.2 - 73.2,-0.37,-0.51,2026-08-13T13:40:30.000Z,305082383879.0,902600,72.89,72.2,52.86 - 91.62,52.86,91.62,30.060691135791256,2.4326809
BBAS3,BBAS3,Banco do Brasil S.A.,BRL,18.95,19.17,18.6,18.6 - 19.17,-0.05,-0.26,2026-08-13T13:40:30.000Z,108657511719.0,9338900,18.96,18.9,18.6 - 27.81,18.6,27.81,8.547586829048262,2.2170252
BBDC4,BBDC4,Banco Bradesco SA Pfd,BRL,16.84,16.84,16.7,16.7 - 16.84,0.1,0.6,2026-08-13T13:40:30.000Z,175558067520.0,1099300,16.83,16.73,15.61438563 - 22.09790212,15.61438563,22.09790212,7.335133722449691,2.2958377
PETR4,PETR4,Petroleo Brasileiro SA Pfd,BRL,41.24,41.54,41.07,41.07 - 41.54,-0.21,-0.51,2026-08-13T14:10:30.000Z,564876128690.0,5576900,41.24,41.15,29.31 - 50.69,29.31,50.69,3.985195635998184,10.3482633
VALE3,VALE3,Vale S.A.,BRL,72.5,73.2,72.2,72.2 - 73.2,-0.68,-0.93,2026-08-13T14:11:30.000Z,305082383879.0,2259300,72.5,72.2,52.86 - 91.62,52.86,91.62,29.93270302629949,2.4326809
BBAS3,BBAS3,Banco do Brasil S.A.,BRL,18.93,19.17,18.6,18.6 - 19.17,-0.07,-0.37,2026-08-13T14:10:30.000Z,108657511719.0,14313700,18.93,18.9,18.6 - 27.81,18.6,27.81,8.538565629228687,2.2170252
BBDC4,BBDC4,Banco Bradesco SA Pfd,BRL,16.94,17.03,16.7,16.7 - 17.03,0.2,1.19,2026-08-13T14:10:30.000Z,175558067520.0,9142600,16.95,16.73,15.61438563 - 22.09790212,15.61438563,22.09790212,7.378691523651887,2.2958377
PETR4,PETR4,Petroleo Brasileiro SA Pfd,BRL,41.27,41.54,41.07,41.07 - 41.54,-0.18,-0.43,2026-08-13T14:37:30.000Z,564876128690.0,7059400,41.28,41.15,29.31 - 50.69,29.31,50.69,3.9880946628914895,10.3482633
VALE3,VALE3,Vale S.A.,BRL,72.0,73.2,71.91,71.91 - 73.2,-1.18,-1.61,2026-08-13T14:37:30.000Z,305082383879.0,3717000,72.0,72.2,52.86 - 91.62,52.86,91.62,29.72627059163536,2.4326809
BBAS3,BBAS3,Banco do Brasil S.A.,BRL,18.9,19.17,18.6,18.6 - 19.17,-0.1,-0.53,2026-08-13T14:37:30.000Z,108657511719.0,17309800,18.9,18.9,18.6 - 27.81,18.6,27.81,8.525033829499323,2.2170252
BBDC4,BBDC4,Banco Bradesco SA Pfd,BRL,16.84,17.03,16.7,16.7 - 17.03,0.1,0.6,2026-08-13T14:37:30.000Z,175558067520.0,11762500,16.83,16.73,15.61438563 - 22.09790212,15.61438563,22.09790212,7.335133722449691,2.2958377
PETR4,PETR4,Petroleo Brasileiro SA Pfd,BRL,41.54,41.56,41.07,41.07 - 41.56,0.09,0.22,2026-08-13T15:01:30.000Z,564876128690.0,8166600,41.54,41.15,29.31 - 50.69,29.31,50.69,4.014185904931245,10.3482633
VALE3,VALE3,Vale S.A.,BRL,72.42,73.2,71.91,71.91 - 73.2,-0.76,-1.04,2026-08-13T15:02:30.000Z,305082383879.0,4398300,72.42,72.2,52.86 - 91.62,52.86,91.62,29.89967383675324,2.4326809
BBAS3,BBAS3,Banco do Brasil S.A.,BRL,18.66,19.17,18.6,18.6 - 19.17,-0.34,-1.79,2026-08-13T15:01:30.000Z,108657511719.0,21544400,18.65,18.9,18.6 - 27.81,18.6,27.81,8.416779431664411,2.2170252
BBDC4,BBDC4,Banco Bradesco SA Pfd,BRL,16.8,17.03,16.7,16.7 - 17.03,0.06,0.36,2026-08-13T15:01:30.000Z,175558067520.0,12605300,16.8,16.73,15.61438563 - 22.09790212,15.61438563,22.09790212,7.317710601968813,2.2958377
PETR4,PETR4,Petroleo Brasileiro SA Pfd,BRL,41.61,41.63,41.07,41.07 - 41.63,0.16,0.39,2026-08-13T15:30:30.000Z,564876128690.0,9269400,41.62,41.15,29.31 - 50.69,29.31,50.69,4.020950301015626,10.3482633
VALE3,VALE3,Vale S.A.,BRL,72.08,73.2,71.91,71.91 - 73.2,-1.1,-1.5,2026-08-13T15:30:30.000Z,305082383879.0,6267800,72.12,72.2,52.86 - 91.62,52.86,91.62,29.75929978118162,2.4326809
BBAS3,BBAS3,Banco do Brasil S.A.,BRL,18.45,19.17,18.42,18.42 - 19.17,-0.55,-2.89,2026-08-13T15:30:30.000Z,108657511719.0,27212300,18.45,18.9,18.42 - 27.81,18.42,27.81,8.322056833558863,2.2170252
BBDC4,BBDC4,Banco Bradesco SA Pfd,BRL,16.72,17.03,16.69,16.69 - 17.03,-0.02,-0.12,2026-08-13T15:29:30.000Z,175558067520.0,13836200,16.72,16.73,15.61438563 - 22.09790212,15.61438563,22.09790212,7.282864361007056,2.2958377
PETR4,PETR4,Petroleo Brasileiro SA Pfd,BRL,41.66,41.77,41.07,41.07 - 41.77,0.21,0.51,2026-08-13T16:00:30.000Z,564876128690.0,10796700,41.65,41.15,29.31 - 50.69,29.31,50.69,4.025782012504469,10.3482633
VALE3,VALE3,Vale S.A.,BRL,71.98,73.2,71.91,71.91 - 73.2,-1.2,-1.64,2026-08-13T16:00:30.000Z,305082383879.0,6864700,71.98,72.2,52.86 - 91.62,52.86,91.62,29.718013294248795,2.4326809
BBAS3,BBAS3,Banco do Brasil S.A.,BRL,18.32,19.17,18.21,18.21 - 19.17,-0.68,-3.58,2026-08-13T16:00:30.000Z,108657511719.0,33076400,18.32,18.9,18.21 - 27.81,18.21,27.81,8.26341903473162,2.2170252
BBDC4,BBDC4,Banco Bradesco SA Pfd,BRL,16.63,17.03,16.59,16.59 - 17.03,-0.11,-0.66,2026-08-13T16:00:30.000Z,175558067520.0,18803600,16.63,16.73,15.61438563 - 22.09790212,15.61438563,22.09790212,7.243662339925081,2.2958377
PETR4,PETR4,Petroleo Brasileiro SA Pfd,BRL,41.67,41.77,41.07,41.07 - 41.77,0.22,0.53,2026-08-13T16:27:30.000Z,564876128690.0,12414600,41.67,41.15,29.31 - 50.69,29.31,50.69,4.026748354802238,10.3482633
VALE3,VALE3,Vale S.A.,BRL,71.85,73.2,71.63,71.63 - 73.2,-1.33,-1.82,2026-08-13T16:27:30.000Z,305082383879.0,8070000,71.85,72.2,52.86 - 91.62,52.86,91.62,29.66434086123612,2.4326809
BBAS3,BBAS3,Banco do Brasil S.A.,BRL,18.26,19.17,18.21,18.21 - 19.17,-0.74,-3.89,2026-08-13T16:28:30.000Z,108657511719.0,35483600,18.26,18.9,18.21 - 27.81,18.21,27.81,8.236355435272891,2.2170252
BBDC4,BBDC4,Banco Bradesco SA Pfd,BRL,16.59,17.03,16.56,16.56 - 17.03,-0.15,-0.9,2026-08-13T16:28:30.000Z,175558067520.0,20470400,16.59,16.73,15.61438563 - 22.09790212,15.61438563,22.09790212,7.226239219444203,2.2958377
PETR4,PETR4,Petroleo Brasileiro SA Pfd,BRL,41.64,41.77,41.07,41.07 - 41.77,0.19,0.46,2026-08-13T17:00:30.000Z,564876128690.0,13959900,41.65,41.15,29.31 - 50.69,29.31,50.69,4.023849327908932,10.3482633
VALE3,VALE3,Vale S.A.,BRL,72.11,73.2,71.63,71.63 - 73.2,-1.07,-1.46,2026-08-13T17:00:30.000Z,305082383879.0,8540500,72.11,72.2,52.86 - 91.62,52.86,91.62,29.771685727261467,2.4326809
BBAS3,BBAS3,Banco do Brasil S.A.,BRL,18.4,19.17,18.21,18.21 - 19.17,-0.6,-3.16,2026-08-13T17:00:30.000Z,108657511719.0,38896500,18.4,18.9,18.21 - 27.81,18.21,27.81,8.299503834009922,2.2170252
BBDC4,BBDC4,Banco Bradesco SA Pfd,BRL,16.62,17.03,16.56,16.56 - 17.03,-0.12,-0.72,2026-08-13T17:00:30.000Z,175558067520.0,21633900,16.62,16.73,15.61438563 - 22.09790212,15.61438563,22.09790212,7.239306559804862,2.2958377
PETR4,PETR4,Petroleo Brasileiro SA Pfd,BRL,41.84,41.85,41.07,41.07 - 41.85,0.39,0.94,2026-08-13T17:30:30.000Z,564876128690.0,14828800,41.84,41.15,29.31 - 50.69,29.31,50.69,4.043176173864307,10.3482633
VALE3,VALE3,Vale S.A.,BRL,72.31,73.2,71.63,71.63 - 73.2,-0.87,-1.19,2026-08-13T17:30:30.000Z,305082383879.0,9604800,72.31,72.2,52.86 - 91.62,52.86,91.62,29.85425870112712,2.4326809
BBAS3,BBAS3,Banco do Brasil S.A.,BRL,18.27,19.17,18.21,18.21 - 19.17,-0.73,-3.84,2026-08-13T17:30:30.000Z,108657511719.0,41779700,18.28,18.9,18.21 - 27.81,18.21,27.81,8.240866035182679,2.2170252
BBDC4,BBDC4,Banco Bradesco SA Pfd,BRL,16.63,17.03,16.56,16.56 - 17.03,-0.11,-0.66,2026-08-13T17:29:30.000Z,175558067520.0,22530200,16.62,16.73,15.61438563 - 22.09790212,15.61438563,22.09790212,7.243662339925081,2.2958377
PETR4,PETR4,Petroleo Brasileiro SA Pfd,BRL,41.82,41.85,41.07,41.07 - 41.85,0.37,0.89,2026-08-13T18:00:30.000Z,564876128690.0,15638500,41.81,41.15,29.31 - 50.69,29.31,50.69,4.041243489268769,10.3482633
VALE3,VALE3,Vale S.A.,BRL,72.3,73.2,71.63,71.63 - 73.2,-0.88,-1.2,2026-08-13T18:00:30.000Z,305082383879.0,10113700,72.3,72.2,52.86 - 91.62,52.86,91.62,29.85013005243384,2.4326809
BBAS3,BBAS3,Banco do Brasil S.A.,BRL,18.31,19.17,18.21,18.21 - 19.17,-0.69,-3.63,2026-08-13T17:59:30.000Z,108657511719.0,44014900,18.32,18.9,18.21 - 27.81,18.21,27.81,8.25890843482183,2.2170252
BBDC4,BBDC4,Banco Bradesco SA Pfd,BRL,16.71,17.03,16.56,16.56 - 17.03,-0.03,-0.18,2026-08-13T18:00:30.000Z,175558067520.0,24034300,16.71,16.73,15.61438563 - 22.09790212,15.61438563,22.09790212,7.278508580886838,2.2958377
PETR4,PETR4,Petroleo Brasileiro SA Pfd,BRL,41.87,41.95,41.07,41.07 - 41.95,0.42,1.01,2026-08-13T18:28:30.000Z,564876128690.0,16748400,41.88,41.15,29.31 - 50.69,29.31,50.69,4.046075200757612,10.3482633
VALE3,VALE3,Vale S.A.,BRL,72.1,73.2,71.63,71.63 - 73.2,-1.08,-1.48,2026-08-13T18:28:30.000Z,305082383879.0,10745800,72.13,72.2,52.86 - 91.62,52.86,91.62,29.767557078568185,2.4326809
BBAS3,BBAS3,Banco do Brasil S.A.,BRL,18.26,19.17,18.21,18.21 - 19.17,-0.74,-3.89,2026-08-13T18:29:30.000Z,108657511719.0,47123000,18.26,18.9,18.21 - 27.81,18.21,27.81,8.236355435272891,2.2170252
BBDC4,BBDC4,Banco Bradesco SA Pfd,BRL,16.7,17.03,16.56,16.56 - 17.03,-0.04,-0.24,2026-08-13T18:28:30.000Z,175558067520.0,25540500,16.7,16.73,15.61438563 - 22.09790212,15.61438563,22.09790212,7.274152800766617,2.2958377
PETR4,PETR4,Petroleo Brasileiro SA Pfd,BRL,41.88,41.96,41.07,41.07 - 41.96,0.43,1.04,2026-08-13T19:01:30.000Z,564876128690.0,21983200,41.88,41.15,29.31 - 50.69,29.31,50.69,4.047041543055381,10.3482633
VALE3,VALE3,Vale S.A.,BRL,71.8,73.2,71.63,71.63 - 73.2,-1.38,-1.89,2026-08-13T19:01:30.000Z,305082383879.0,11683000,71.77,72.2,52.86 - 91.62,52.86,91.62,29.643697617769703,2.4326809
BBAS3,BBAS3,Banco do Brasil S.A.,BRL,18.23,19.17,18.2,18.2 - 19.17,-0.77,-4.05,2026-08-13T19:01:30.000Z,108657511719.0,49835800,18.23,18.9,18.2 - 27.81,18.2,27.81,8.222823635543527,2.2170252
BBDC4,BBDC4,Banco Bradesco SA Pfd,BRL,16.6,17.03,16.56,16.56 - 17.03,-0.14,-0.84,2026-08-13T19:01:30.000Z,175558067520.0,27109800,16.61,16.73,15.61438563 - 22.09790212,15.61438563,22.09790212,7.230594999564423,2.2958377
PETR4,PETR4,Petroleo Brasileiro SA Pfd,BRL,41.89,41.96,41.07,41.07 - 41.96,0.44,1.06,2026-08-13T19:32:30.000Z,564876128690.0,23068900,41.89,41.15,29.31 - 50.69,29.31,50.69,4.04800788535315,10.3482633
VALE3,VALE3,Vale S.A.,BRL,71.54,73.2,71.53,71.53 - 73.2,-1.64,-2.24,2026-08-13T19:32:30.000Z,305082383879.0,12840800,71.55,72.2,52.86 - 91.62,52.86,91.62,29.53635275174436,2.4326809
BBAS3,BBAS3,Banco do Brasil S.A.,BRL,18.2,19.17,18.18,18.18 - 19.17,-0.8,-4.21,2026-08-13T19:31:30.000Z,108657511719.0,52482000,18.2,18.9,18.18 - 27.81,18.18,27.81,8.209291835814163,2.2170252
BBDC4,BBDC4,Banco Bradesco SA Pfd,BRL,16.59,17.03,16.56,16.56 - 17.03,-0.15,-0.9,2026-08-13T19:32:30.000Z,175558067520.0,30368400,16.61,16.73,15.61438563 - 22.09790212,15.61438563,22.09790212,7.226239219444203,2.2958377
PETR4,PETR4,Petroleo Brasileiro SA Pfd,BRL,41.84,41.96,41.07,41.07 - 41.96,0.39,0.94,2026-08-13T19:56:30.000Z,564876128690.0,24509500,41.84,41.15,29.31 - 50.69,29.31,50.69,4.043176173864307,10.3482633
VALE3,VALE3,Vale S.A.,BRL,71.81,73.2,71.53,71.53 - 73.2,-1.37,-1.87,2026-08-13T19:56:30.000Z,305082383879.0,14152500,71.81,72.2,52.86 - 91.62,52.86,91.62,29.64782626646299,2.4326809
BBAS3,BBAS3,Banco do Brasil S.A.,BRL,18.2,19.17,18.18,18.18 - 19.17,-0.8,-4.21,2026-08-13T19:56:30.000Z,108657511719.0,55372400,18.21,18.9,18.18 - 27.81,18.18,27.81,8.209291835814163,2.2170252
BBDC4,BBDC4,Banco Bradesco SA Pfd,BRL,16.61,17.03,16.56,16.56 - 17.03,-0.13,-0.78,2026-08-13T19:56:30.000Z,175558067520.0,34698300,16.61,16.73,15.61438563 - 22.09790212,15.61438563,22.09790212,7.234950779684642,2.2958377
PETR4,PETR4,Petroleo Brasileiro SA Pfd,BRL,41.86,41.96,41.07,41.07 - 41.96,0.41,0.99,2026-08-13T20:21:30.000Z,564876128690.0,25387300,41.86,41.15,29.31 - 50.69,29.31,50.69,4.045108858459844,10.3482633
VALE3,VALE3,Vale S.A.,BRL,71.9,73.2,71.5,71.5 - 73.2,-1.28,-1.75,2026-08-13T20:22:30.000Z,305082383879.0,19498400,71.99,72.2,52.86 - 91.62,52.86,91.62,29.684984104702533,2.4326809
BBAS3,BBAS3,Banco do Brasil S.A.,BRL,18.23,19.17,18.18,18.18 - 19.17,-0.77,-4.05,2026-08-13T20:21:30.000Z,108657511719.0,56938300,18.23,18.9,18.18 - 27.81,18.18,27.81,8.222823635543527,2.2170252
BBDC4,BBDC4,Banco Bradesco SA Pfd,BRL,16.66,17.03,16.56,16.56 - 17.03,-0.08,-0.48,2026-08-13T20:21:30.000Z,175558067520.0,35529600,16.61,16.73,15.61438563 - 22.09790212,15.61438563,22.09790212,7.25672968028574,2.2958377
PETR4,PETR4,Petroleo Brasileiro SA Pfd,BRL,41.9,41.96,41.07,41.07 - 41.96,0.45,1.09,2026-08-13T20:56:30.000Z,564876128690.0,37009700,41.86,41.15,29.31 - 50.69,29.31,50.69,4.048974227650918,10.3482633
VALE3,VALE3,Vale S.A.,BRL,71.9,73.2,71.5,71.5 - 73.2,-1.28,-1.75,2026-08-13T20:56:30.000Z,305082383879.0,19509500,71.99,72.2,52.86 - 91.62,52.86,91.62,29.684984104702533,2.4326809
BBAS3,BBAS3,Banco do Brasil S.A.,BRL,18.21,19.17,18.18,18.18 - 19.17,-0.79,-4.16,2026-08-13T20:57:30.000Z,108657511719.0,60823900,18.23,18.9,18.18 - 27.81,18.18,27.81,8.21380243572395,2.2170252
BBDC4,BBDC4,Banco Bradesco SA Pfd,BRL,16.66,17.03,16.56,16.56 - 17.03,-0.08,-0.48,2026-08-13T20:57:30.000Z,175558067520.0,41313200,16.61,16.73,15.61438563 - 22.09790212,15.61438563,22.09790212,7.25672968028574,2.2958377
PETR4,PETR4,Petroleo Brasileiro SA Pfd,BRL,42.09,42.19,41.63,41.63 - 42.19,0.19,0.45,2026-08-14T13:39:30.000Z,570317536822.0,1278000,42.1,41.63,29.31 - 50.69,29.31,50.69,4.067334731308525,10.3482633
VALE3,VALE3,Vale S.A.,BRL,71.42,71.66,71.32,71.32 - 71.66,-0.48,-0.67,2026-08-14T13:39:30.000Z,299746157078.0,931700,71.4,71.55,52.86 - 91.62,52.86,91.62,29.486808967424963,2.4326809
BBAS3,BBAS3,Banco do Brasil S.A.,BRL,18.04,18.27,18.0,18 - 18.27,-0.17,-0.93,2026-08-14T13:39:30.000Z,104139641522.0,3605000,18.04,18.2,18 - 27.81,18.0,27.81,8.137122237257554,2.2170252
BBDC4,BBDC4,Banco Bradesco SA Pfd,BRL,16.58,16.66,16.56,16.56 - 16.66,-0.08,-0.48,2026-08-14T13:39:30.000Z,174496890578.0,1181000,16.58,16.56,15.61438563 - 22.09790212,15.61438563,22.09790212,7.221883439323983,2.2958377
PETR4,PETR4,Petroleo Brasileiro SA Pfd,BRL,42.34,42.37,41.63,41.63 - 42.37,0.44,1.05,2026-08-14T14:08:30.000Z,570317536822.0,3992100,42.34,41.63,29.31 - 50.69,29.31,50.69,4.091493288752742,10.3482633
VALE3,VALE3,Vale S.A.,BRL,71.55,71.75,71.09,71.09 - 71.75,-0.35,-0.49,2026-08-14T14:08:30.000Z,299746157078.0,3366500,71.57,71.55,52.86 - 91.62,52.86,91.62,29.540481400437635,2.4326809
BBAS3,BBAS3,Banco do Brasil S.A.,BRL,18.11,18.27,18.0,18 - 18.27,-0.1,-0.55,2026-08-14T14:07:30.000Z,104139641522.0,5820600,18.11,18.2,18 - 27.81,18.0,27.81,8.42443131599758,2.1496732
BBDC4,BBDC4,Banco Bradesco SA Pfd,BRL,16.58,16.66,16.52,16.52 - 16.66,-0.08,-0.48,2026-08-14T14:08:30.000Z,174496890578.0,3364500,16.59,16.56,15.61438563 - 22.09790212,15.61438563,22.09790212,7.221883439323983,2.2958377
PETR4,PETR4,Petroleo Brasileiro SA Pfd,BRL,42.22,42.43,41.63,41.63 - 42.43,0.32,0.76,2026-08-14T14:32:30.000Z,570317536822.0,6579400,42.21,41.63,29.31 - 50.69,29.31,50.69,4.0798971811795175,10.3482633
VALE3,VALE3,Vale S.A.,BRL,71.33,71.75,71.09,71.09 - 71.75,-0.57,-0.79,2026-08-14T14:31:30.000Z,299746157078.0,4821400,71.34,71.55,52.86 - 91.62,52.86,91.62,29.44965112918542,2.4326809
BBAS3,BBAS3,Banco do Brasil S.A.,BRL,17.87,18.27,17.86,17.86 - 18.27,-0.34,-1.87,2026-08-14T14:32:30.000Z,104139641522.0,10133100,17.87,18.2,17.86 - 27.81,17.86,27.81,8.31278783086012,2.1496732
BBDC4,BBDC4,Banco Bradesco SA Pfd,BRL,16.42,16.66,16.42,16.42 - 16.66,-0.24,-1.44,2026-08-14T14:31:30.000Z,174496890578.0,5368700,16.42,16.56,15.61438563 - 22.09790212,15.61438563,22.09790212,7.152190957400472,2.2958377
PETR4,PETR4,Petroleo Brasileiro SA Pfd,BRL,42.43,42.46,41.63,41.63 - 42.46,0.53,1.26,2026-08-14T14:59:30.000Z,570317536822.0,8941900,42.45,41.63,29.31 - 50.69,29.31,50.69,4.10019036943266,10.3482633
VALE3,VALE3,Vale S.A.,BRL,71.35,71.75,71.09,71.09 - 71.75,-0.55,-0.76,2026-08-14T14:59:30.000Z,299746157078.0,6048300,71.36,71.55,52.86 - 91.62,52.86,91.62,29.457908426571983,2.4326809
BBAS3,BBAS3,Banco do Brasil S.A.,BRL,17.94,18.27,17.83,17.83 - 18.27,-0.27,-1.48,2026-08-14T14:59:30.000Z,104139641522.0,12648300,17.93,18.2,17.83 - 27.81,17.83,27.81,8.345350514025213,2.1496732
BBDC4,BBDC4,Banco Bradesco SA Pfd,BRL,16.46,16.66,16.41,16.41 - 16.66,-0.2,-1.2,2026-08-14T14:59:30.000Z,174496890578.0,7352900,16.46,16.56,15.61438563 - 22.09790212,15.61438563,22.09790212,7.1696140778813495,2.2958377
PETR4,PETR4,Petroleo Brasileiro SA Pfd,BRL,42.21,42.46,41.63,41.63 - 42.46,0.31,0.74,2026-08-14T15:26:30.000Z,570317536822.0,10677600,42.21,41.63,29.31 - 50.69,29.31,50.69,4.078930838881749,10.3482633
VALE3,VALE3,Vale S.A.,BRL,71.21,71.75,71.09,71.09 - 71.75,-0.69,-0.96,2026-08-14T15:26:30.000Z,299746157078.0,6916400,71.23,71.55,52.86 - 91.62,52.86,91.62,29.400107344866026,2.4326809
BBAS3,BBAS3,Banco do Brasil S.A.,BRL,17.84,18.27,17.8,17.8 - 18.27,-0.37,-2.03,2026-08-14T15:25:30.000Z,104139641522.0,15531900,17.84,18.2,17.8 - 27.81,17.8,27.81,8.298832395217937,2.1496732
BBDC4,BBDC4,Banco Bradesco SA Pfd,BRL,16.48,16.66,16.41,16.41 - 16.66,-0.18,-1.08,2026-08-14T15:25:30.000Z,174496890578.0,8740200,16.48,16.56,15.61438563 - 22.09790212,15.61438563,22.09790212,7.178325638121788,2.2958377
PETR4,PETR4,Petroleo Brasileiro SA Pfd,BRL,42.22,42.46,41.63,41.63 - 42.46,0.32,0.76,2026-08-14T15:58:30.000Z,570317536822.0,12182700,42.24,41.63,29.31 - 50.69,29.31,50.69,4.0798971811795175,10.3482633
VALE3,VALE3,Vale S.A.,BRL,71.43,71.75,71.09,71.09 - 71.75,-0.47,-0.65,2026-08-14T15:58:30.000Z,299746157078.0,8014800,71.42,71.55,52.86 - 91.62,52.86,91.62,29.49093761611825,2.4326809
BBAS3,BBAS3,Banco do Brasil S.A.,BRL,17.9,18.27,17.8,17.8 - 18.27,-0.31,-1.7,2026-08-14T15:58:30.000Z,104139641522.0,18167700,17.89,18.2,17.8 - 27.81,17.8,27.81,8.326743266502302,2.1496732
BBDC4,BBDC4,Banco Bradesco SA Pfd,BRL,16.44,16.66,16.41,16.41 - 16.66,-0.22,-1.32,2026-08-14T15:58:30.000Z,174496890578.0,10542100,16.44,16.56,15.61438563 - 22.09790212,15.61438563,22.09790212,7.160902517640911,2.2958377
PETR4,PETR4,Petroleo Brasileiro SA Pfd,BRL,42.07,42.46,41.63,41.63 - 42.46,0.17,0.41,2026-08-14T16:27:30.000Z,570317536822.0,13563500,42.08,41.63,29.31 - 50.69,29.31,50.69,4.065402046712987,10.3482633
VALE3,VALE3,Vale S.A.,BRL,71.64,71.75,71.09,71.09 - 71.75,-0.26,-0.36,2026-08-14T16:26:30.000Z,299746157078.0,8840100,71.64,71.55,52.86 - 91.62,52.86,91.62,29.577639238677182,2.4326809
BBAS3,BBAS3,Banco do Brasil S.A.,BRL,17.92,18.27,17.8,17.8 - 18.27,-0.29,-1.59,2026-08-14T16:27:30.000Z,104139641522.0,19753100,17.91,18.2,17.8 - 27.81,17.8,27.81,8.336046890263757,2.1496732
BBDC4,BBDC4,Banco Bradesco SA Pfd,BRL,16.43,16.66,16.41,16.41 - 16.66,-0.23,-1.38,2026-08-14T16:27:30.000Z,174496890578.0,12527200,16.44,16.56,15.61438563 - 22.09790212,15.61438563,22.09790212,7.15654673752069,2.2958377
PETR4,PETR4,Petroleo Brasileiro SA Pfd,BRL,42.1,42.46,41.63,41.63 - 42.46,0.2,0.48,2026-08-14T16:59:30.000Z,570317536822.0,14819100,42.1,41.63,29.31 - 50.69,29.31,50.69,4.068301073606293,10.3482633
VALE3,VALE3,Vale S.A.,BRL,71.92,71.93,71.09,71.09 - 71.93,0.02,0.03,2026-08-14T16:59:30.000Z,299746157078.0,12003400,71.92,71.55,52.86 - 91.62,52.86,91.62,29.693241402089097,2.4326809
BBAS3,BBAS3,Banco do Brasil S.A.,BRL,17.91,18.27,17.8,17.8 - 18.27,-0.3,-1.65,2026-08-14T16:59:30.000Z,104139641522.0,21445800,17.91,18.2,17.8 - 27.81,17.8,27.81,8.33139507838303,2.1496732
BBDC4,BBDC4,Banco Bradesco SA Pfd,BRL,16.46,16.66,16.4,16.4 - 16.66,-0.2,-1.2,2026-08-14T16:59:30.000Z,174496890578.0,14428000,16.46,16.56,15.61438563 - 22.09790212,15.61438563,22.09790212,7.1696140778813495,2.2958377
PETR4,PETR4,Petroleo Brasileiro SA Pfd,BRL,42.01,42.46,41.63,41.63 - 42.46,0.11,0.26,2026-08-14T17:29:30.000Z,570317536822.0,15877700,42.02,41.63,29.31 - 50.69,29.31,50.69,4.059603992926374,10.3482633
VALE3,VALE3,Vale S.A.,BRL,71.57,71.98,71.09,71.09 - 71.98,-0.33,-0.46,2026-08-14T17:29:30.000Z,299746157078.0,12917300,71.56,71.55,52.86 - 91.62,52.86,91.62,29.5487386978242,2.4326809
BBAS3,BBAS3,Banco do Brasil S.A.,BRL,17.89,18.27,17.8,17.8 - 18.27,-0.32,-1.76,2026-08-14T17:29:30.000Z,104139641522.0,23463300,17.88,18.2,17.8 - 27.81,17.8,27.81,8.322091454621575,2.1496732
BBDC4,BBDC4,Banco Bradesco SA Pfd,BRL,16.39,16.66,16.38,16.38 - 16.66,-0.27,-1.62,2026-08-14T17:29:30.000Z,174496890578.0,16008400,16.39,16.56,15.61438563 - 22.09790212,15.61438563,22.09790212,7.139123617039813,2.2958377
PETR4,PETR4,Petroleo Brasileiro SA Pfd,BRL,41.92,42.46,41.63,41.63 - 42.46,0.02,0.05,2026-08-14T17:58:30.000Z,570317536822.0,16854600,41.91,41.63,29.31 - 50.69,29.31,50.69,4.0509069122464565,10.3482633
VALE3,VALE3,Vale S.A.,BRL,71.46,71.98,71.09,71.09 - 71.98,-0.44,-0.61,2026-08-14T17:58:30.000Z,299746157078.0,13585800,71.47,71.55,52.86 - 91.62,52.86,91.62,29.50332356219809,2.4326809
BBAS3,BBAS3,Banco do Brasil S.A.,BRL,17.91,18.27,17.8,17.8 - 18.27,-0.3,-1.65,2026-08-14T17:58:30.000Z,104139641522.0,24637100,17.91,18.2,17.8 - 27.81,17.8,27.81,8.33139507838303,2.1496732
BBDC4,BBDC4,Banco Bradesco SA Pfd,BRL,16.38,16.66,16.36,16.36 - 16.66,-0.28,-1.68,2026-08-14T17:58:30.000Z,174496890578.0,17649200,16.38,16.56,15.61438563 - 22.09790212,15.61438563,22.09790212,7.134767836919592,2.2958377
PETR4,PETR4,Petroleo Brasileiro SA Pfd,BRL,41.88,42.46,41.63,41.63 - 42.46,-0.02,-0.05,2026-08-14T18:27:30.000Z,570317536822.0,20531000,41.88,41.63,29.31 - 50.69,29.31,50.69,4.047041543055381,10.3482633
VALE3,VALE3,Vale S.A.,BRL,71.33,71.98,71.09,71.09 - 71.98,-0.57,-0.79,2026-08-14T18:28:30.000Z,299746157078.0,14367300,71.32,71.55,52.86 - 91.62,52.86,91.62,29.44965112918542,2.4326809
BBAS3,BBAS3,Banco do Brasil S.A.,BRL,17.92,18.27,17.8,17.8 - 18.27,-0.29,-1.59,2026-08-14T18:28:30.000Z,104139641522.0,25968700,17.93,18.2,17.8 - 27.81,17.8,27.81,8.336046890263757,2.1496732
BBDC4,BBDC4,Banco Bradesco SA Pfd,BRL,16.4,16.66,16.35,16.35 - 16.66,-0.26,-1.56,2026-08-14T18:27:30.000Z,174496890578.0,19989800,16.4,16.56,15.61438563 - 22.09790212,15.61438563,22.09790212,7.143479397160031,2.2958377
PETR4,PETR4,Petroleo Brasileiro SA Pfd,BRL,41.94,42.46,41.63,41.63 - 42.46,0.04,0.1,2026-08-14T19:00:30.000Z,570317536822.0,24258800,41.95,41.63,29.31 - 50.69,29.31,50.69,4.052839596841993,10.3482633
VALE3,VALE3,Vale S.A.,BRL,71.23,71.98,71.09,71.09 - 71.98,-0.67,-0.93,2026-08-14T19:00:30.000Z,299746157078.0,16106700,71.24,71.55,52.86 - 91.62,52.86,91.62,29.4083646422526,2.4326809
BBAS3,BBAS3,Banco do Brasil S.A.,BRL,18.05,18.27,17.8,17.8 - 18.27,-0.16,-0.88,2026-08-14T19:00:30.000Z,104139641522.0,32246900,18.06,18.2,17.8 - 27.81,17.8,27.81,8.396520444713216,2.1496732
BBDC4,BBDC4,Banco Bradesco SA Pfd,BRL,16.37,16.66,16.35,16.35 - 16.66,-0.29,-1.74,2026-08-14T19:00:30.000Z,174496890578.0,21244100,16.37,16.56,15.61438563 - 22.09790212,15.61438563,22.09790212,7.130412056799374,2.2958377
PETR4,PETR4,Petroleo Brasileiro SA Pfd,BRL,41.96,42.46,41.63,41.63 - 42.46,0.06,0.14,2026-08-14T19:29:30.000Z,570317536822.0,26824400,41.96,41.63,29.31 - 50.69,29.31,50.69,4.054772281437531,10.3482633
VALE3,VALE3,Vale S.A.,BRL,71.42,71.98,71.09,71.09 - 71.98,-0.48,-0.67,2026-08-14T19:29:30.000Z,299746157078.0,17808100,71.42,71.55,52.86 - 91.62,52.86,91.62,29.486808967424963,2.4326809
BBAS3,BBAS3,Banco do Brasil S.A.,BRL,18.15,18.27,17.8,17.8 - 18.27,-0.06,-0.33,2026-08-14T19:29:30.000Z,104139641522.0,34461500,18.15,18.2,17.8 - 27.81,17.8,27.81,8.44303856352049,2.1496732
BBDC4,BBDC4,Banco Bradesco SA Pfd,BRL,16.41,16.66,16.35,16.35 - 16.66,-0.25,-1.5,2026-08-14T19:29:30.000Z,174496890578.0,22997200,16.4,16.56,15.61438563 - 22.09790212,15.61438563,22.09790212,7.147835177280252,2.2958377
PETR4,PETR4,Petroleo Brasileiro SA Pfd,BRL,41.92,42.46,41.63,41.63 - 42.46,0.02,0.05,2026-08-14T19:54:30.000Z,570317536822.0,27981000,41.92,41.63,29.31 - 50.69,29.31,50.69,4.0509069122464565,10.3482633
VALE3,VALE3,Vale S.A.,BRL,71.36,71.98,71.09,71.09 - 71.98,-0.54,-0.75,2026-08-14T19:54:30.000Z,299746157078.0,18661500,71.35,71.55,52.86 - 91.62,52.86,91.62,29.462037075265265,2.4326809
BBAS3,BBAS3,Banco do Brasil S.A.,BRL,18.26,18.37,17.8,17.8 - 18.37,0.05,0.27,2026-08-14T19:54:30.000Z,104139641522.0,39629900,18.26,18.2,17.8 - 27.81,17.8,27.81,8.494208494208495,2.1496732
BBDC4,BBDC4,Banco Bradesco SA Pfd,BRL,16.52,16.66,16.35,16.35 - 16.66,-0.14,-0.84,2026-08-14T19:54:30.000Z,174496890578.0,31871300,16.51,16.56,15.61438563 - 22.09790212,15.61438563,22.09790212,7.195748758602666,2.2958377
PETR4,PETR4,Petroleo Brasileiro SA Pfd,BRL,42.09,42.46,41.63,41.63 - 42.46,0.19,0.45,2026-08-14T20:18:30.000Z,570317536822.0,29666300,42.09,41.63,29.31 - 50.69,29.31,50.69,4.067334731308525,10.3482633
VALE3,VALE3,Vale S.A.,BRL,71.3,71.98,71.09,71.09 - 71.98,-0.6,-0.83,2026-08-14T20:18:30.000Z,299746157078.0,19377300,71.3,71.55,52.86 - 91.62,52.86,91.62,29.43726518310557,2.4326809
BBAS3,BBAS3,Banco do Brasil S.A.,BRL,18.36,18.37,17.8,17.8 - 18.37,0.15,0.82,2026-08-14T20:18:30.000Z,104139641522.0,41458800,18.36,18.2,17.8 - 27.81,17.8,27.81,8.540726613015769,2.1496732
BBDC4,BBDC4,Banco Bradesco SA Pfd,BRL,16.54,16.66,16.35,16.35 - 16.66,-0.12,-0.72,2026-08-14T20:19:30.000Z,174496890578.0,38100600,16.54,16.56,15.61438563 - 22.09790212,15.61438563,22.09790212,7.204460318843105,2.2958377
PETR4,PETR4,Petroleo Brasileiro SA Pfd,BRL,42.09,42.46,41.63,41.63 - 42.46,0.19,0.45,2026-08-14T20:49:30.000Z,570317536822.0,34089900,42.09,41.63,29.31 - 50.69,29.31,50.69,4.067334731308525,10.3482633
VALE3,VALE3,Vale S.A.,BRL,71.3,71.98,71.09,71.09 - 71.98,-0.6,-0.83,2026-08-14T20:49:30.000Z,299746157078.0,22926600,71.3,71.55,52.86 - 91.62,52.86,91.62,29.43726518310557,2.4326809
BBAS3,BBAS3,Banco do Brasil S.A.,BRL,18.38,18.38,17.8,17.8 - 18.38,0.17,0.93,2026-08-14T20:49:30.000Z,104139641522.0,43575000,18.36,18.2,17.8 - 27.81,17.8,27.81,8.550030236777223,2.1496732
BBDC4,BBDC4,Banco Bradesco SA Pfd,BRL,16.54,16.66,16.35,16.35 - 16.66,-0.12,-0.72,2026-08-14T20:49:30.000Z,174496890578.0,41830200,16.54,16.56,15.61438563 - 22.09790212,15.61438563,22.09790212,7.204460318843105,2.2958377
PETR4,PETR4,Petroleo Brasileiro SA Pfd,BRL,42.09,42.46,41.63,41.63 - 42.46,0.19,0.45,2026-08-14T21:05:30.000Z,570317536822.0,34089900,42.09,41.63,29.31 - 50.69,29.31,50.69,4.067334731308525,10.3482633
VALE3,VALE3,Vale S.A.,BRL,71.3,71.98,71.09,71.09 - 71.98,-0.6,-0.83,2026-08-14T21:06:30.000Z,299746157078.0,22926600,71.3,71.55,52.86 - 91.62,52.86,91.62,29.43726518310557,2.4326809
BBAS3,BBAS3,Banco do Brasil S.A.,BRL,18.38,18.38,17.8,17.8 - 18.38,0.17,0.93,2026-08-14T21:06:30.000Z,104139641522.0,43575000,18.36,18.2,17.8 - 27.81,17.8,27.81,8.550030236777223,2.1496732
BBDC4,BBDC4,Banco Bradesco SA Pfd,BRL,16.54,16.66,16.35,16.35 - 16.66,-0.12,-0.72,2026-08-14T21:06:30.000Z,174496890578.0,41830200,16.54,16.56,15.61438563 - 22.09790212,15.61438563,22.09790212,7.204460318843105,2.2958377
PETR4,PETR4,Petroleo Brasileiro SA Pfd,BRL,42.53,42.54,42.31,42.31 - 42.54,0.44,1.05,2026-08-17T13:24:30.000Z,572070935267.0,703300,42.51,42.35,29.31 - 50.69,29.31,50.69,4.109853792410347,10.3482633
VALE3,VALE3,Vale S.A.,BRL,71.16,71.39,71.11,71.11 - 71.39,-0.14,-0.2,2026-08-17T13:24:30.000Z,297244804740.0,134800,71.13,71.2,52.86 - 91.62,52.86,91.62,29.379464101399613,2.4326809
BBAS3,BBAS3,Banco do Brasil S.A.,BRL,18.34,18.48,18.32,18.32 - 18.48,-0.04,-0.22,2026-08-17T13:24:30.000Z,105111840747.0,831600,18.33,18.4,17.8 - 27.81,17.8,27.81,8.531422989254313,2.1496732
BBDC4,BBDC4,Banco Bradesco SA Pfd,BRL,16.45,16.51,16.44,16.44 - 16.51,-0.09,-0.54,2026-08-17T13:24:30.000Z,173380266494.0,249700,16.45,16.49,15.61438563 - 22.09790212,15.61438563,22.09790212,7.165258297761129,2.2958377
PETR4,PETR4,Petroleo Brasileiro SA Pfd,BRL,42.22,42.75,42.22,42.22 - 42.75,0.13,0.31,2026-08-17T13:52:30.000Z,572070935267.0,4323800,42.22,42.35,29.31 - 50.69,29.31,50.69,4.0798971811795175,10.3482633
VALE3,VALE3,Vale S.A.,BRL,71.01,71.39,71.0,71 - 71.39,-0.29,-0.41,2026-08-17T13:52:30.000Z,297244804740.0,846100,71.06,71.2,52.86 - 91.62,52.86,91.62,29.317534371000374,2.4326809
BBAS3,BBAS3,Banco do Brasil S.A.,BRL,18.26,18.48,18.18,18.18 - 18.48,-0.12,-0.65,2026-08-17T13:53:30.000Z,105111840747.0,3715900,18.25,18.4,17.8 - 27.81,17.8,27.81,8.494208494208495,2.1496732
BBDC4,BBDC4,Banco Bradesco SA Pfd,BRL,16.43,16.54,16.35,16.35 - 16.54,-0.11,-0.67,2026-08-17T13:53:30.000Z,173380266494.0,4036600,16.43,16.49,15.61438563 - 22.09790212,15.61438563,22.09790212,7.15654673752069,2.2958377
PETR4,PETR4,Petroleo Brasileiro SA Pfd,BRL,42.44,42.75,42.12,42.12 - 42.75,0.35,0.83,2026-08-17T14:18:30.000Z,572070935267.0,7109900,42.41,42.35,29.31 - 50.69,29.31,50.69,4.101156711730429,10.3482633
VALE3,VALE3,Vale S.A.,BRL,71.1,71.39,70.87,70.87 - 71.39,-0.2,-0.28,2026-08-17T14:18:30.000Z,297244804740.0,1404100,71.06,71.2,52.86 - 91.62,52.86,91.62,29.354692209239914,2.4326809
BBAS3,BBAS3,Banco do Brasil S.A.,BRL,18.32,18.48,18.18,18.18 - 18.48,-0.06,-0.33,2026-08-17T14:18:30.000Z,105111840747.0,5495000,18.3,18.4,17.8 - 27.81,17.8,27.81,8.522119365492859,2.1496732
BBDC4,BBDC4,Banco Bradesco SA Pfd,BRL,16.39,16.54,16.29,16.29 - 16.54,-0.15,-0.91,2026-08-17T14:18:30.000Z,173380266494.0,8251700,16.37,16.49,15.61438563 - 22.09790212,15.61438563,22.09790212,7.139123617039813,2.2958377
PETR4,PETR4,Petroleo Brasileiro SA Pfd,BRL,42.34,42.75,42.12,42.12 - 42.75,0.25,0.59,2026-08-17T14:48:30.000Z,572070935267.0,9035000,42.35,42.35,29.31 - 50.69,29.31,50.69,4.091493288752742,10.3482633
VALE3,VALE3,Vale S.A.,BRL,71.0,71.39,70.87,70.87 - 71.39,-0.3,-0.42,2026-08-17T14:48:30.000Z,297244804740.0,1949900,71.0,71.2,52.86 - 91.62,52.86,91.62,29.31340572230709,2.4326809
BBAS3,BBAS3,Banco do Brasil S.A.,BRL,18.29,18.48,18.18,18.18 - 18.48,-0.09,-0.49,2026-08-17T14:48:30.000Z,105111840747.0,7124100,18.29,18.4,17.8 - 27.81,17.8,27.81,8.508163929850676,2.1496732
BBDC4,BBDC4,Banco Bradesco SA Pfd,BRL,16.34,16.54,16.29,16.29 - 16.54,-0.2,-1.21,2026-08-17T14:49:30.000Z,173380266494.0,9562400,16.34,16.49,15.61438563 - 22.09790212,15.61438563,22.09790212,7.117344716438715,2.2958377
PETR4,PETR4,Petroleo Brasileiro SA Pfd,BRL,42.13,42.75,42.05,42.05 - 42.75,0.04,0.1,2026-08-17T15:18:30.000Z,572070935267.0,10483900,42.13,42.35,29.31 - 50.69,29.31,50.69,4.071200100499599,10.3482633
VALE3,VALE3,Vale S.A.,BRL,71.02,71.39,70.69,70.69 - 71.39,-0.28,-0.39,2026-08-17T15:17:30.000Z,297244804740.0,2536500,71.02,71.2,52.86 - 91.62,52.86,91.62,29.32166301969365,2.4326809
BBAS3,BBAS3,Banco do Brasil S.A.,BRL,18.28,18.48,18.18,18.18 - 18.48,-0.1,-0.54,2026-08-17T15:18:30.000Z,105111840747.0,8363100,18.28,18.4,17.8 - 27.81,17.8,27.81,8.503512117969949,2.1496732
BBDC4,BBDC4,Banco Bradesco SA Pfd,BRL,16.31,16.54,16.29,16.29 - 16.54,-0.23,-1.39,2026-08-17T15:18:30.000Z,173380266494.0,11189100,16.31,16.49,15.61438563 - 22.09790212,15.61438563,22.09790212,7.104277376078056,2.2958377
PETR4,PETR4,Petroleo Brasileiro SA Pfd,BRL,42.27,42.75,42.05,42.05 - 42.75,0.18,0.43,2026-08-17T15:47:30.000Z,572070935267.0,11561400,42.27,42.35,29.31 - 50.69,29.31,50.69,4.084728892668362,10.3482633
VALE3,VALE3,Vale S.A.,BRL,71.42,71.53,70.69,70.69 - 71.53,0.12,0.17,2026-08-17T15:47:30.000Z,297244804740.0,3342600,71.44,71.2,52.86 - 91.62,52.86,91.62,29.486808967424963,2.4326809
BBAS3,BBAS3,Banco do Brasil S.A.,BRL,18.22,18.48,18.18,18.18 - 18.48,-0.16,-0.87,2026-08-17T15:47:30.000Z,105111840747.0,10162500,18.22,18.4,17.8 - 27.81,17.8,27.81,8.475601246685583,2.1496732
BBDC4,BBDC4,Banco Bradesco SA Pfd,BRL,16.31,16.54,16.27,16.27 - 16.54,-0.23,-1.39,2026-08-17T15:47:30.000Z,173380266494.0,12867100,16.31,16.49,15.61438563 - 22.09790212,15.61438563,22.09790212,7.104277376078056,2.2958377
PETR4,PETR4,Petroleo Brasileiro SA Pfd,BRL,42.36,42.75,42.05,42.05 - 42.75,0.27,0.64,2026-08-17T16:18:30.000Z,572070935267.0,13041700,42.37,42.35,29.31 - 50.69,29.31,50.69,4.093425973348279,10.3482633
VALE3,VALE3,Vale S.A.,BRL,71.6,71.66,70.69,70.69 - 71.66,0.3,0.42,2026-08-17T16:18:30.000Z,297244804740.0,3881000,71.59,71.2,52.86 - 91.62,52.86,91.62,29.561124643904048,2.4326809
BBAS3,BBAS3,Banco do Brasil S.A.,BRL,18.2,18.48,18.17,18.17 - 18.48,-0.18,-0.98,2026-08-17T16:18:30.000Z,105111840747.0,11589700,18.17,18.4,17.8 - 27.81,17.8,27.81,8.466297622924127,2.1496732
BBDC4,BBDC4,Banco Bradesco SA Pfd,BRL,16.27,16.54,16.25,16.25 - 16.54,-0.27,-1.63,2026-08-17T16:17:30.000Z,173380266494.0,15358800,16.26,16.49,15.61438563 - 22.09790212,15.61438563,22.09790212,7.086854255597178,2.2958377
PETR4,PETR4,Petroleo Brasileiro SA Pfd,BRL,42.31,42.75,42.05,42.05 - 42.75,0.22,0.52,2026-08-17T16:49:30.000Z,572070935267.0,15980600,42.31,42.35,29.31 - 50.69,29.31,50.69,4.088594261859436,10.3482633
VALE3,VALE3,Vale S.A.,BRL,71.64,71.69,70.69,70.69 - 71.69,0.34,0.48,2026-08-17T16:49:30.000Z,297244804740.0,4500800,71.64,71.2,52.86 - 91.62,52.86,91.62,29.577639238677182,2.4326809
BBAS3,BBAS3,Banco do Brasil S.A.,BRL,18.15,18.48,18.13,18.13 - 18.48,-0.23,-1.25,2026-08-17T16:49:30.000Z,105111840747.0,12482500,18.15,18.4,17.8 - 27.81,17.8,27.81,8.44303856352049,2.1496732
BBDC4,BBDC4,Banco Bradesco SA Pfd,BRL,16.26,16.54,16.25,16.25 - 16.54,-0.28,-1.69,2026-08-17T16:49:30.000Z,173380266494.0,17714600,16.26,16.49,15.61438563 - 22.09790212,15.61438563,22.09790212,7.082498475476959,2.2958377
PETR4,PETR4,Petroleo Brasileiro SA Pfd,BRL,42.04,42.75,41.72,41.72 - 42.75,-0.05,-0.12,2026-08-17T17:18:30.000Z,572070935267.0,20137700,42.04,42.35,29.31 - 50.69,29.31,50.69,4.0625030198196805,10.3482633
VALE3,VALE3,Vale S.A.,BRL,71.65,71.71,70.69,70.69 - 71.71,0.35,0.49,2026-08-17T17:17:30.000Z,297244804740.0,4887700,71.65,71.2,52.86 - 91.62,52.86,91.62,29.581767887370468,2.4326809
BBAS3,BBAS3,Banco do Brasil S.A.,BRL,18.12,18.48,18.1,18.1 - 18.48,-0.26,-1.41,2026-08-17T17:18:30.000Z,105111840747.0,13486000,18.12,18.4,17.8 - 27.81,17.8,27.81,8.42908312787831,2.1496732
BBDC4,BBDC4,Banco Bradesco SA Pfd,BRL,16.22,16.54,16.22,16.22 - 16.54,-0.32,-1.93,2026-08-17T17:18:30.000Z,173380266494.0,18855600,16.22,16.49,15.61438563 - 22.09790212,15.61438563,22.09790212,7.06507535499608,2.2958377
PETR4,PETR4,Petroleo Brasileiro SA Pfd,BRL,42.54,42.75,41.72,41.72 - 42.75,0.45,1.07,2026-08-17T17:49:30.000Z,572070935267.0,26603600,42.53,42.35,29.31 - 50.69,29.31,50.69,4.110820134708116,10.3482633
VALE3,VALE3,Vale S.A.,BRL,71.63,71.73,70.69,70.69 - 71.73,0.33,0.46,2026-08-17T17:49:30.000Z,297244804740.0,5470800,71.65,71.2,52.86 - 91.62,52.86,91.62,29.573510589983897,2.4326809
BBAS3,BBAS3,Banco do Brasil S.A.,BRL,18.08,18.48,18.06,18.06 - 18.48,-0.3,-1.63,2026-08-17T17:48:30.000Z,105111840747.0,15638100,18.08,18.4,17.8 - 27.81,17.8,27.81,8.410475880355397,2.1496732
BBDC4,BBDC4,Banco Bradesco SA Pfd,BRL,16.23,16.54,16.2,16.2 - 16.54,-0.31,-1.87,2026-08-17T17:49:30.000Z,173380266494.0,21058100,16.22,16.49,15.61438563 - 22.09790212,15.61438563,22.09790212,7.0694311351163,2.2958377
PETR4,PETR4,Petroleo Brasileiro SA Pfd,BRL,42.65,42.76,41.72,41.72 - 42.76,0.56,1.33,2026-08-17T18:19:30.000Z,572070935267.0,34671400,42.64,42.35,29.31 - 50.69,29.31,50.69,4.121449899983572,10.3482633
VALE3,VALE3,Vale S.A.,BRL,71.63,71.74,70.69,70.69 - 71.74,0.33,0.46,2026-08-17T18:19:30.000Z,297244804740.0,6524800,71.62,71.2,52.86 - 91.62,52.86,91.62,29.573510589983897,2.4326809
BBAS3,BBAS3,Banco do Brasil S.A.,BRL,18.02,18.48,18.01,18.01 - 18.48,-0.36,-1.96,2026-08-17T18:19:30.000Z,105111840747.0,16885200,18.01,18.4,17.8 - 27.81,17.8,27.81,8.382565009071032,2.1496732
BBDC4,BBDC4,Banco Bradesco SA Pfd,BRL,16.21,16.54,16.18,16.18 - 16.54,-0.33,-2.0,2026-08-17T18:19:30.000Z,173380266494.0,24847500,16.2,16.49,15.61438563 - 22.09790212,15.61438563,22.09790212,7.060719574875861,2.2958377
PETR4,PETR4,Petroleo Brasileiro SA Pfd,BRL,42.63,42.76,41.72,41.72 - 42.76,0.54,1.28,2026-08-17T18:54:30.000Z,572070935267.0,37361500,42.63,42.35,29.31 - 50.69,29.31,50.69,4.119517215388035,10.3482633
VALE3,VALE3,Vale S.A.,BRL,71.58,71.74,70.69,70.69 - 71.74,0.28,0.39,2026-08-17T18:54:30.000Z,297244804740.0,7214300,71.58,71.2,52.86 - 91.62,52.86,91.62,29.552867346517484,2.4326809
BBAS3,BBAS3,Banco do Brasil S.A.,BRL,18.02,18.48,18.0,18 - 18.48,-0.36,-1.96,2026-08-17T18:54:30.000Z,105111840747.0,18272100,18.02,18.4,17.8 - 27.81,17.8,27.81,8.382565009071032,2.1496732
BBDC4,BBDC4,Banco Bradesco SA Pfd,BRL,16.24,16.54,16.18,16.18 - 16.54,-0.3,-1.81,2026-08-17T18:54:30.000Z,173380266494.0,28792100,16.23,16.49,15.61438563 - 22.09790212,15.61438563,22.09790212,7.073786915236519,2.2958377
PETR4,PETR4,Petroleo Brasileiro SA Pfd,BRL,42.64,42.76,41.72,41.72 - 42.76,0.55,1.31,2026-08-17T19:18:30.000Z,572070935267.0,38555700,42.66,42.35,29.31 - 50.69,29.31,50.69,4.120483557685803,10.3482633
VALE3,VALE3,Vale S.A.,BRL,71.49,71.74,70.69,70.69 - 71.74,0.19,0.27,2026-08-17T19:18:30.000Z,297244804740.0,7473500,71.48,71.2,52.86 - 91.62,52.86,91.62,29.51570950827794,2.4326809
BBAS3,BBAS3,Banco do Brasil S.A.,BRL,18.0,18.48,17.98,17.98 - 18.48,-0.38,-2.07,2026-08-17T19:17:30.000Z,105111840747.0,19637800,17.99,18.4,17.8 - 27.81,17.8,27.81,8.373261385309577,2.1496732
BBDC4,BBDC4,Banco Bradesco SA Pfd,BRL,16.25,16.54,16.18,16.18 - 16.54,-0.29,-1.75,2026-08-17T19:18:30.000Z,173380266494.0,30168400,16.25,16.49,15.61438563 - 22.09790212,15.61438563,22.09790212,7.078142695356739,2.2958377
PETR4,PETR4,Petroleo Brasileiro SA Pfd,BRL,42.55,42.76,41.72,41.72 - 42.76,0.46,1.09,2026-08-17T19:48:30.000Z,572070935267.0,40203200,42.54,42.35,29.31 - 50.69,29.31,50.69,4.111786477005885,10.3482633
VALE3,VALE3,Vale S.A.,BRL,71.69,71.74,70.69,70.69 - 71.74,0.39,0.55,2026-08-17T19:47:30.000Z,297244804740.0,7921100,71.68,71.2,52.86 - 91.62,52.86,91.62,29.598282482143595,2.4326809
BBAS3,BBAS3,Banco do Brasil S.A.,BRL,17.98,18.48,17.97,17.97 - 18.48,-0.4,-2.18,2026-08-17T19:48:30.000Z,105111840747.0,21478200,17.97,18.4,17.8 - 27.81,17.8,27.81,8.363957761548123,2.1496732
BBDC4,BBDC4,Banco Bradesco SA Pfd,BRL,16.21,16.54,16.18,16.18 - 16.54,-0.33,-2.0,2026-08-17T19:48:30.000Z,173380266494.0,33794000,16.21,16.49,15.61438563 - 22.09790212,15.61438563,22.09790212,7.060719574875861,2.2958377
PETR4,PETR4,Petroleo Brasileiro SA Pfd,BRL,42.54,42.76,41.72,41.72 - 42.76,0.45,1.07,2026-08-17T20:17:30.000Z,572070935267.0,42779000,42.54,42.35,29.31 - 50.69,29.31,50.69,4.110820134708116,10.3482633
VALE3,VALE3,Vale S.A.,BRL,71.64,71.8,70.69,70.69 - 71.8,0.34,0.48,2026-08-17T20:17:30.000Z,297244804740.0,8401600,71.64,71.2,52.86 - 91.62,52.86,91.62,29.577639238677182,2.4326809
BBAS3,BBAS3,Banco do Brasil S.A.,BRL,18.02,18.48,17.95,17.95 - 18.48,-0.36,-1.96,2026-08-17T20:18:30.000Z,105111840747.0,23704800,18.02,18.4,17.8 - 27.81,17.8,27.81,8.382565009071032,2.1496732
BBDC4,BBDC4,Banco Bradesco SA Pfd,BRL,16.25,16.54,16.18,16.18 - 16.54,-0.29,-1.75,2026-08-17T20:18:30.000Z,173380266494.0,35592700,16.25,16.49,15.61438563 - 22.09790212,15.61438563,22.09790212,7.078142695356739,2.2958377
PETR4,PETR4,Petroleo Brasileiro SA Pfd,BRL,42.47,42.76,41.72,41.72 - 42.76,0.38,0.9,2026-08-17T20:48:30.000Z,572070935267.0,47590200,42.54,42.35,29.31 - 50.69,29.31,50.69,4.104055738623735,10.3482633
VALE3,VALE3,Vale S.A.,BRL,71.41,71.8,70.69,70.69 - 71.8,0.11,0.15,2026-08-17T20:48:30.000Z,297244804740.0,9975300,71.64,71.2,52.86 - 91.62,52.86,91.62,29.48268031873168,2.4326809
BBAS3,BBAS3,Banco do Brasil S.A.,BRL,17.95,18.48,17.95,17.95 - 18.48,-0.43,-2.34,2026-08-17T20:48:30.000Z,105111840747.0,26412900,18.02,18.4,17.8 - 27.81,17.8,27.81,8.350002325905939,2.1496732
BBDC4,BBDC4,Banco Bradesco SA Pfd,BRL,16.22,16.54,16.18,16.18 - 16.54,-0.32,-1.93,2026-08-17T20:48:30.000Z,173380266494.0,40151300,16.25,16.49,15.61438563 - 22.09790212,15.61438563,22.09790212,7.06507535499608,2.2958377
PETR4,PETR4,Petroleo Brasileiro SA Pfd,BRL,42.89,43.0,42.8,42.8 - 43,0.42,0.99,2026-08-18T13:26:30.000Z,578777761482.0,957700,42.89,42.8,29.31 - 50.69,29.31,50.69,4.144642115130021,10.3482633
VALE3,VALE3,Vale S.A.,BRL,71.19,71.35,70.85,70.85 - 71.35,-0.22,-0.31,2026-08-18T13:26:30.000Z,297703389713.0,372100,71.24,70.99,52.86 - 91.62,52.86,91.62,29.39185004747946,2.4326809
BBAS3,BBAS3,Banco do Brasil S.A.,BRL,17.94,18.04,17.92,17.92 - 18.04,-0.01,-0.06,2026-08-18T13:26:30.000Z,102652758855.0,701100,17.94,18.01,17.8 - 27.81,17.8,27.81,8.345350514025213,2.1496732
BBDC4,BBDC4,Banco Bradesco SA Pfd,BRL,16.19,16.25,16.16,16.16 - 16.25,-0.03,-0.18,2026-08-18T13:25:30.000Z,170253514539.0,436400,16.18,16.25,15.61438563 - 22.09790212,15.61438563,22.09790212,7.052008014635423,2.2958377
PETR4,PETR4,Petroleo Brasileiro SA Pfd,BRL,43.11,43.18,42.8,42.8 - 43.18,0.64,1.51,2026-08-18T13:54:30.000Z,578777761482.0,5639500,43.15,42.8,29.31 - 50.69,29.31,50.69,4.1659016456809335,10.3482633
VALE3,VALE3,Vale S.A.,BRL,71.88,71.88,70.85,70.85 - 71.88,0.47,0.66,2026-08-18T13:54:30.000Z,297703389713.0,1596900,71.84,70.99,52.86 - 91.62,52.86,91.62,29.67672680731597,2.4326809
BBAS3,BBAS3,Banco do Brasil S.A.,BRL,17.94,18.04,17.87,17.87 - 18.04,-0.01,-0.06,2026-08-18T13:54:30.000Z,102652758855.0,2191200,17.94,18.01,17.8 - 27.81,17.8,27.81,8.345350514025213,2.1496732
BBDC4,BBDC4,Banco Bradesco SA Pfd,BRL,16.28,16.32,16.13,16.13 - 16.32,0.06,0.37,2026-08-18T13:54:30.000Z,170253514539.0,1883500,16.27,16.25,15.61438563 - 22.09790212,15.61438563,22.09790212,7.091210035717398,2.2958377
PETR4,PETR4,Petroleo Brasileiro SA Pfd,BRL,43.11,43.2,42.8,42.8 - 43.2,0.64,1.51,2026-08-18T14:18:30.000Z,578777761482.0,8682600,43.12,42.8,29.31 - 50.69,29.31,50.69,4.1659016456809335,10.3482633
VALE3,VALE3,Vale S.A.,BRL,72.44,72.71,70.85,70.85 - 72.71,1.03,1.44,2026-08-18T14:18:30.000Z,297703389713.0,3059800,72.43,70.99,52.86 - 91.62,52.86,91.62,29.9079311341398,2.4326809
BBAS3,BBAS3,Banco do Brasil S.A.,BRL,17.95,18.04,17.87,17.87 - 18.04,0.0,0.0,2026-08-18T14:19:30.000Z,102652758855.0,3378900,17.95,18.01,17.8 - 27.81,17.8,27.81,8.350002325905939,2.1496732
BBDC4,BBDC4,Banco Bradesco SA Pfd,BRL,16.28,16.36,16.13,16.13 - 16.36,0.06,0.37,2026-08-18T14:18:30.000Z,170253514539.0,3079500,16.28,16.25,15.61438563 - 22.09790212,15.61438563,22.09790212,7.091210035717398,2.2958377
PETR4,PETR4,Petroleo Brasileiro SA Pfd,BRL,42.88,43.2,42.8,42.8 - 43.2,0.41,0.97,2026-08-18T14:53:30.000Z,578777761482.0,10465900,42.89,42.8,29.31 - 50.69,29.31,50.69,4.143675772832253,10.3482633
VALE3,VALE3,Vale S.A.,BRL,72.17,72.71,70.85,70.85 - 72.71,0.76,1.06,2026-08-18T14:52:30.000Z,297703389713.0,4806300,72.12,70.99,52.86 - 91.62,52.86,91.62,29.796457619421165,2.4326809
BBAS3,BBAS3,Banco do Brasil S.A.,BRL,17.94,18.04,17.87,17.87 - 18.04,-0.01,-0.06,2026-08-18T14:53:30.000Z,102652758855.0,4918700,17.94,18.01,17.8 - 27.81,17.8,27.81,8.345350514025213,2.1496732
BBDC4,BBDC4,Banco Bradesco SA Pfd,BRL,16.2,16.36,16.13,16.13 - 16.36,-0.02,-0.12,2026-08-18T14:53:30.000Z,170253514539.0,5156500,16.21,16.25,15.61438563 - 22.09790212,15.61438563,22.09790212,7.056363794755641,2.2958377
PETR4,PETR4,Petroleo Brasileiro SA Pfd,BRL,42.68,43.2,42.62,42.62 - 43.2,0.21,0.49,2026-08-18T15:18:30.000Z,578777761482.0,12520000,42.7,42.8,29.31 - 50.69,29.31,50.69,4.124348926876879,10.3482633
VALE3,VALE3,Vale S.A.,BRL,71.88,72.71,70.85,70.85 - 72.71,0.47,0.66,2026-08-18T15:18:30.000Z,297703389713.0,5394500,71.89,70.99,52.86 - 91.62,52.86,91.62,29.67672680731597,2.4326809
BBAS3,BBAS3,Banco do Brasil S.A.,BRL,17.89,18.04,17.87,17.87 - 18.04,-0.06,-0.33,2026-08-18T15:19:30.000Z,102652758855.0,6244800,17.9,18.01,17.8 - 27.81,17.8,27.81,8.322091454621575,2.1496732
BBDC4,BBDC4,Banco Bradesco SA Pfd,BRL,16.19,16.36,16.13,16.13 - 16.36,-0.03,-0.18,2026-08-18T15:18:30.000Z,170253514539.0,6739200,16.18,16.25,15.61438563 - 22.09790212,15.61438563,22.09790212,7.052008014635423,2.2958377
PETR4,PETR4,Petroleo Brasileiro SA Pfd,BRL,42.78,43.2,42.62,42.62 - 43.2,0.31,0.73,2026-08-18T15:50:30.000Z,578777761482.0,15397400,42.78,42.8,29.31 - 50.69,29.31,50.69,4.134012349854566,10.3482633
VALE3,VALE3,Vale S.A.,BRL,72.06,72.71,70.85,70.85 - 72.71,0.65,0.91,2026-08-18T15:50:30.000Z,297703389713.0,5752700,72.06,70.99,52.86 - 91.62,52.86,91.62,29.751042483795057,2.4326809
BBAS3,BBAS3,Banco do Brasil S.A.,BRL,17.88,18.04,17.86,17.86 - 18.04,-0.07,-0.39,2026-08-18T15:50:30.000Z,102652758855.0,7276200,17.89,18.01,17.8 - 27.81,17.8,27.81,8.317439642740846,2.1496732
BBDC4,BBDC4,Banco Bradesco SA Pfd,BRL,16.19,16.36,16.13,16.13 - 16.36,-0.03,-0.18,2026-08-18T15:50:30.000Z,170253514539.0,7698000,16.19,16.25,15.61438563 - 22.09790212,15.61438563,22.09790212,7.052008014635423,2.2958377
PETR4,PETR4,Petroleo Brasileiro SA Pfd,BRL,42.62,43.2,42.57,42.57 - 43.2,0.15,0.35,2026-08-18T16:18:30.000Z,578777761482.0,17038600,42.62,42.8,29.31 - 50.69,29.31,50.69,4.118550873090266,10.3482633
VALE3,VALE3,Vale S.A.,BRL,72.1,72.71,70.85,70.85 - 72.71,0.69,0.97,2026-08-18T16:18:30.000Z,297703389713.0,6064700,72.1,70.99,52.86 - 91.62,52.86,91.62,29.767557078568185,2.4326809
BBAS3,BBAS3,Banco do Brasil S.A.,BRL,17.92,18.04,17.86,17.86 - 18.04,-0.03,-0.17,2026-08-18T16:18:30.000Z,102652758855.0,8077900,17.92,18.01,17.8 - 27.81,17.8,27.81,8.336046890263757,2.1496732
BBDC4,BBDC4,Banco Bradesco SA Pfd,BRL,16.19,16.36,16.13,16.13 - 16.36,-0.03,-0.18,2026-08-18T16:18:30.000Z,170253514539.0,8724700,16.19,16.25,15.61438563 - 22.09790212,15.61438563,22.09790212,7.052008014635423,2.2958377
PETR4,PETR4,Petroleo Brasileiro SA Pfd,BRL,42.53,43.2,42.42,42.42 - 43.2,0.06,0.14,2026-08-18T16:51:30.000Z,578777761482.0,20791500,42.53,42.8,29.31 - 50.69,29.31,50.69,4.109853792410347,10.3482633
VALE3,VALE3,Vale S.A.,BRL,72.03,72.71,70.85,70.85 - 72.71,0.62,0.87,2026-08-18T16:51:30.000Z,297703389713.0,6434400,72.04,70.99,52.86 - 91.62,52.86,91.62,29.738656537715208,2.4326809
BBAS3,BBAS3,Banco do Brasil S.A.,BRL,17.84,18.04,17.83,17.83 - 18.04,-0.11,-0.61,2026-08-18T16:51:30.000Z,102652758855.0,9601200,17.85,18.01,17.8 - 27.81,17.8,27.81,8.298832395217937,2.1496732
BBDC4,BBDC4,Banco Bradesco SA Pfd,BRL,16.15,16.36,16.13,16.13 - 16.36,-0.07,-0.43,2026-08-18T16:51:30.000Z,170253514539.0,9593200,16.15,16.25,15.61438563 - 22.09790212,15.61438563,22.09790212,7.034584894154543,2.2958377
PETR4,PETR4,Petroleo Brasileiro SA Pfd,BRL,42.63,43.2,42.42,42.42 - 43.2,0.16,0.38,2026-08-18T17:18:30.000Z,578777761482.0,22856100,42.64,42.8,29.31 - 50.69,29.31,50.69,4.119517215388035,10.3482633
VALE3,VALE3,Vale S.A.,BRL,72.0,72.71,70.85,70.85 - 72.71,0.59,0.83,2026-08-18T17:18:30.000Z,297703389713.0,6737900,71.97,70.99,52.86 - 91.62,52.86,91.62,29.72627059163536,2.4326809
BBAS3,BBAS3,Banco do Brasil S.A.,BRL,17.89,18.04,17.83,17.83 - 18.04,-0.06,-0.33,2026-08-18T17:17:30.000Z,102652758855.0,10505500,17.89,18.01,17.8 - 27.81,17.8,27.81,8.322091454621575,2.1496732
BBDC4,BBDC4,Banco Bradesco SA Pfd,BRL,16.18,16.36,16.13,16.13 - 16.36,-0.04,-0.25,2026-08-18T17:18:30.000Z,170253514539.0,10399300,16.18,16.25,15.61438563 - 22.09790212,15.61438563,22.09790212,7.047652234515202,2.2958377
PETR4,PETR4,Petroleo Brasileiro SA Pfd,BRL,42.8,43.2,42.42,42.42 - 43.2,0.33,0.78,2026-08-18T17:49:30.000Z,578777761482.0,24595800,42.79,42.8,29.31 - 50.69,29.31,50.69,4.135945034450103,10.3482633
VALE3,VALE3,Vale S.A.,BRL,71.88,72.71,70.85,70.85 - 72.71,0.47,0.66,2026-08-18T17:49:30.000Z,297703389713.0,7161600,71.89,70.99,52.86 - 91.62,52.86,91.62,29.67672680731597,2.4326809
BBAS3,BBAS3,Banco do Brasil S.A.,BRL,17.9,18.04,17.83,17.83 - 18.04,-0.05,-0.28,2026-08-18T17:49:30.000Z,102652758855.0,11296000,17.9,18.01,17.8 - 27.81,17.8,27.81,8.326743266502302,2.1496732
BBDC4,BBDC4,Banco Bradesco SA Pfd,BRL,16.18,16.36,16.13,16.13 - 16.36,-0.04,-0.25,2026-08-18T17:48:30.000Z,170253514539.0,12098700,16.19,16.25,15.61438563 - 22.09790212,15.61438563,22.09790212,7.047652234515202,2.2958377
PETR4,PETR4,Petroleo Brasileiro SA Pfd,BRL,42.85,43.2,42.42,42.42 - 43.2,0.38,0.89,2026-08-18T18:18:30.000Z,578777761482.0,25874200,42.82,42.8,29.31 - 50.69,29.31,50.69,4.140776745938947,10.3482633
VALE3,VALE3,Vale S.A.,BRL,71.7,72.71,70.85,70.85 - 72.71,0.29,0.41,2026-08-18T18:18:30.000Z,297703389713.0,7610800,71.74,70.99,52.86 - 91.62,52.86,91.62,29.60241113083688,2.4326809
BBAS3,BBAS3,Banco do Brasil S.A.,BRL,17.87,18.04,17.83,17.83 - 18.04,-0.08,-0.45,2026-08-18T18:18:30.000Z,102652758855.0,17433900,17.87,18.01,17.8 - 27.81,17.8,27.81,8.31278783086012,2.1496732
BBDC4,BBDC4,Banco Bradesco SA Pfd,BRL,16.13,16.36,16.12,16.12 - 16.36,-0.09,-0.55,2026-08-18T18:18:30.000Z,170253514539.0,13632000,16.14,16.25,15.61438563 - 22.09790212,15.61438563,22.09790212,7.025873333914104,2.2958377
PETR4,PETR4,Petroleo Brasileiro SA Pfd,BRL,42.74,43.2,42.42,42.42 - 43.2,0.27,0.64,2026-08-18T18:54:30.000Z,578777761482.0,28177600,42.74,42.8,29.31 - 50.69,29.31,50.69,4.130146980663491,10.3482633
VALE3,VALE3,Vale S.A.,BRL,71.46,72.71,70.85,70.85 - 72.71,0.05,0.07,2026-08-18T18:54:30.000Z,297703389713.0,8655800,71.45,70.99,52.86 - 91.62,52.86,91.62,29.50332356219809,2.4326809
BBAS3,BBAS3,Banco do Brasil S.A.,BRL,17.86,18.04,17.83,17.83 - 18.04,-0.09,-0.5,2026-08-18T18:54:30.000Z,102652758855.0,18681900,17.87,18.01,17.8 - 27.81,17.8,27.81,8.308136018979392,2.1496732
BBDC4,BBDC4,Banco Bradesco SA Pfd,BRL,16.1,16.36,16.09,16.09 - 16.36,-0.12,-0.74,2026-08-18T18:54:30.000Z,170253514539.0,15728900,16.1,16.25,15.61438563 - 22.09790212,15.61438563,22.09790212,7.012805993553447,2.2958377
PETR4,PETR4,Petroleo Brasileiro SA Pfd,BRL,42.66,43.2,42.42,42.42 - 43.2,0.19,0.45,2026-08-18T19:18:30.000Z,578777761482.0,29459800,42.66,42.8,29.31 - 50.69,29.31,50.69,4.12241624228134,10.3482633
VALE3,VALE3,Vale S.A.,BRL,71.54,72.71,70.85,70.85 - 72.71,0.13,0.18,2026-08-18T19:18:30.000Z,297703389713.0,9391000,71.54,70.99,52.86 - 91.62,52.86,91.62,29.53635275174436,2.4326809
BBAS3,BBAS3,Banco do Brasil S.A.,BRL,17.83,18.04,17.82,17.82 - 18.04,-0.12,-0.67,2026-08-18T19:18:30.000Z,102652758855.0,19902900,17.83,18.01,17.8 - 27.81,17.8,27.81,8.294180583337209,2.1496732
BBDC4,BBDC4,Banco Bradesco SA Pfd,BRL,16.07,16.36,16.06,16.06 - 16.36,-0.15,-0.92,2026-08-18T19:18:30.000Z,170253514539.0,17140300,16.07,16.25,15.61438563 - 22.09790212,15.61438563,22.09790212,6.999738653192788,2.2958377
PETR4,PETR4,Petroleo Brasileiro SA Pfd,BRL,42.73,43.2,42.42,42.42 - 43.2,0.26,0.61,2026-08-18T19:47:30.000Z,578777761482.0,31402000,42.73,42.8,29.31 - 50.69,29.31,50.69,4.129180638365722,10.3482633
VALE3,VALE3,Vale S.A.,BRL,71.51,72.71,70.85,70.85 - 72.71,0.1,0.14,2026-08-18T19:47:30.000Z,297703389713.0,10103100,71.51,70.99,52.86 - 91.62,52.86,91.62,29.52396680566451,2.4326809
BBAS3,BBAS3,Banco do Brasil S.A.,BRL,17.83,18.04,17.79,17.79 - 18.04,-0.12,-0.67,2026-08-18T19:46:30.000Z,102652758855.0,21717100,17.83,18.01,17.79 - 27.81,17.79,27.81,8.294180583337209,2.1496732
BBDC4,BBDC4,Banco Bradesco SA Pfd,BRL,16.08,16.36,16.05,16.05 - 16.36,-0.14,-0.86,2026-08-18T19:46:30.000Z,170253514539.0,20265100,16.08,16.25,15.61438563 - 22.09790212,15.61438563,22.09790212,7.004094433313006,2.2958377
PETR4,PETR4,Petroleo Brasileiro SA Pfd,BRL,42.75,43.2,42.42,42.42 - 43.2,0.28,0.66,2026-08-18T20:16:30.000Z,578777761482.0,33472500,42.75,42.8,29.31 - 50.69,29.31,50.69,4.13111332296126,10.3482633
VALE3,VALE3,Vale S.A.,BRL,71.45,72.71,70.85,70.85 - 72.71,0.04,0.06,2026-08-18T20:17:30.000Z,297703389713.0,11178400,71.45,70.99,52.86 - 91.62,52.86,91.62,29.49919491350481,2.4326809
BBAS3,BBAS3,Banco do Brasil S.A.,BRL,17.87,18.04,17.79,17.79 - 18.04,-0.08,-0.45,2026-08-18T20:16:30.000Z,102652758855.0,23333600,17.87,18.01,17.79 - 27.81,17.79,27.81,8.31278783086012,2.1496732
BBDC4,BBDC4,Banco Bradesco SA Pfd,BRL,16.11,16.36,16.05,16.05 - 16.36,-0.11,-0.68,2026-08-18T20:17:30.000Z,170253514539.0,22206800,16.11,16.25,15.61438563 - 22.09790212,15.61438563,22.09790212,7.017161773673665,2.2958377
PETR4,PETR4,Petroleo Brasileiro SA Pfd,BRL,42.6,43.2,42.42,42.42 - 43.2,0.13,0.31,2026-08-18T20:47:30.000Z,578777761482.0,36801300,42.75,42.8,29.31 - 50.69,29.31,50.69,4.116618188494729,10.3482633
VALE3,VALE3,Vale S.A.,BRL,71.55,72.71,70.85,70.85 - 72.71,0.14,0.2,2026-08-18T20:47:30.000Z,297703389713.0,12440500,71.45,70.99,52.86 - 91.62,52.86,91.62,29.540481400437635,2.4326809
BBAS3,BBAS3,Banco do Brasil S.A.,BRL,17.8,18.04,17.79,17.79 - 18.04,-0.15,-0.84,2026-08-18T20:46:30.000Z,102652758855.0,25217100,17.87,18.01,17.79 - 27.81,17.79,27.81,8.280225147695027,2.1496732
BBDC4,BBDC4,Banco Bradesco SA Pfd,BRL,16.12,16.36,16.05,16.05 - 16.36,-0.1,-0.62,2026-08-18T20:46:30.000Z,170253514539.0,26469200,16.11,16.25,15.61438563 - 22.09790212,15.61438563,22.09790212,7.021517553793886,2.2958377
PETR4,PETR4,Petroleo Brasileiro SA Pfd,BRL,43.22,43.22,42.84,42.84 - 43.22,0.62,1.46,2026-08-19T13:26:30.000Z,579989182171.0,1823800,43.2,42.84,29.31 - 50.69,29.31,50.69,4.176531410956389,10.3482633
VALE3,VALE3,Vale S.A.,BRL,72.78,72.95,72.4,72.4 - 72.95,1.23,1.72,2026-08-19T13:26:30.000Z,298287037531.0,914700,72.74,72.6,52.95 - 91.62,52.95,91.62,30.04830518971141,2.4326809
BBAS3,BBAS3,Banco do Brasil S.A.,BRL,18.16,18.23,18.1,18.1 - 18.23,0.36,2.02,2026-08-19T13:26:30.000Z,101794927668.0,4428500,18.19,18.1,17.79 - 27.81,17.79,27.81,8.447690375401217,2.1496732
BBDC4,BBDC4,Banco Bradesco SA Pfd,BRL,16.41,16.47,16.28,16.28 - 16.47,0.29,1.8,2026-08-19T13:26:30.000Z,169024866876.0,1752500,16.4,16.31,15.61438563 - 22.09790212,15.61438563,22.09790212,7.147835177280252,2.2958377
PETR4,PETR4,Petroleo Brasileiro SA Pfd,BRL,43.65,43.76,42.84,42.84 - 43.76,1.05,2.46,2026-08-19T13:55:30.000Z,579989182171.0,8977600,43.66,42.84,29.31 - 50.69,29.31,50.69,4.2180841297604434,10.3482633
VALE3,VALE3,Vale S.A.,BRL,73.15,73.55,72.4,72.4 - 73.55,1.6,2.24,2026-08-19T13:55:30.000Z,298287037531.0,3594500,73.14,72.6,52.95 - 91.62,52.95,91.62,30.201065191362872,2.4326809
BBAS3,BBAS3,Banco do Brasil S.A.,BRL,18.19,18.26,18.09,18.09 - 18.26,0.39,2.19,2026-08-19T13:54:30.000Z,101794927668.0,6862400,18.19,18.1,17.79 - 27.81,17.79,27.81,8.461645811043402,2.1496732
BBDC4,BBDC4,Banco Bradesco SA Pfd,BRL,16.37,16.47,16.28,16.28 - 16.47,0.25,1.55,2026-08-19T13:54:30.000Z,169024866876.0,4427600,16.38,16.31,15.61438563 - 22.09790212,15.61438563,22.09790212,7.130412056799374,2.2958377
PETR4,PETR4,Petroleo Brasileiro SA Pfd,BRL,43.71,43.93,42.84,42.84 - 43.93,1.11,2.61,2026-08-19T14:19:30.000Z,579989182171.0,12882700,43.7,42.84,29.31 - 50.69,29.31,50.69,4.223882183547056,10.3482633
VALE3,VALE3,Vale S.A.,BRL,73.59,73.69,72.4,72.4 - 73.69,2.04,2.85,2026-08-19T14:19:30.000Z,298287037531.0,5342700,73.46,72.6,52.95 - 91.62,52.95,91.62,30.382725733867307,2.4326809
BBAS3,BBAS3,Banco do Brasil S.A.,BRL,18.18,18.27,18.09,18.09 - 18.27,0.38,2.13,2026-08-19T14:19:30.000Z,101794927668.0,8611000,18.19,18.1,17.79 - 27.81,17.79,27.81,8.456993999162673,2.1496732
BBDC4,BBDC4,Banco Bradesco SA Pfd,BRL,16.36,16.47,16.28,16.28 - 16.47,0.24,1.49,2026-08-19T14:19:30.000Z,169024866876.0,6429400,16.36,16.31,15.61438563 - 22.09790212,15.61438563,22.09790212,7.1260562766791535,2.2958377
PETR4,PETR4,Petroleo Brasileiro SA Pfd,BRL,43.88,43.94,42.84,42.84 - 43.94,1.28,3.0,2026-08-19T14:53:30.000Z,579989182171.0,17305200,43.9,42.84,29.31 - 50.69,29.31,50.69,4.2403100026091245,10.3482633
VALE3,VALE3,Vale S.A.,BRL,73.65,73.82,72.4,72.4 - 73.82,2.1,2.94,2026-08-19T14:52:30.000Z,298287037531.0,7341100,73.66,72.6,52.95 - 91.62,52.95,91.62,30.40749762602701,2.4326809
BBAS3,BBAS3,Banco do Brasil S.A.,BRL,18.23,18.27,18.08,18.08 - 18.27,0.43,2.42,2026-08-19T14:52:30.000Z,101794927668.0,10265300,18.22,18.1,17.79 - 27.81,17.79,27.81,8.48025305856631,2.1496732
BBDC4,BBDC4,Banco Bradesco SA Pfd,BRL,16.34,16.47,16.28,16.28 - 16.47,0.22,1.36,2026-08-19T14:52:30.000Z,169024866876.0,8676200,16.34,16.31,15.61438563 - 22.09790212,15.61438563,22.09790212,7.117344716438715,2.2958377
PETR4,PETR4,Petroleo Brasileiro SA Pfd,BRL,43.74,43.97,42.84,42.84 - 43.97,1.14,2.68,2026-08-19T15:18:30.000Z,579989182171.0,19257000,43.73,42.84,29.31 - 50.69,29.31,50.69,4.226781210440362,10.3482633
VALE3,VALE3,Vale S.A.,BRL,73.53,73.85,72.4,72.4 - 73.85,1.98,2.77,2026-08-19T15:19:30.000Z,298287037531.0,8687200,73.57,72.6,52.95 - 91.62,52.95,91.62,30.35795384170761,2.4326809
BBAS3,BBAS3,Banco do Brasil S.A.,BRL,18.17,18.27,18.08,18.08 - 18.27,0.37,2.08,2026-08-19T15:19:30.000Z,101794927668.0,12195400,18.18,18.1,17.79 - 27.81,17.79,27.81,8.452342187281946,2.1496732
BBDC4,BBDC4,Banco Bradesco SA Pfd,BRL,16.24,16.47,16.23,16.23 - 16.47,0.12,0.74,2026-08-19T15:19:30.000Z,169024866876.0,10405400,16.24,16.31,15.61438563 - 22.09790212,15.61438563,22.09790212,7.073786915236519,2.2958377
PETR4,PETR4,Petroleo Brasileiro SA Pfd,BRL,43.5,43.97,42.84,42.84 - 43.97,0.9,2.11,2026-08-19T15:49:30.000Z,579989182171.0,23981100,43.5,42.84,29.31 - 50.69,29.31,50.69,4.203588995293913,10.3482633
VALE3,VALE3,Vale S.A.,BRL,73.29,73.85,72.4,72.4 - 73.85,1.74,2.43,2026-08-19T15:50:30.000Z,298287037531.0,9211700,73.3,72.6,52.95 - 91.62,52.95,91.62,30.25886627306883,2.4326809
BBAS3,BBAS3,Banco do Brasil S.A.,BRL,18.1,18.27,18.08,18.08 - 18.27,0.3,1.69,2026-08-19T15:50:30.000Z,101794927668.0,13643900,18.14,18.1,17.79 - 27.81,17.79,27.81,8.419779504116853,2.1496732
BBDC4,BBDC4,Banco Bradesco SA Pfd,BRL,16.14,16.47,16.14,16.14 - 16.47,0.02,0.12,2026-08-19T15:50:30.000Z,169024866876.0,12558500,16.14,16.31,15.61438563 - 22.09790212,15.61438563,22.09790212,7.0302291140343245,2.2958377
PETR4,PETR4,Petroleo Brasileiro SA Pfd,BRL,43.35,43.97,42.84,42.84 - 43.97,0.75,1.76,2026-08-19T16:18:30.000Z,579989182171.0,27335700,43.35,42.84,29.31 - 50.69,29.31,50.69,4.189093860827382,10.3482633
VALE3,VALE3,Vale S.A.,BRL,73.18,73.85,72.4,72.4 - 73.85,1.63,2.28,2026-08-19T16:18:30.000Z,298287037531.0,9778200,73.17,72.6,52.95 - 91.62,52.95,91.62,30.21345113744272,2.4326809
BBAS3,BBAS3,Banco do Brasil S.A.,BRL,18.07,18.27,18.04,18.04 - 18.27,0.27,1.52,2026-08-19T16:18:30.000Z,101794927668.0,15437700,18.08,18.1,17.79 - 27.81,17.79,27.81,8.40582406847467,2.1496732
BBDC4,BBDC4,Banco Bradesco SA Pfd,BRL,16.09,16.47,16.07,16.07 - 16.47,-0.03,-0.19,2026-08-19T16:18:30.000Z,169024866876.0,14888600,16.09,16.31,15.61438563 - 22.09790212,15.61438563,22.09790212,7.0084502134332265,2.2958377
PETR4,PETR4,Petroleo Brasileiro SA Pfd,BRL,43.27,43.97,42.84,42.84 - 43.97,0.67,1.57,2026-08-19T16:50:30.000Z,579989182171.0,28646800,43.27,42.84,29.31 - 50.69,29.31,50.69,4.181363122445233,10.3482633
VALE3,VALE3,Vale S.A.,BRL,73.08,73.85,72.4,72.4 - 73.85,1.53,2.14,2026-08-19T16:50:30.000Z,298287037531.0,10399500,73.08,72.6,52.95 - 91.62,52.95,91.62,30.172164650509888,2.4326809
BBAS3,BBAS3,Banco do Brasil S.A.,BRL,18.04,18.27,18.02,18.02 - 18.27,0.24,1.35,2026-08-19T16:50:30.000Z,101794927668.0,16612200,18.04,18.1,17.79 - 27.81,17.79,27.81,8.391868632832487,2.1496732
BBDC4,BBDC4,Banco Bradesco SA Pfd,BRL,16.05,16.47,16.04,16.04 - 16.47,-0.07,-0.43,2026-08-19T16:50:30.000Z,169024866876.0,16828800,16.05,16.31,15.61438563 - 22.09790212,15.61438563,22.09790212,6.991027092952349,2.2958377
PETR4,PETR4,Petroleo Brasileiro SA Pfd,BRL,43.36,43.97,42.84,42.84 - 43.97,0.76,1.78,2026-08-19T17:18:30.000Z,579989182171.0,29844500,43.37,42.84,29.31 - 50.69,29.31,50.69,4.190060203125151,10.3482633
VALE3,VALE3,Vale S.A.,BRL,73.06,73.85,72.4,72.4 - 73.85,1.51,2.11,2026-08-19T17:17:30.000Z,298287037531.0,11135400,73.06,72.6,52.95 - 91.62,52.95,91.62,30.163907353123324,2.4326809
BBAS3,BBAS3,Banco do Brasil S.A.,BRL,18.13,18.27,18.02,18.02 - 18.27,0.33,1.85,2026-08-19T17:18:30.000Z,101794927668.0,19066400,18.14,18.1,17.79 - 27.81,17.79,27.81,8.433734939759034,2.1496732
BBDC4,BBDC4,Banco Bradesco SA Pfd,BRL,16.08,16.47,16.04,16.04 - 16.47,-0.04,-0.25,2026-08-19T17:18:30.000Z,169024866876.0,18209700,16.07,16.31,15.61438563 - 22.09790212,15.61438563,22.09790212,7.004094433313006,2.2958377
PETR4,PETR4,Petroleo Brasileiro SA Pfd,BRL,43.22,43.97,42.84,42.84 - 43.97,0.62,1.46,2026-08-19T17:47:30.000Z,579989182171.0,30875000,43.22,42.84,29.31 - 50.69,29.31,50.69,4.176531410956389,10.3482633
VALE3,VALE3,Vale S.A.,BRL,72.88,73.85,72.4,72.4 - 73.85,1.33,1.86,2026-08-19T17:47:30.000Z,298287037531.0,11620500,72.87,72.6,52.95 - 91.62,52.95,91.62,30.08959167664424,2.4326809
BBAS3,BBAS3,Banco do Brasil S.A.,BRL,18.12,18.27,18.02,18.02 - 18.27,0.32,1.8,2026-08-19T17:47:30.000Z,101794927668.0,20086400,18.13,18.1,17.79 - 27.81,17.79,27.81,8.42908312787831,2.1496732
BBDC4,BBDC4,Banco Bradesco SA Pfd,BRL,16.03,16.47,16.01,16.01 - 16.47,-0.09,-0.56,2026-08-19T17:47:30.000Z,169024866876.0,20191800,16.04,16.31,15.61438563 - 22.09790212,15.61438563,22.09790212,6.98231553271191,2.2958377
PETR4,PETR4,Petroleo Brasileiro SA Pfd,BRL,43.34,43.97,42.84,42.84 - 43.97,0.74,1.74,2026-08-19T18:18:30.000Z,579989182171.0,32681100,43.34,42.84,29.31 - 50.69,29.31,50.69,4.188127518529614,10.3482633
VALE3,VALE3,Vale S.A.,BRL,72.46,73.85,72.4,72.4 - 73.85,0.91,1.27,2026-08-19T18:18:30.000Z,298287037531.0,12494500,72.46,72.6,52.95 - 91.62,52.95,91.62,29.91618843152636,2.4326809
BBAS3,BBAS3,Banco do Brasil S.A.,BRL,18.12,18.27,18.02,18.02 - 18.27,0.32,1.8,2026-08-19T18:18:30.000Z,101794927668.0,21121800,18.12,18.1,17.79 - 27.81,17.79,27.81,8.42908312787831,2.1496732
BBDC4,BBDC4,Banco Bradesco SA Pfd,BRL,16.08,16.47,16.01,16.01 - 16.47,-0.04,-0.25,2026-08-19T18:17:30.000Z,169024866876.0,22761100,16.07,16.31,15.61438563 - 22.09790212,15.61438563,22.09790212,7.004094433313006,2.2958377
PETR4,PETR4,Petroleo Brasileiro SA Pfd,BRL,43.28,43.97,42.84,42.84 - 43.97,0.68,1.6,2026-08-19T18:52:30.000Z,579989182171.0,35209200,43.3,42.84,29.31 - 50.69,29.31,50.69,4.182329464743002,10.3482633
VALE3,VALE3,Vale S.A.,BRL,71.8,73.85,71.76,71.76 - 73.85,0.25,0.35,2026-08-19T18:53:30.000Z,298287037531.0,14187100,71.8,72.6,52.95 - 91.62,52.95,91.62,29.643697617769703,2.4326809
BBAS3,BBAS3,Banco do Brasil S.A.,BRL,18.14,18.27,18.02,18.02 - 18.27,0.34,1.91,2026-08-19T18:53:30.000Z,101794927668.0,22351500,18.14,18.1,17.79 - 27.81,17.79,27.81,8.438386751639763,2.1496732
BBDC4,BBDC4,Banco Bradesco SA Pfd,BRL,16.11,16.47,16.01,16.01 - 16.47,-0.01,-0.06,2026-08-19T18:53:30.000Z,169024866876.0,26353900,16.11,16.31,15.61438563 - 22.09790212,15.61438563,22.09790212,7.017161773673665,2.2958377
PETR4,PETR4,Petroleo Brasileiro SA Pfd,BRL,43.23,43.97,42.84,42.84 - 43.97,0.63,1.48,2026-08-19T19:18:30.000Z,579989182171.0,37313500,43.22,42.84,29.31 - 50.69,29.31,50.69,4.1774977532541575,10.3482633
VALE3,VALE3,Vale S.A.,BRL,72.24,73.85,71.76,71.76 - 73.85,0.69,0.96,2026-08-19T19:18:30.000Z,298287037531.0,15295700,72.24,72.6,52.95 - 91.62,52.95,91.62,29.825358160274146,2.4326809
BBAS3,BBAS3,Banco do Brasil S.A.,BRL,18.05,18.27,18.02,18.02 - 18.27,0.25,1.4,2026-08-19T19:18:30.000Z,101794927668.0,23406500,18.05,18.1,17.79 - 27.81,17.79,27.81,8.396520444713216,2.1496732
BBDC4,BBDC4,Banco Bradesco SA Pfd,BRL,16.03,16.47,16.01,16.01 - 16.47,-0.09,-0.56,2026-08-19T19:18:30.000Z,169024866876.0,28621900,16.04,16.31,15.61438563 - 22.09790212,15.61438563,22.09790212,6.98231553271191,2.2958377
PETR4,PETR4,Petroleo Brasileiro SA Pfd,BRL,43.19,43.97,42.84,42.84 - 43.97,0.59,1.38,2026-08-19T19:47:30.000Z,579989182171.0,39648000,43.19,42.84,29.31 - 50.69,29.31,50.69,4.173632384063082,10.3482633
VALE3,VALE3,Vale S.A.,BRL,72.14,73.85,71.76,71.76 - 73.85,0.59,0.82,2026-08-19T19:47:30.000Z,298287037531.0,16199100,72.16,72.6,52.95 - 91.62,52.95,91.62,29.78407167334132,2.4326809
BBAS3,BBAS3,Banco do Brasil S.A.,BRL,18.05,18.27,18.02,18.02 - 18.27,0.25,1.4,2026-08-19T19:46:30.000Z,101794927668.0,25118700,18.05,18.1,17.79 - 27.81,17.79,27.81,8.396520444713216,2.1496732
BBDC4,BBDC4,Banco Bradesco SA Pfd,BRL,16.02,16.47,16.01,16.01 - 16.47,-0.1,-0.62,2026-08-19T19:46:30.000Z,169024866876.0,31641000,16.02,16.31,15.61438563 - 22.09790212,15.61438563,22.09790212,6.97795975259169,2.2958377
PETR4,PETR4,Petroleo Brasileiro SA Pfd,BRL,43.16,43.97,42.84,42.84 - 43.97,0.56,1.31,2026-08-19T20:17:30.000Z,579989182171.0,44732300,43.16,42.84,29.31 - 50.69,29.31,50.69,4.170733357169777,10.3482633
VALE3,VALE3,Vale S.A.,BRL,72.16,73.85,71.76,71.76 - 73.85,0.61,0.85,2026-08-19T20:17:30.000Z,298287037531.0,17398800,72.16,72.6,52.95 - 91.62,52.95,91.62,29.79232897072788,2.4326809
BBAS3,BBAS3,Banco do Brasil S.A.,BRL,18.09,18.27,18.02,18.02 - 18.27,0.29,1.63,2026-08-19T20:17:30.000Z,101794927668.0,26383200,18.09,18.1,17.79 - 27.81,17.79,27.81,8.415127692236124,2.1496732
BBDC4,BBDC4,Banco Bradesco SA Pfd,BRL,16.02,16.47,16.0,16 - 16.47,-0.1,-0.62,2026-08-19T20:17:30.000Z,169024866876.0,34760900,16.02,16.31,15.61438563 - 22.09790212,15.61438563,22.09790212,6.97795975259169,2.2958377
PETR4,PETR4,Petroleo Brasileiro SA Pfd,BRL,43.11,43.97,42.84,42.84 - 43.97,0.51,1.2,2026-08-19T20:48:30.000Z,579989182171.0,49537100,43.16,42.84,29.31 - 50.69,29.31,50.69,4.1659016456809335,10.3482633
VALE3,VALE3,Vale S.A.,BRL,72.13,73.85,71.76,71.76 - 73.85,0.58,0.81,2026-08-19T20:48:30.000Z,298287037531.0,18599500,72.16,72.6,52.95 - 91.62,52.95,91.62,29.77994302464803,2.4326809
BBAS3,BBAS3,Banco do Brasil S.A.,BRL,18.08,18.27,18.02,18.02 - 18.27,0.28,1.57,2026-08-19T20:48:30.000Z,101794927668.0,28062500,18.09,18.1,17.79 - 27.81,17.79,27.81,8.410475880355397,2.1496732
BBDC4,BBDC4,Banco Bradesco SA Pfd,BRL,16.02,16.47,16.0,16 - 16.47,-0.1,-0.62,2026-08-19T20:49:30.000Z,169024866876.0,38194100,16.02,16.31,15.61438563 - 22.09790212,15.61438563,22.09790212,6.97795975259169,2.2958377
PETR4,PETR4,Petroleo Brasileiro SA Pfd,BRL,43.61,43.81,43.57,43.57 - 43.81,0.5,1.16,2026-08-20T13:28:30.000Z,587237695843.0,1077300,43.7,43.75,29.31 - 50.69,29.31,50.69,4.214218760569369,10.3482633
VALE3,VALE3,Vale S.A.,BRL,71.48,71.9,71.25,71.25 - 71.9,-0.65,-0.9,2026-08-20T13:28:30.000Z,300704993434.0,748000,71.53,71.49,53.31 - 91.62,53.31,91.62,29.51158085958466,2.4326809
BBAS3,BBAS3,Banco do Brasil S.A.,BRL,17.95,18.06,17.94,17.94 - 18.06,-0.13,-0.72,2026-08-20T13:28:30.000Z,103396200189.0,1136100,17.94,18.06,17.79 - 27.81,17.79,27.81,8.350002325905939,2.1496732
BBDC4,BBDC4,Banco Bradesco SA Pfd,BRL,15.99,16.02,15.9,15.9 - 16.02,-0.03,-0.19,2026-08-20T13:28:30.000Z,168411102383.0,643000,15.98,15.96,15.74425576 - 22.09790212,15.74425576,22.09790212,6.964892412231031,2.2958377
PETR4,PETR4,Petroleo Brasileiro SA Pfd,BRL,44.14,44.15,43.47,43.47 - 44.15,1.03,2.39,2026-08-20T13:55:30.000Z,587237695843.0,8768200,44.1,43.75,29.31 - 50.69,29.31,50.69,4.265434902351111,10.3482633
VALE3,VALE3,Vale S.A.,BRL,72.2,72.45,71.25,71.25 - 72.45,0.07,0.1,2026-08-20T13:56:30.000Z,300704993434.0,2296500,72.2,71.49,53.31 - 91.62,53.31,91.62,29.80884356550101,2.4326809
BBAS3,BBAS3,Banco do Brasil S.A.,BRL,17.99,18.06,17.92,17.92 - 18.06,-0.09,-0.5,2026-08-20T13:55:30.000Z,103396200189.0,3000200,17.99,18.06,17.79 - 27.81,17.79,27.81,8.368609573428849,2.1496732
BBDC4,BBDC4,Banco Bradesco SA Pfd,BRL,15.94,16.02,15.88,15.88 - 16.02,-0.08,-0.5,2026-08-20T13:55:30.000Z,168411102383.0,2301800,15.94,15.96,15.74425576 - 22.09790212,15.74425576,22.09790212,6.943113511629933,2.2958377
PETR4,PETR4,Petroleo Brasileiro SA Pfd,BRL,44.18,44.23,43.47,43.47 - 44.23,1.07,2.48,2026-08-20T14:20:30.000Z,587237695843.0,12917500,44.19,43.75,29.31 - 50.69,29.31,50.69,4.2693002715421855,10.3482633
VALE3,VALE3,Vale S.A.,BRL,71.86,72.45,71.25,71.25 - 72.45,-0.27,-0.37,2026-08-20T14:21:30.000Z,300704993434.0,3508100,71.84,71.49,53.31 - 91.62,53.31,91.62,29.6684695099294,2.4326809
BBAS3,BBAS3,Banco do Brasil S.A.,BRL,17.96,18.09,17.92,17.92 - 18.09,-0.12,-0.66,2026-08-20T14:20:30.000Z,103396200189.0,5228300,17.96,18.06,17.79 - 27.81,17.79,27.81,8.354654137786667,2.1496732
BBDC4,BBDC4,Banco Bradesco SA Pfd,BRL,15.92,16.02,15.87,15.87 - 16.02,-0.1,-0.62,2026-08-20T14:21:30.000Z,168411102383.0,4068800,15.92,15.96,15.74425576 - 22.09790212,15.74425576,22.09790212,6.934401951389495,2.2958377
PETR4,PETR4,Petroleo Brasileiro SA Pfd,BRL,44.26,44.37,43.47,43.47 - 44.37,1.15,2.67,2026-08-20T14:53:30.000Z,587237695843.0,16790800,44.27,43.75,29.31 - 50.69,29.31,50.69,4.277031009924335,10.3482633
VALE3,VALE3,Vale S.A.,BRL,72.26,72.45,71.25,71.25 - 72.45,0.13,0.18,2026-08-20T14:53:30.000Z,300704993434.0,4614000,72.26,71.49,53.31 - 91.62,53.31,91.62,29.83361545766071,2.4326809
BBAS3,BBAS3,Banco do Brasil S.A.,BRL,18.1,18.1,17.92,17.92 - 18.1,0.02,0.11,2026-08-20T14:54:30.000Z,103396200189.0,7578700,18.09,18.06,17.79 - 27.81,17.79,27.81,8.419779504116853,2.1496732
BBDC4,BBDC4,Banco Bradesco SA Pfd,BRL,15.91,16.02,15.81,15.81 - 16.02,-0.11,-0.69,2026-08-20T14:54:30.000Z,168411102383.0,5954600,15.92,15.96,15.74425576 - 22.09790212,15.74425576,22.09790212,6.930046171269275,2.2958377
PETR4,PETR4,Petroleo Brasileiro SA Pfd,BRL,44.44,44.44,43.47,43.47 - 44.44,1.33,3.09,2026-08-20T15:19:30.000Z,587237695843.0,18481500,44.43,43.75,29.31 - 50.69,29.31,50.69,4.294425171284172,10.3482633
VALE3,VALE3,Vale S.A.,BRL,74.02,74.1,71.25,71.25 - 74.1,1.89,2.62,2026-08-20T15:19:30.000Z,300704993434.0,6560600,74.03,71.49,53.31 - 91.62,53.31,91.62,30.56025762767846,2.4326809
BBAS3,BBAS3,Banco do Brasil S.A.,BRL,18.22,18.23,17.92,17.92 - 18.23,0.14,0.77,2026-08-20T15:19:30.000Z,103396200189.0,8476400,18.22,18.06,17.79 - 27.81,17.79,27.81,8.475601246685583,2.1496732
BBDC4,BBDC4,Banco Bradesco SA Pfd,BRL,16.03,16.04,15.81,15.81 - 16.04,0.01,0.06,2026-08-20T15:19:30.000Z,168411102383.0,8602600,16.03,15.96,15.74425576 - 22.09790212,15.74425576,22.09790212,6.98231553271191,2.2958377
PETR4,PETR4,Petroleo Brasileiro SA Pfd,BRL,44.41,44.49,43.47,43.47 - 44.49,1.3,3.02,2026-08-20T15:50:30.000Z,587237695843.0,20720800,44.43,43.75,29.31 - 50.69,29.31,50.69,4.291526144390866,10.3482633
VALE3,VALE3,Vale S.A.,BRL,73.84,74.1,71.25,71.25 - 74.1,1.71,2.37,2026-08-20T15:50:30.000Z,300704993434.0,10170800,73.84,71.49,53.31 - 91.62,53.31,91.62,30.485941951199376,2.4326809
BBAS3,BBAS3,Banco do Brasil S.A.,BRL,18.1,18.23,17.92,17.92 - 18.23,0.02,0.11,2026-08-20T15:51:30.000Z,103396200189.0,10389200,18.1,18.06,17.79 - 27.81,17.79,27.81,8.419779504116853,2.1496732
BBDC4,BBDC4,Banco Bradesco SA Pfd,BRL,15.92,16.04,15.81,15.81 - 16.04,-0.1,-0.62,2026-08-20T15:50:30.000Z,168411102383.0,10469700,15.92,15.96,15.74425576 - 22.09790212,15.74425576,22.09790212,6.934401951389495,2.2958377
PETR4,PETR4,Petroleo Brasileiro SA Pfd,BRL,44.53,44.63,43.47,43.47 - 44.63,1.42,3.29,2026-08-20T16:19:30.000Z,587237695843.0,23432400,44.53,43.75,29.31 - 50.69,29.31,50.69,4.303122251964091,10.3482633
VALE3,VALE3,Vale S.A.,BRL,73.8,74.1,71.25,71.25 - 74.1,1.67,2.32,2026-08-20T16:19:30.000Z,300704993434.0,12034300,73.84,71.49,53.31 - 91.62,53.31,91.62,30.46942735642624,2.4326809
BBAS3,BBAS3,Banco do Brasil S.A.,BRL,18.01,18.23,17.92,17.92 - 18.23,-0.07,-0.39,2026-08-20T16:18:30.000Z,103396200189.0,11766500,18.01,18.06,17.79 - 27.81,17.79,27.81,8.377913197190306,2.1496732
BBDC4,BBDC4,Banco Bradesco SA Pfd,BRL,15.81,16.04,15.78,15.78 - 16.04,-0.21,-1.31,2026-08-20T16:18:30.000Z,168411102383.0,12883300,15.81,15.96,15.74425576 - 22.09790212,15.74425576,22.09790212,6.88648837006708,2.2958377
PETR4,PETR4,Petroleo Brasileiro SA Pfd,BRL,44.31,44.63,43.47,43.47 - 44.63,1.2,2.78,2026-08-20T16:52:30.000Z,587237695843.0,24833400,44.31,43.75,29.31 - 50.69,29.31,50.69,4.281862721413179,10.3482633
VALE3,VALE3,Vale S.A.,BRL,73.8,74.1,71.25,71.25 - 74.1,1.67,2.32,2026-08-20T16:52:30.000Z,300704993434.0,12852400,73.77,71.49,53.31 - 91.62,53.31,91.62,30.46942735642624,2.4326809
BBAS3,BBAS3,Banco do Brasil S.A.,BRL,18.05,18.23,17.92,17.92 - 18.23,-0.03,-0.17,2026-08-20T16:52:30.000Z,103396200189.0,13259200,18.05,18.06,17.79 - 27.81,17.79,27.81,8.396520444713216,2.1496732
BBDC4,BBDC4,Banco Bradesco SA Pfd,BRL,15.81,16.04,15.76,15.76 - 16.04,-0.21,-1.31,2026-08-20T16:51:30.000Z,168411102383.0,14327500,15.8,15.96,15.74425576 - 22.09790212,15.74425576,22.09790212,6.88648837006708,2.2958377
PETR4,PETR4,Petroleo Brasileiro SA Pfd,BRL,44.23,44.63,43.47,43.47 - 44.63,1.12,2.6,2026-08-20T17:18:30.000Z,587237695843.0,26675300,44.22,43.75,29.31 - 50.69,29.31,50.69,4.274131983031029,10.3482633
VALE3,VALE3,Vale S.A.,BRL,73.53,74.1,71.25,71.25 - 74.1,1.4,1.94,2026-08-20T17:18:30.000Z,300704993434.0,14048200,73.53,71.49,53.31 - 91.62,53.31,91.62,30.35795384170761,2.4326809
BBAS3,BBAS3,Banco do Brasil S.A.,BRL,18.03,18.23,17.92,17.92 - 18.23,-0.05,-0.28,2026-08-20T17:18:30.000Z,103396200189.0,14833700,18.02,18.06,17.79 - 27.81,17.79,27.81,8.38721682095176,2.1496732
BBDC4,BBDC4,Banco Bradesco SA Pfd,BRL,15.75,16.04,15.74,15.74 - 16.04,-0.27,-1.69,2026-08-20T17:18:30.000Z,168411102383.0,15935300,15.75,15.96,15.74 - 22.09790212,15.74,22.09790212,6.860353689345763,2.2958377
PETR4,PETR4,Petroleo Brasileiro SA Pfd,BRL,44.37,44.63,43.47,43.47 - 44.63,1.26,2.92,2026-08-20T17:50:30.000Z,587237695843.0,34351400,44.37,43.75,29.31 - 50.69,29.31,50.69,4.287660775199791,10.3482633
VALE3,VALE3,Vale S.A.,BRL,73.8,74.1,71.25,71.25 - 74.1,1.67,2.32,2026-08-20T17:49:30.000Z,300704993434.0,15462700,73.81,71.49,53.31 - 91.62,53.31,91.62,30.46942735642624,2.4326809
BBAS3,BBAS3,Banco do Brasil S.A.,BRL,17.96,18.23,17.92,17.92 - 18.23,-0.12,-0.66,2026-08-20T17:49:30.000Z,103396200189.0,16060800,17.98,18.06,17.79 - 27.81,17.79,27.81,8.354654137786667,2.1496732
BBDC4,BBDC4,Banco Bradesco SA Pfd,BRL,15.73,16.04,15.71,15.71 - 16.04,-0.29,-1.81,2026-08-20T17:49:30.000Z,168411102383.0,18448500,15.73,15.96,15.71 - 22.09790212,15.71,22.09790212,6.851642129105324,2.2958377
PETR4,PETR4,Petroleo Brasileiro SA Pfd,BRL,44.34,44.63,43.47,43.47 - 44.63,1.23,2.85,2026-08-20T18:18:30.000Z,587237695843.0,35623100,44.34,43.75,29.31 - 50.69,29.31,50.69,4.284761748306486,10.3482633
VALE3,VALE3,Vale S.A.,BRL,73.98,74.1,71.25,71.25 - 74.1,1.85,2.56,2026-08-20T18:18:30.000Z,300704993434.0,16168400,73.97,71.49,53.31 - 91.62,53.31,91.62,30.543743032905333,2.4326809
BBAS3,BBAS3,Banco do Brasil S.A.,BRL,18.06,18.23,17.92,17.92 - 18.23,-0.02,-0.11,2026-08-20T18:19:30.000Z,103396200189.0,53909100,18.06,18.06,17.79 - 27.81,17.79,27.81,8.401172256593942,2.1496732
BBDC4,BBDC4,Banco Bradesco SA Pfd,BRL,15.76,16.04,15.7,15.7 - 16.04,-0.26,-1.62,2026-08-20T18:18:30.000Z,168411102383.0,22403100,15.74,15.96,15.7 - 22.09790212,15.7,22.09790212,6.864709469465982,2.2958377
PETR4,PETR4,Petroleo Brasileiro SA Pfd,BRL,44.42,44.63,43.47,43.47 - 44.63,1.31,3.04,2026-08-20T18:55:30.000Z,587237695843.0,37204200,44.41,43.75,29.31 - 50.69,29.31,50.69,4.292492486688635,10.3482633
VALE3,VALE3,Vale S.A.,BRL,73.83,74.1,71.25,71.25 - 74.1,1.7,2.36,2026-08-20T18:55:30.000Z,300704993434.0,17215400,73.83,71.49,53.31 - 91.62,53.31,91.62,30.48181330250609,2.4326809
BBAS3,BBAS3,Banco do Brasil S.A.,BRL,18.05,18.23,17.92,17.92 - 18.23,-0.03,-0.17,2026-08-20T18:55:30.000Z,103396200189.0,63435700,18.04,18.06,17.79 - 27.81,17.79,27.81,8.396520444713216,2.1496732
BBDC4,BBDC4,Banco Bradesco SA Pfd,BRL,15.77,16.04,15.7,15.7 - 16.04,-0.25,-1.56,2026-08-20T18:55:30.000Z,168411102383.0,24571300,15.76,15.96,15.7 - 22.09790212,15.7,22.09790212,6.8690652495862015,2.2958377
PETR4,PETR4,Petroleo Brasileiro SA Pfd,BRL,44.29,44.63,43.47,43.47 - 44.63,1.18,2.74,2026-08-20T19:19:30.000Z,587237695843.0,38306200,44.29,43.75,29.31 - 50.69,29.31,50.69,4.279930036817642,10.3482633
VALE3,VALE3,Vale S.A.,BRL,73.87,74.1,71.25,71.25 - 74.1,1.74,2.41,2026-08-20T19:19:30.000Z,300704993434.0,17597400,73.89,71.49,53.31 - 91.62,53.31,91.62,30.498327897279225,2.4326809
BBAS3,BBAS3,Banco do Brasil S.A.,BRL,18.01,18.23,17.92,17.92 - 18.23,-0.07,-0.39,2026-08-20T19:19:30.000Z,103396200189.0,64475300,18.01,18.06,17.79 - 27.81,17.79,27.81,8.377913197190306,2.1496732
BBDC4,BBDC4,Banco Bradesco SA Pfd,BRL,15.71,16.04,15.7,15.7 - 16.04,-0.31,-1.94,2026-08-20T19:19:30.000Z,168411102383.0,27495500,15.7,15.96,15.7 - 22.09790212,15.7,22.09790212,6.842930568864885,2.2958377
PETR4,PETR4,Petroleo Brasileiro SA Pfd,BRL,44.3,44.63,43.47,43.47 - 44.63,1.19,2.76,2026-08-20T19:49:30.000Z,587237695843.0,40523200,44.3,43.75,29.31 - 50.69,29.31,50.69,4.2808963791154095,10.3482633
VALE3,VALE3,Vale S.A.,BRL,74.01,74.1,71.25,71.25 - 74.1,1.88,2.61,2026-08-20T19:49:30.000Z,300704993434.0,19032900,74.02,71.49,53.31 - 91.62,53.31,91.62,30.556128978985186,2.4326809
BBAS3,BBAS3,Banco do Brasil S.A.,BRL,18.03,18.23,17.92,17.92 - 18.23,-0.05,-0.28,2026-08-20T19:49:30.000Z,103396200189.0,70946400,18.03,18.06,17.79 - 27.81,17.79,27.81,8.38721682095176,2.1496732
BBDC4,BBDC4,Banco Bradesco SA Pfd,BRL,15.75,16.04,15.68,15.68 - 16.04,-0.27,-1.69,2026-08-20T19:49:30.000Z,168411102383.0,31219700,15.75,15.96,15.68 - 22.09790212,15.68,22.09790212,6.860353689345763,2.2958377
PETR4,PETR4,Petroleo Brasileiro SA Pfd,BRL,44.42,44.63,43.47,43.47 - 44.63,1.31,3.04,2026-08-20T20:18:30.000Z,587237695843.0,41985300,44.42,43.75,29.31 - 50.69,29.31,50.69,4.292492486688635,10.3482633
VALE3,VALE3,Vale S.A.,BRL,73.96,74.1,71.25,71.25 - 74.1,1.83,2.54,2026-08-20T20:17:30.000Z,300704993434.0,20139700,73.96,71.49,53.31 - 91.62,53.31,91.62,30.53548573551876,2.4326809
BBAS3,BBAS3,Banco do Brasil S.A.,BRL,18.12,18.23,17.92,17.92 - 18.23,0.04,0.22,2026-08-20T20:17:30.000Z,103396200189.0,79626700,18.12,18.06,17.79 - 27.81,17.79,27.81,8.42908312787831,2.1496732
BBDC4,BBDC4,Banco Bradesco SA Pfd,BRL,15.75,16.04,15.68,15.68 - 16.04,-0.27,-1.69,2026-08-20T20:18:30.000Z,168411102383.0,33359000,15.75,15.96,15.68 - 22.09790212,15.68,22.09790212,6.860353689345763,2.2958377
PETR4,PETR4,Petroleo Brasileiro SA Pfd,BRL,44.32,44.63,43.47,43.47 - 44.63,1.21,2.81,2026-08-20T20:50:30.000Z,587237695843.0,44835400,44.42,43.75,29.31 - 50.69,29.31,50.69,4.282829063710948,10.3482633
VALE3,VALE3,Vale S.A.,BRL,74.02,74.1,71.25,71.25 - 74.1,1.89,2.62,2026-08-20T20:50:30.000Z,300704993434.0,24959200,73.96,71.49,53.31 - 91.62,53.31,91.62,30.56025762767846,2.4326809
BBAS3,BBAS3,Banco do Brasil S.A.,BRL,18.04,18.23,17.92,17.92 - 18.23,-0.04,-0.22,2026-08-20T20:49:30.000Z,103396200189.0,81845700,18.12,18.06,17.79 - 27.81,17.79,27.81,8.391868632832487,2.1496732
BBDC4,BBDC4,Banco Bradesco SA Pfd,BRL,15.75,16.04,15.68,15.68 - 16.04,-0.27,-1.69,2026-08-20T20:49:30.000Z,168411102383.0,36871000,15.75,15.96,15.68 - 22.09790212,15.68,22.09790212,6.860353689345763,2.2958377
PETR4,PETR4,Petroleo Brasileiro SA Pfd,BRL,44.34,44.45,44.24,44.24 - 44.45,0.02,0.05,2026-08-21T13:27:30.000Z,,1176100,44.34,44.34,29.31 - 50.69,29.31,50.69,,
VALE3,VALE3,Vale S.A.,BRL,74.88,75.08,74.6,74.6 - 75.08,0.86,1.16,2026-08-21T13:27:30.000Z,,923200,74.88,74.8,54.68 - 91.62,54.68,91.62,,
BBAS3,BBAS3,Banco do Brasil S.A.,BRL,18.15,18.26,18.12,18.12 - 18.26,0.11,0.61,2026-08-21T13:27:30.000Z,,1044200,18.15,18.21,17.79 - 27.81,17.79,27.81,,
BBDC4,BBDC4,Banco Bradesco SA Pfd,BRL,15.83,15.91,15.8,15.8 - 15.91,0.08,0.51,2026-08-21T13:27:30.000Z,,3003200,15.83,15.84,15.68 - 22.09790212,15.68,22.09790212,,
PETR4,PETR4,Petroleo Brasileiro SA Pfd,BRL,44.47,44.59,44.24,44.24 - 44.59,0.15,0.34,2026-08-21T13:55:30.000Z,603115978244.0,4891800,44.47,44.34,29.31 - 50.69,29.31,50.69,4.297324198177479,10.3482633
VALE3,VALE3,Vale S.A.,BRL,75.45,75.46,74.6,74.6 - 75.46,1.43,1.93,2026-08-21T13:55:30.000Z,308584270790.0,6182800,75.41,74.8,54.68 - 91.62,54.68,91.62,31.150654390817888,2.4326809
BBAS3,BBAS3,Banco do Brasil S.A.,BRL,18.22,18.26,18.03,18.03 - 18.26,0.18,1.0,2026-08-21T13:55:30.000Z,103167453204.0,4144100,18.21,18.21,17.79 - 27.81,17.79,27.81,8.475601246685583,2.1496732
BBDC4,BBDC4,Banco Bradesco SA Pfd,BRL,15.99,16.0,15.78,15.78 - 16,0.24,1.52,2026-08-21T13:55:30.000Z,165730985134.0,5131900,15.98,15.84,15.68 - 22.09790212,15.68,22.09790212,6.964892412231031,2.2958377
PETR4,PETR4,Petroleo Brasileiro SA Pfd,BRL,44.38,44.62,44.24,44.24 - 44.62,0.06,0.14,2026-08-21T14:19:30.000Z,603115978244.0,7112100,44.38,44.34,29.31 - 50.69,29.31,50.69,4.28862711749756,10.3482633
VALE3,VALE3,Vale S.A.,BRL,75.42,75.73,74.6,74.6 - 75.73,1.4,1.89,2026-08-21T14:19:30.000Z,308584270790.0,9122900,75.4,74.8,54.68 - 91.62,54.68,91.62,31.13826844473804,2.4326809
BBAS3,BBAS3,Banco do Brasil S.A.,BRL,18.21,18.27,18.03,18.03 - 18.27,0.17,0.94,2026-08-21T14:19:30.000Z,103167453204.0,6420300,18.21,18.21,17.79 - 27.81,17.79,27.81,8.470949434804856,2.1496732
BBDC4,BBDC4,Banco Bradesco SA Pfd,BRL,16.02,16.06,15.78,15.78 - 16.06,0.27,1.71,2026-08-21T14:19:30.000Z,165730985134.0,7315400,16.02,15.84,15.68 - 22.09790212,15.68,22.09790212,6.97795975259169,2.2958377
PETR4,PETR4,Petroleo Brasileiro SA Pfd,BRL,44.58,44.62,44.24,44.24 - 44.62,0.26,0.59,2026-08-21T14:53:30.000Z,603115978244.0,10300800,44.56,44.34,29.31 - 50.69,29.31,50.69,4.307953963452934,10.3482633
VALE3,VALE3,Vale S.A.,BRL,75.48,75.73,74.6,74.6 - 75.73,1.46,1.97,2026-08-21T14:53:30.000Z,308584270790.0,11756700,75.48,74.8,54.68 - 91.62,54.68,91.62,31.163040336897737,2.4326809
BBAS3,BBAS3,Banco do Brasil S.A.,BRL,18.42,18.44,18.03,18.03 - 18.44,0.38,2.11,2026-08-21T14:53:30.000Z,103167453204.0,13979900,18.43,18.21,17.79 - 27.81,17.79,27.81,8.568637484300135,2.1496732
BBDC4,BBDC4,Banco Bradesco SA Pfd,BRL,16.11,16.16,15.78,15.78 - 16.16,0.36,2.29,2026-08-21T14:53:30.000Z,165730985134.0,10543900,16.11,15.84,15.68 - 22.09790212,15.68,22.09790212,7.017161773673665,2.2958377
PETR4,PETR4,Petroleo Brasileiro SA Pfd,BRL,44.44,44.62,44.24,44.24 - 44.62,0.12,0.27,2026-08-21T15:19:30.000Z,603115978244.0,12208400,44.45,44.34,29.31 - 50.69,29.31,50.69,4.294425171284172,10.3482633
VALE3,VALE3,Vale S.A.,BRL,75.59,75.73,74.6,74.6 - 75.73,1.57,2.12,2026-08-21T15:19:30.000Z,308584270790.0,13085300,75.6,74.8,54.68 - 91.62,54.68,91.62,31.208455472523845,2.4326809
BBAS3,BBAS3,Banco do Brasil S.A.,BRL,18.46,18.49,18.03,18.03 - 18.49,0.42,2.33,2026-08-21T15:19:30.000Z,103167453204.0,15695700,18.47,18.21,17.79 - 27.81,17.79,27.81,8.587244731823045,2.1496732
BBDC4,BBDC4,Banco Bradesco SA Pfd,BRL,16.12,16.16,15.78,15.78 - 16.16,0.37,2.35,2026-08-21T15:19:30.000Z,165730985134.0,14306800,16.12,15.84,15.68 - 22.09790212,15.68,22.09790212,7.021517553793886,2.2958377
PETR4,PETR4,Petroleo Brasileiro SA Pfd,BRL,44.55,44.62,44.24,44.24 - 44.62,0.23,0.52,2026-08-21T15:51:30.000Z,603115978244.0,14231000,44.54,44.34,29.31 - 50.69,29.31,50.69,4.305054936559628,10.3482633
VALE3,VALE3,Vale S.A.,BRL,75.46,75.73,74.6,74.6 - 75.73,1.44,1.95,2026-08-21T15:50:30.000Z,308584270790.0,14339700,75.45,74.8,54.68 - 91.62,54.68,91.62,31.15478303951117,2.4326809
BBAS3,BBAS3,Banco do Brasil S.A.,BRL,18.55,18.61,18.03,18.03 - 18.61,0.51,2.83,2026-08-21T15:50:30.000Z,103167453204.0,18694100,18.55,18.21,17.79 - 27.81,17.79,27.81,8.629111038749592,2.1496732
BBDC4,BBDC4,Banco Bradesco SA Pfd,BRL,16.19,16.21,15.78,15.78 - 16.21,0.44,2.79,2026-08-21T15:50:30.000Z,165730985134.0,17009200,16.19,15.84,15.68 - 22.09790212,15.68,22.09790212,7.052008014635423,2.2958377
PETR4,PETR4,Petroleo Brasileiro SA Pfd,BRL,44.4,44.62,44.24,44.24 - 44.62,0.08,0.18,2026-08-21T16:18:30.000Z,603115978244.0,16903400,44.41,44.34,29.31 - 50.69,29.31,50.69,4.290559802093097,10.3482633
VALE3,VALE3,Vale S.A.,BRL,75.55,75.81,74.6,74.6 - 75.81,1.53,2.07,2026-08-21T16:18:30.000Z,308584270790.0,15536700,75.54,74.8,54.68 - 91.62,54.68,91.62,31.19194087775072,2.4326809
BBAS3,BBAS3,Banco do Brasil S.A.,BRL,18.57,18.77,18.03,18.03 - 18.77,0.53,2.94,2026-08-21T16:19:30.000Z,103167453204.0,20530500,18.58,18.21,17.79 - 27.81,17.79,27.81,8.638414662511048,2.1496732
BBDC4,BBDC4,Banco Bradesco SA Pfd,BRL,16.23,16.28,15.78,15.78 - 16.28,0.48,3.05,2026-08-21T16:18:30.000Z,165730985134.0,18518400,16.23,15.84,15.68 - 22.09790212,15.68,22.09790212,7.0694311351163,2.2958377
PETR4,PETR4,Petroleo Brasileiro SA Pfd,BRL,44.34,44.62,44.24,44.24 - 44.62,0.02,0.05,2026-08-21T16:52:30.000Z,603115978244.0,19390700,44.35,44.34,29.31 - 50.69,29.31,50.69,4.284761748306486,10.3482633
VALE3,VALE3,Vale S.A.,BRL,75.06,75.81,74.6,74.6 - 75.81,1.04,1.41,2026-08-21T16:52:30.000Z,308584270790.0,17594400,75.06,74.8,54.68 - 91.62,54.68,91.62,30.989637091779866,2.4326809
BBAS3,BBAS3,Banco do Brasil S.A.,BRL,18.46,18.77,18.03,18.03 - 18.77,0.42,2.33,2026-08-21T16:52:30.000Z,103167453204.0,22401600,18.46,18.21,17.79 - 27.81,17.79,27.81,8.587244731823045,2.1496732
BBDC4,BBDC4,Banco Bradesco SA Pfd,BRL,16.17,16.28,15.78,15.78 - 16.28,0.42,2.67,2026-08-21T16:53:30.000Z,165730985134.0,19512000,16.17,15.84,15.68 - 22.09790212,15.68,22.09790212,7.043296454394984,2.2958377
PETR4,PETR4,Petroleo Brasileiro SA Pfd,BRL,44.31,44.62,44.24,44.24 - 44.62,-0.01,-0.02,2026-08-21T17:18:30.000Z,603115978244.0,30952100,44.31,44.34,29.31 - 50.69,29.31,50.69,4.281862721413179,10.3482633
VALE3,VALE3,Vale S.A.,BRL,75.21,75.81,74.6,74.6 - 75.81,1.19,1.61,2026-08-21T17:18:30.000Z,308584270790.0,18189700,75.21,74.8,54.68 - 91.62,54.68,91.62,31.051566822179097,2.4326809
BBAS3,BBAS3,Banco do Brasil S.A.,BRL,18.45,18.77,18.03,18.03 - 18.77,0.41,2.27,2026-08-21T17:18:30.000Z,103167453204.0,26648300,18.45,18.21,17.79 - 27.81,17.79,27.81,8.582592919942316,2.1496732
BBDC4,BBDC4,Banco Bradesco SA Pfd,BRL,16.21,16.28,15.78,15.78 - 16.28,0.46,2.92,2026-08-21T17:17:30.000Z,165730985134.0,20281200,16.21,15.84,15.68 - 22.09790212,15.68,22.09790212,7.060719574875861,2.2958377
PETR4,PETR4,Petroleo Brasileiro SA Pfd,BRL,44.23,44.62,44.21,44.21 - 44.62,-0.09,-0.2,2026-08-21T17:49:30.000Z,603115978244.0,33499300,44.24,44.34,29.31 - 50.69,29.31,50.69,4.274131983031029,10.3482633
VALE3,VALE3,Vale S.A.,BRL,74.93,75.81,74.6,74.6 - 75.81,0.91,1.23,2026-08-21T17:49:30.000Z,308584270790.0,18939800,74.95,74.8,54.68 - 91.62,54.68,91.62,30.93596465876719,2.4326809
BBAS3,BBAS3,Banco do Brasil S.A.,BRL,18.42,18.77,18.03,18.03 - 18.77,0.38,2.11,2026-08-21T17:49:30.000Z,103167453204.0,27251400,18.42,18.21,17.79 - 27.81,17.79,27.81,8.568637484300135,2.1496732
BBDC4,BBDC4,Banco Bradesco SA Pfd,BRL,16.22,16.28,15.78,15.78 - 16.28,0.47,2.98,2026-08-21T17:49:30.000Z,165730985134.0,21034100,16.21,15.84,15.68 - 22.09790212,15.68,22.09790212,7.06507535499608,2.2958377
PETR4,PETR4,Petroleo Brasileiro SA Pfd,BRL,44.27,44.62,44.16,44.16 - 44.62,-0.05,-0.11,2026-08-21T18:18:30.000Z,603115978244.0,35424000,44.26,44.34,29.31 - 50.69,29.31,50.69,4.277997352222104,10.3482633
VALE3,VALE3,Vale S.A.,BRL,75.15,75.81,74.6,74.6 - 75.81,1.13,1.53,2026-08-21T18:18:30.000Z,308584270790.0,19414200,75.14,74.8,54.68 - 91.62,54.68,91.62,31.02679493001941,2.4326809
BBAS3,BBAS3,Banco do Brasil S.A.,BRL,18.43,18.77,18.03,18.03 - 18.77,0.39,2.16,2026-08-21T18:18:30.000Z,103167453204.0,36620700,18.42,18.21,17.79 - 27.81,17.79,27.81,8.573289296180862,2.1496732
BBDC4,BBDC4,Banco Bradesco SA Pfd,BRL,16.25,16.28,15.78,15.78 - 16.28,0.5,3.17,2026-08-21T18:18:30.000Z,165730985134.0,21721500,16.25,15.84,15.68 - 22.09790212,15.68,22.09790212,7.078142695356739,2.2958377
PETR4,PETR4,Petroleo Brasileiro SA Pfd,BRL,44.42,44.62,44.16,44.16 - 44.62,0.1,0.23,2026-08-21T18:54:30.000Z,603115978244.0,40074900,44.43,44.34,29.31 - 50.69,29.31,50.69,4.292492486688635,10.3482633
VALE3,VALE3,Vale S.A.,BRL,75.08,75.81,74.6,74.6 - 75.81,1.06,1.43,2026-08-21T18:54:30.000Z,308584270790.0,20120800,75.08,74.8,54.68 - 91.62,54.68,91.62,30.997894389166422,2.4326809
BBAS3,BBAS3,Banco do Brasil S.A.,BRL,18.41,18.77,18.03,18.03 - 18.77,0.37,2.05,2026-08-21T18:54:30.000Z,103167453204.0,38951600,18.4,18.21,17.79 - 27.81,17.79,27.81,8.563985672419406,2.1496732
BBDC4,BBDC4,Banco Bradesco SA Pfd,BRL,16.22,16.28,15.78,15.78 - 16.28,0.47,2.98,2026-08-21T18:54:30.000Z,165730985134.0,23828500,16.23,15.84,15.68 - 22.09790212,15.68,22.09790212,7.06507535499608,2.2958377
PETR4,PETR4,Petroleo Brasileiro SA Pfd,BRL,44.41,44.62,44.16,44.16 - 44.62,0.09,0.2,2026-08-21T19:18:30.000Z,603115978244.0,43151200,44.42,44.34,29.31 - 50.69,29.31,50.69,4.291526144390866,10.3482633
VALE3,VALE3,Vale S.A.,BRL,74.9,75.81,74.6,74.6 - 75.81,0.88,1.19,2026-08-21T19:18:30.000Z,308584270790.0,20603400,74.9,74.8,54.68 - 91.62,54.68,91.62,30.92357871268734,2.4326809
BBAS3,BBAS3,Banco do Brasil S.A.,BRL,18.4,18.77,18.03,18.03 - 18.77,0.36,2.0,2026-08-21T19:17:30.000Z,103167453204.0,39646400,18.4,18.21,17.79 - 27.81,17.79,27.81,8.559333860538679,2.1496732
BBDC4,BBDC4,Banco Bradesco SA Pfd,BRL,16.24,16.28,15.78,15.78 - 16.28,0.49,3.11,2026-08-21T19:17:30.000Z,165730985134.0,25246300,16.24,15.84,15.68 - 22.09790212,15.68,22.09790212,7.073786915236519,2.2958377
PETR4,PETR4,Petroleo Brasileiro SA Pfd,BRL,44.29,44.62,44.16,44.16 - 44.62,-0.03,-0.07,2026-08-21T19:46:30.000Z,603115978244.0,44830700,44.29,44.34,29.31 - 50.69,29.31,50.69,4.279930036817642,10.3482633
VALE3,VALE3,Vale S.A.,BRL,74.63,75.81,74.6,74.6 - 75.81,0.61,0.82,2026-08-21T19:46:30.000Z,308584270790.0,21503400,74.63,74.8,54.68 - 91.62,54.68,91.62,30.812105197968705,2.4326809
BBAS3,BBAS3,Banco do Brasil S.A.,BRL,18.4,18.77,18.03,18.03 - 18.77,0.36,2.0,2026-08-21T19:47:30.000Z,103167453204.0,40274300,18.42,18.21,17.79 - 27.81,17.79,27.81,8.559333860538679,2.1496732
BBDC4,BBDC4,Banco Bradesco SA Pfd,BRL,16.24,16.28,15.78,15.78 - 16.28,0.49,3.11,2026-08-21T19:46:30.000Z,165730985134.0,28093900,16.24,15.84,15.68 - 22.09790212,15.68,22.09790212,7.073786915236519,2.2958377
PETR4,PETR4,Petroleo Brasileiro SA Pfd,BRL,44.24,44.62,44.16,44.16 - 44.62,-0.08,-0.18,2026-08-21T20:17:30.000Z,603115978244.0,47400300,44.24,44.34,29.31 - 50.69,29.31,50.69,4.275098325328798,10.3482633
VALE3,VALE3,Vale S.A.,BRL,75.03,75.81,74.51,74.51 - 75.81,1.01,1.36,2026-08-21T20:17:30.000Z,308584270790.0,22742800,75.03,74.8,54.68 - 91.62,54.68,91.62,30.977251145700013,2.4326809
BBAS3,BBAS3,Banco do Brasil S.A.,BRL,18.41,18.77,18.03,18.03 - 18.77,0.37,2.05,2026-08-21T20:18:30.000Z,103167453204.0,44492400,18.41,18.21,17.79 - 27.81,17.79,27.81,8.563985672419406,2.1496732
BBDC4,BBDC4,Banco Bradesco SA Pfd,BRL,16.24,16.28,15.78,15.78 - 16.28,0.49,3.11,2026-08-21T20:16:30.000Z,165730985134.0,31053000,16.24,15.84,15.68 - 22.09790212,15.68,22.09790212,7.073786915236519,2.2958377
PETR4,PETR4,Petroleo Brasileiro SA Pfd,BRL,44.3,44.62,44.16,44.16 - 44.62,-0.02,-0.05,2026-08-21T20:47:30.000Z,603115978244.0,52657800,44.24,44.34,29.31 - 50.69,29.31,50.69,4.2808963791154095,10.3482633
VALE3,VALE3,Vale S.A.,BRL,75.03,75.81,74.51,74.51 - 75.81,1.01,1.36,2026-08-21T20:46:30.000Z,308584270790.0,28301600,75.03,74.8,54.68 - 91.62,54.68,91.62,30.977251145700013,2.4326809
BBAS3,BBAS3,Banco do Brasil S.A.,BRL,18.43,18.77,18.03,18.03 - 18.77,0.39,2.16,2026-08-21T20:46:30.000Z,103167453204.0,46396800,18.41,18.21,17.79 - 27.81,17.79,27.81,8.573289296180862,2.1496732
BBDC4,BBDC4,Banco Bradesco SA Pfd,BRL,16.24,16.28,15.78,15.78 - 16.28,0.49,3.11,2026-08-21T20:47:30.000Z,165730985134.0,41362400,16.24,15.84,15.68 - 22.09790212,15.68,22.09790212,7.073786915236519,2.2958377
PETR4,PETR4,Petroleo Brasileiro SA Pfd,BRL,44.3,44.62,44.16,44.16 - 44.62,-0.02,-0.05,2026-08-21T21:05:30.000Z,603115978244.0,52657800,44.24,44.34,29.31 - 50.69,29.31,50.69,4.2808963791154095,10.3482633
VALE3,VALE3,Vale S.A.,BRL,75.03,75.81,74.51,74.51 - 75.81,1.01,1.36,2026-08-21T21:05:30.000Z,308584270790.0,28301600,75.03,74.8,54.68 - 91.62,54.68,91.62,30.977251145700013,2.4326809
BBAS3,BBAS3,Banco do Brasil S.A.,BRL,18.43,18.77,18.03,18.03 - 18.77,0.39,2.16,2026-08-21T21:05:30.000Z,103167453204.0,46396800,18.41,18.21,17.79 - 27.81,17.79,27.81,8.573289296180862,2.1496732
BBDC4,BBDC4,Banco Bradesco SA Pfd,BRL,16.24,16.28,15.78,15.78 - 16.28,0.49,3.11,2026-08-21T21:05:30.000Z,165730985134.0,41362400,16.24,15.84,15.68 - 22.09790212,15.68,22.09790212,7.073786915236519,2.2958377
PETR4,PETR4,Petroleo Brasileiro SA Pfd,BRL,42.1,42.64,42.05,42.05 - 42.64,-2.2,-4.97,2026-08-24T13:30:30.000Z,602488807200.0,2548100,42.1,42.6,29.31 - 50.69,29.31,50.69,4.068301073606293,10.3482633
VALE3,VALE3,Vale S.A.,BRL,75.15,75.21,74.71,74.71 - 75.21,0.12,0.16,2026-08-24T13:30:30.000Z,312794900172.0,530000,75.18,74.71,54.68 - 91.62,54.68,91.62,31.02679493001941,2.4326809
BBAS3,BBAS3,Banco do Brasil S.A.,BRL,18.27,18.33,18.16,18.16 - 18.33,-0.16,-0.87,2026-08-24T13:30:30.000Z,105397788112.0,1264600,18.27,18.29,17.79 - 27.81,17.79,27.81,8.49886030608922,2.1496732
BBDC4,BBDC4,Banco Bradesco SA Pfd,BRL,16.12,16.14,16.06,16.06 - 16.14,-0.12,-0.74,2026-08-24T13:30:30.000Z,170700479517.0,504600,16.12,16.09,15.68 - 22.09790212,15.68,22.09790212,7.021517553793886,2.2958377
PETR4,PETR4,Petroleo Brasileiro SA Pfd,BRL,41.92,42.64,41.62,41.62 - 42.64,-2.38,-5.37,2026-08-24T13:59:30.000Z,602488807200.0,11164200,41.89,42.6,29.31 - 50.69,29.31,50.69,4.0509069122464565,10.3482633
VALE3,VALE3,Vale S.A.,BRL,76.26,76.61,74.71,74.71 - 76.61,1.23,1.64,2026-08-24T13:59:30.000Z,312794900172.0,3312800,76.36,74.71,54.68 - 91.62,54.68,91.62,31.485074934973785,2.4326809
BBAS3,BBAS3,Banco do Brasil S.A.,BRL,18.46,18.52,18.16,18.16 - 18.52,0.03,0.16,2026-08-24T13:59:30.000Z,105397788112.0,3312300,18.48,18.29,17.79 - 27.81,17.79,27.81,8.587244731823045,2.1496732
BBDC4,BBDC4,Banco Bradesco SA Pfd,BRL,16.28,16.3,16.06,16.06 - 16.3,0.04,0.25,2026-08-24T13:59:30.000Z,170700479517.0,2403100,16.25,16.09,15.68 - 22.09790212,15.68,22.09790212,7.091210035717398,2.2958377
PETR4,PETR4,Petroleo Brasileiro SA Pfd,BRL,41.91,42.64,41.62,41.62 - 42.64,-2.39,-5.4,2026-08-24T14:24:30.000Z,602488807200.0,16997500,41.91,42.6,29.31 - 50.69,29.31,50.69,4.049940569948687,10.3482633
VALE3,VALE3,Vale S.A.,BRL,77.23,77.28,74.71,74.71 - 77.28,2.2,2.93,2026-08-24T14:24:30.000Z,312794900172.0,7486300,77.23,74.71,54.68 - 91.62,54.68,91.62,31.88555385822221,2.4326809
BBAS3,BBAS3,Banco do Brasil S.A.,BRL,18.6,18.69,18.16,18.16 - 18.69,0.17,0.92,2026-08-24T14:24:30.000Z,105397788112.0,4475000,18.6,18.29,17.79 - 27.81,17.79,27.81,8.65237009815323,2.1496732
BBDC4,BBDC4,Banco Bradesco SA Pfd,BRL,16.39,16.48,16.06,16.06 - 16.48,0.15,0.92,2026-08-24T14:24:30.000Z,170700479517.0,4388700,16.39,16.09,15.68 - 22.09790212,15.68,22.09790212,7.139123617039813,2.2958377
PETR4,PETR4,Petroleo Brasileiro SA Pfd,BRL,41.85,42.64,41.62,41.62 - 42.64,-2.45,-5.53,2026-08-24T14:56:30.000Z,602488807200.0,20150100,41.85,42.6,29.31 - 50.69,29.31,50.69,4.044142516162075,10.3482633
VALE3,VALE3,Vale S.A.,BRL,77.82,77.97,74.71,74.71 - 77.97,2.79,3.72,2026-08-24T14:55:30.000Z,312794900172.0,11124700,77.89,74.71,54.68 - 91.62,54.68,91.62,32.129144131125884,2.4326809
BBAS3,BBAS3,Banco do Brasil S.A.,BRL,18.67,18.69,18.16,18.16 - 18.69,0.24,1.3,2026-08-24T14:55:30.000Z,105397788112.0,5898700,18.67,18.29,17.79 - 27.81,17.79,27.81,8.684932781318324,2.1496732
BBDC4,BBDC4,Banco Bradesco SA Pfd,BRL,16.39,16.48,16.06,16.06 - 16.48,0.15,0.92,2026-08-24T14:55:30.000Z,170700479517.0,5875800,16.4,16.09,15.68 - 22.09790212,15.68,22.09790212,7.139123617039813,2.2958377
PETR4,PETR4,Petroleo Brasileiro SA Pfd,BRL,41.93,42.64,41.62,41.62 - 42.64,-2.37,-5.35,2026-08-24T15:22:30.000Z,602488807200.0,23305900,41.91,42.6,29.31 - 50.69,29.31,50.69,4.051873254544224,10.3482633
VALE3,VALE3,Vale S.A.,BRL,77.93,78.35,74.71,74.71 - 78.35,2.9,3.87,2026-08-24T15:22:30.000Z,312794900172.0,13650000,77.94,74.71,54.68 - 91.62,54.68,91.62,32.174559266752,2.4326809
BBAS3,BBAS3,Banco do Brasil S.A.,BRL,18.74,18.74,18.16,18.16 - 18.74,0.31,1.68,2026-08-24T15:22:30.000Z,105397788112.0,7151700,18.74,18.29,17.79 - 27.81,17.79,27.81,8.717495464483415,2.1496732
BBDC4,BBDC4,Banco Bradesco SA Pfd,BRL,16.43,16.48,16.06,16.06 - 16.48,0.19,1.17,2026-08-24T15:22:30.000Z,170700479517.0,6732500,16.43,16.09,15.68 - 22.09790212,15.68,22.09790212,7.15654673752069,2.2958377
PETR4,PETR4,Petroleo Brasileiro SA Pfd,BRL,41.95,42.64,41.62,41.62 - 42.64,-2.35,-5.3,2026-08-24T15:54:30.000Z,602488807200.0,25375600,41.95,42.6,29.31 - 50.69,29.31,50.69,4.053805939139762,10.3482633
VALE3,VALE3,Vale S.A.,BRL,77.77,78.35,74.71,74.71 - 78.35,2.74,3.65,2026-08-24T15:54:30.000Z,312794900172.0,15847600,77.77,74.71,54.68 - 91.62,54.68,91.62,32.10850088765947,2.4326809
BBAS3,BBAS3,Banco do Brasil S.A.,BRL,18.75,18.86,18.16,18.16 - 18.86,0.32,1.74,2026-08-24T15:54:30.000Z,105397788112.0,8579100,18.75,18.29,17.79 - 27.81,17.79,27.81,8.722147276364144,2.1496732
BBDC4,BBDC4,Banco Bradesco SA Pfd,BRL,16.43,16.52,16.06,16.06 - 16.52,0.19,1.17,2026-08-24T15:54:30.000Z,170700479517.0,9437400,16.43,16.09,15.68 - 22.09790212,15.68,22.09790212,7.15654673752069,2.2958377
PETR4,PETR4,Petroleo Brasileiro SA Pfd,BRL,42.06,42.64,41.62,41.62 - 42.64,-2.24,-5.06,2026-08-24T16:19:30.000Z,602488807200.0,26586800,42.07,42.6,29.31 - 50.69,29.31,50.69,4.064435704415218,10.3482633
VALE3,VALE3,Vale S.A.,BRL,77.97,78.35,74.71,74.71 - 78.35,2.94,3.92,2026-08-24T16:19:30.000Z,312794900172.0,16912200,77.92,74.71,54.68 - 91.62,54.68,91.62,32.191073861525126,2.4326809
BBAS3,BBAS3,Banco do Brasil S.A.,BRL,18.77,18.86,18.16,18.16 - 18.86,0.34,1.84,2026-08-24T16:19:30.000Z,105397788112.0,9195100,18.78,18.29,17.79 - 27.81,17.79,27.81,8.731450900125598,2.1496732
BBDC4,BBDC4,Banco Bradesco SA Pfd,BRL,16.45,16.52,16.06,16.06 - 16.52,0.21,1.29,2026-08-24T16:19:30.000Z,170700479517.0,10166400,16.46,16.09,15.68 - 22.09790212,15.68,22.09790212,7.165258297761129,2.2958377
PETR4,PETR4,Petroleo Brasileiro SA Pfd,BRL,41.95,42.64,41.62,41.62 - 42.64,-2.35,-5.3,2026-08-24T16:54:30.000Z,602488807200.0,28164800,41.94,42.6,29.31 - 50.69,29.31,50.69,4.053805939139762,10.3482633
VALE3,VALE3,Vale S.A.,BRL,77.92,78.35,74.71,74.71 - 78.35,2.89,3.85,2026-08-24T16:54:30.000Z,312794900172.0,18262400,77.91,74.71,54.68 - 91.62,54.68,91.62,32.17043061805871,2.4326809
BBAS3,BBAS3,Banco do Brasil S.A.,BRL,18.76,18.86,18.16,18.16 - 18.86,0.33,1.79,2026-08-24T16:54:30.000Z,105397788112.0,10012000,18.76,18.29,17.79 - 27.81,17.79,27.81,8.72679908824487,2.1496732
BBDC4,BBDC4,Banco Bradesco SA Pfd,BRL,16.44,16.52,16.06,16.06 - 16.52,0.2,1.23,2026-08-24T16:54:30.000Z,170700479517.0,11152600,16.44,16.09,15.68 - 22.09790212,15.68,22.09790212,7.160902517640911,2.2958377
PETR4,PETR4,Petroleo Brasileiro SA Pfd,BRL,41.82,42.64,41.62,41.62 - 42.64,-2.48,-5.6,2026-08-24T17:18:30.000Z,602488807200.0,29215000,41.82,42.6,29.31 - 50.69,29.31,50.69,4.041243489268769,10.3482633
VALE3,VALE3,Vale S.A.,BRL,77.74,78.35,74.71,74.71 - 78.35,2.71,3.61,2026-08-24T17:18:30.000Z,312794900172.0,19358100,77.75,74.71,54.68 - 91.62,54.68,91.62,32.09611494157962,2.4326809
BBAS3,BBAS3,Banco do Brasil S.A.,BRL,18.69,18.86,18.16,18.16 - 18.86,0.26,1.41,2026-08-24T17:18:30.000Z,105397788112.0,10493100,18.69,18.29,17.79 - 27.81,17.79,27.81,8.694236405079778,2.1496732
BBDC4,BBDC4,Banco Bradesco SA Pfd,BRL,16.39,16.52,16.06,16.06 - 16.52,0.15,0.92,2026-08-24T17:19:30.000Z,170700479517.0,12152400,16.4,16.09,15.68 - 22.09790212,15.68,22.09790212,7.139123617039813,2.2958377
PETR4,PETR4,Petroleo Brasileiro SA Pfd,BRL,41.8,42.64,41.62,41.62 - 42.64,-2.5,-5.64,2026-08-24T17:50:30.000Z,602488807200.0,35514300,41.79,42.6,29.31 - 50.69,29.31,50.69,4.039310804673231,10.3482633
VALE3,VALE3,Vale S.A.,BRL,77.4,78.35,74.71,74.71 - 78.35,2.37,3.16,2026-08-24T17:50:30.000Z,312794900172.0,21045200,77.39,74.71,54.68 - 91.62,54.68,91.62,31.95574088600801,2.4326809
BBAS3,BBAS3,Banco do Brasil S.A.,BRL,18.73,18.86,18.16,18.16 - 18.86,0.3,1.63,2026-08-24T17:50:30.000Z,105397788112.0,13329800,18.73,18.29,17.79 - 27.81,17.79,27.81,8.712843652602688,2.1496732
BBDC4,BBDC4,Banco Bradesco SA Pfd,BRL,16.41,16.52,16.06,16.06 - 16.52,0.17,1.05,2026-08-24T17:50:30.000Z,170700479517.0,13379200,16.41,16.09,15.68 - 22.09790212,15.68,22.09790212,7.147835177280252,2.2958377
PETR4,PETR4,Petroleo Brasileiro SA Pfd,BRL,41.87,42.64,41.62,41.62 - 42.64,-2.43,-5.49,2026-08-24T18:19:30.000Z,602488807200.0,37087200,41.87,42.6,29.31 - 50.69,29.31,50.69,4.046075200757612,10.3482633
VALE3,VALE3,Vale S.A.,BRL,77.18,78.35,74.71,74.71 - 78.35,2.15,2.87,2026-08-24T18:19:30.000Z,312794900172.0,22067400,77.18,74.71,54.68 - 91.62,54.68,91.62,31.8649106147558,2.4326809
BBAS3,BBAS3,Banco do Brasil S.A.,BRL,18.71,18.86,18.16,18.16 - 18.86,0.28,1.52,2026-08-24T18:19:30.000Z,105397788112.0,16926400,18.72,18.29,17.79 - 27.81,17.79,27.81,8.703540028841234,2.1496732
BBDC4,BBDC4,Banco Bradesco SA Pfd,BRL,16.42,16.52,16.06,16.06 - 16.52,0.18,1.11,2026-08-24T18:19:30.000Z,170700479517.0,14008700,16.42,16.09,15.68 - 22.09790212,15.68,22.09790212,7.152190957400472,2.2958377
PETR4,PETR4,Petroleo Brasileiro SA Pfd,BRL,41.86,42.64,41.62,41.62 - 42.64,-2.44,-5.51,2026-08-24T18:55:30.000Z,602488807200.0,39893500,41.86,42.6,29.31 - 50.69,29.31,50.69,4.045108858459844,10.3482633
VALE3,VALE3,Vale S.A.,BRL,77.08,78.35,74.71,74.71 - 78.35,2.05,2.73,2026-08-24T18:55:30.000Z,312794900172.0,23183500,77.08,74.71,54.68 - 91.62,54.68,91.62,31.823624127822963,2.4326809
BBAS3,BBAS3,Banco do Brasil S.A.,BRL,18.66,18.86,18.16,18.16 - 18.86,0.23,1.25,2026-08-24T18:55:30.000Z,105397788112.0,18693800,18.67,18.29,17.79 - 27.81,17.79,27.81,8.680280969437595,2.1496732
BBDC4,BBDC4,Banco Bradesco SA Pfd,BRL,16.39,16.52,16.06,16.06 - 16.52,0.15,0.92,2026-08-24T18:55:30.000Z,170700479517.0,15722500,16.39,16.09,15.68 - 22.09790212,15.68,22.09790212,7.139123617039813,2.2958377
PETR4,PETR4,Petroleo Brasileiro SA Pfd,BRL,41.9,42.64,41.62,41.62 - 42.64,-2.4,-5.42,2026-08-24T19:18:30.000Z,602488807200.0,41262800,41.9,42.6,29.31 - 50.69,29.31,50.69,4.048974227650918,10.3482633
VALE3,VALE3,Vale S.A.,BRL,77.23,78.35,74.71,74.71 - 78.35,2.2,2.93,2026-08-24T19:18:30.000Z,312794900172.0,23641100,77.24,74.71,54.68 - 91.62,54.68,91.62,31.88555385822221,2.4326809
BBAS3,BBAS3,Banco do Brasil S.A.,BRL,18.67,18.86,18.16,18.16 - 18.86,0.24,1.3,2026-08-24T19:19:30.000Z,105397788112.0,19049200,18.67,18.29,17.79 - 27.81,17.79,27.81,8.684932781318324,2.1496732
BBDC4,BBDC4,Banco Bradesco SA Pfd,BRL,16.39,16.52,16.06,16.06 - 16.52,0.15,0.92,2026-08-24T19:19:30.000Z,170700479517.0,16495900,16.39,16.09,15.68 - 22.09790212,15.68,22.09790212,7.139123617039813,2.2958377
PETR4,PETR4,Petroleo Brasileiro SA Pfd,BRL,42.02,42.64,41.62,41.62 - 42.64,-2.28,-5.15,2026-08-24T19:49:30.000Z,602488807200.0,43398600,42.03,42.6,29.31 - 50.69,29.31,50.69,4.060570335224144,10.3482633
VALE3,VALE3,Vale S.A.,BRL,77.3,78.35,74.71,74.71 - 78.35,2.27,3.03,2026-08-24T19:48:30.000Z,312794900172.0,24486200,77.29,74.71,54.68 - 91.62,54.68,91.62,31.914454399075183,2.4326809
BBAS3,BBAS3,Banco do Brasil S.A.,BRL,18.64,18.86,18.16,18.16 - 18.86,0.21,1.14,2026-08-24T19:49:30.000Z,105397788112.0,19784600,18.64,18.29,17.79 - 27.81,17.79,27.81,8.67097734567614,2.1496732
BBDC4,BBDC4,Banco Bradesco SA Pfd,BRL,16.35,16.52,16.06,16.06 - 16.52,0.11,0.68,2026-08-24T19:49:30.000Z,170700479517.0,17542100,16.36,16.09,15.68 - 22.09790212,15.68,22.09790212,7.121700496558935,2.2958377
PETR4,PETR4,Petroleo Brasileiro SA Pfd,BRL,41.98,42.64,41.62,41.62 - 42.64,-2.32,-5.24,2026-08-24T20:17:30.000Z,602488807200.0,45683400,41.98,42.6,29.31 - 50.69,29.31,50.69,4.056704966033068,10.3482633
VALE3,VALE3,Vale S.A.,BRL,77.4,78.35,74.71,74.71 - 78.35,2.37,3.16,2026-08-24T20:17:30.000Z,312794900172.0,25958800,77.4,74.71,54.68 - 91.62,54.68,91.62,31.95574088600801,2.4326809
BBAS3,BBAS3,Banco do Brasil S.A.,BRL,18.68,18.86,18.16,18.16 - 18.86,0.25,1.36,2026-08-24T20:18:30.000Z,105397788112.0,21219100,18.68,18.29,17.79 - 27.81,17.79,27.81,8.68958459319905,2.1496732
BBDC4,BBDC4,Banco Bradesco SA Pfd,BRL,16.35,16.52,16.06,16.06 - 16.52,0.11,0.68,2026-08-24T20:18:30.000Z,170700479517.0,18399300,16.35,16.09,15.68 - 22.09790212,15.68,22.09790212,7.121700496558935,2.2958377
PETR4,PETR4,Petroleo Brasileiro SA Pfd,BRL,42.11,42.64,41.62,41.62 - 42.64,-2.19,-4.94,2026-08-24T20:51:30.000Z,602488807200.0,49466900,41.98,42.6,29.31 - 50.69,29.31,50.69,4.069267415904061,10.3482633
VALE3,VALE3,Vale S.A.,BRL,77.13,78.35,74.71,74.71 - 78.35,2.1,2.8,2026-08-24T20:51:30.000Z,312794900172.0,28770000,77.4,74.71,54.68 - 91.62,54.68,91.62,31.844267371289376,2.4326809
BBAS3,BBAS3,Banco do Brasil S.A.,BRL,18.6,18.86,18.16,18.16 - 18.86,0.17,0.92,2026-08-24T20:51:30.000Z,105397788112.0,22643800,18.68,18.29,17.79 - 27.81,17.79,27.81,8.65237009815323,2.1496732
BBDC4,BBDC4,Banco Bradesco SA Pfd,BRL,16.27,16.52,16.06,16.06 - 16.52,0.03,0.18,2026-08-24T20:50:30.000Z,170700479517.0,26723500,16.35,16.09,15.68 - 22.09790212,15.68,22.09790212,7.086854255597178,2.2958377
PETR4,PETR4,Petroleo Brasileiro SA Pfd,BRL,41.6,41.67,41.15,41.15 - 41.67,-0.51,-1.21,2026-08-25T13:29:30.000Z,572995765068.0,1189400,41.63,41.18,29.31 - 50.69,29.31,50.69,4.019983958717857,10.3482633
VALE3,VALE3,Vale S.A.,BRL,77.48,77.54,77.03,77.03 - 77.54,0.35,0.45,2026-08-25T13:29:30.000Z,321549649256.0,299400,77.49,77.1,54.81 - 91.62,54.81,91.62,31.988770075554275,2.4326809
BBAS3,BBAS3,Banco do Brasil S.A.,BRL,18.77,18.79,18.64,18.64 - 18.79,0.17,0.91,2026-08-25T13:29:30.000Z,106369987338.0,770900,18.77,18.65,17.79 - 27.81,17.79,27.81,8.731450900125598,2.1496732
BBDC4,BBDC4,Banco Bradesco SA Pfd,BRL,16.43,16.46,16.28,16.28 - 16.46,0.16,0.98,2026-08-25T13:29:30.000Z,171035538115.0,586000,16.43,16.28,15.68 - 22.09790212,15.68,22.09790212,7.15654673752069,2.2958377
PETR4,PETR4,Petroleo Brasileiro SA Pfd,BRL,41.6,41.91,41.15,41.15 - 41.91,-0.51,-1.21,2026-08-25T13:57:30.000Z,572995765068.0,7639300,41.57,41.18,29.31 - 50.69,29.31,50.69,4.019983958717857,10.3482633
VALE3,VALE3,Vale S.A.,BRL,77.01,77.54,76.89,76.89 - 77.54,-0.12,-0.16,2026-08-25T13:57:30.000Z,321549649256.0,6034900,76.96,77.1,54.81 - 91.62,54.81,91.62,31.794723586969987,2.4326809
BBAS3,BBAS3,Banco do Brasil S.A.,BRL,18.69,18.8,18.64,18.64 - 18.8,0.09,0.48,2026-08-25T13:58:30.000Z,106369987338.0,1817900,18.68,18.65,17.79 - 27.81,17.79,27.81,8.694236405079778,2.1496732
BBDC4,BBDC4,Banco Bradesco SA Pfd,BRL,16.31,16.46,16.28,16.28 - 16.46,0.04,0.25,2026-08-25T13:57:30.000Z,171035538115.0,2995300,16.33,16.28,15.68 - 22.09790212,15.68,22.09790212,7.104277376078056,2.2958377
PETR4,PETR4,Petroleo Brasileiro SA Pfd,BRL,41.39,41.91,41.15,41.15 - 41.91,-0.72,-1.71,2026-08-25T14:25:30.000Z,572995765068.0,13220200,41.39,41.18,29.31 - 50.69,29.31,50.69,3.999690770464714,10.3482633
VALE3,VALE3,Vale S.A.,BRL,77.33,77.54,76.89,76.89 - 77.54,0.2,0.26,2026-08-25T14:25:30.000Z,321549649256.0,6471300,77.34,77.1,54.81 - 91.62,54.81,91.62,31.926840345155032,2.4326809
BBAS3,BBAS3,Banco do Brasil S.A.,BRL,18.72,18.8,18.61,18.61 - 18.8,0.12,0.65,2026-08-25T14:25:30.000Z,106369987338.0,2717100,18.73,18.65,17.79 - 27.81,17.79,27.81,8.70819184072196,2.1496732
BBDC4,BBDC4,Banco Bradesco SA Pfd,BRL,16.36,16.46,16.25,16.25 - 16.46,0.09,0.55,2026-08-25T14:24:30.000Z,171035538115.0,7103800,16.35,16.28,15.68 - 22.09790212,15.68,22.09790212,7.1260562766791535,2.2958377
PETR4,PETR4,Petroleo Brasileiro SA Pfd,BRL,41.3,41.91,41.15,41.15 - 41.91,-0.81,-1.92,2026-08-25T14:57:30.000Z,572995765068.0,20398100,41.32,41.18,29.31 - 50.69,29.31,50.69,3.990993689784795,10.3482633
VALE3,VALE3,Vale S.A.,BRL,77.67,77.68,76.89,76.89 - 77.68,0.54,0.7,2026-08-25T14:57:30.000Z,321549649256.0,7291200,77.66,77.1,54.81 - 91.62,54.81,91.62,32.06721440072664,2.4326809
BBAS3,BBAS3,Banco do Brasil S.A.,BRL,18.74,18.8,18.61,18.61 - 18.8,0.14,0.75,2026-08-25T14:58:30.000Z,106369987338.0,3891800,18.73,18.65,17.79 - 27.81,17.79,27.81,8.717495464483415,2.1496732
BBDC4,BBDC4,Banco Bradesco SA Pfd,BRL,16.37,16.46,16.25,16.25 - 16.46,0.1,0.61,2026-08-25T14:58:30.000Z,171035538115.0,10481200,16.37,16.28,15.68 - 22.09790212,15.68,22.09790212,7.130412056799374,2.2958377
PETR4,PETR4,Petroleo Brasileiro SA Pfd,BRL,41.36,41.91,41.15,41.15 - 41.91,-0.75,-1.78,2026-08-25T15:25:30.000Z,572995765068.0,31632900,41.35,41.18,29.31 - 50.69,29.31,50.69,3.996791743571408,10.3482633
VALE3,VALE3,Vale S.A.,BRL,77.59,77.84,76.89,76.89 - 77.84,0.46,0.6,2026-08-25T15:25:30.000Z,321549649256.0,8007800,77.58,77.1,54.81 - 91.62,54.81,91.62,32.034185211180386,2.4326809
BBAS3,BBAS3,Banco do Brasil S.A.,BRL,18.75,18.8,18.61,18.61 - 18.8,0.15,0.81,2026-08-25T15:24:30.000Z,106369987338.0,4327000,18.75,18.65,17.79 - 27.81,17.79,27.81,8.722147276364144,2.1496732
BBDC4,BBDC4,Banco Bradesco SA Pfd,BRL,16.4,16.46,16.25,16.25 - 16.46,0.13,0.8,2026-08-25T15:24:30.000Z,171035538115.0,11279800,16.39,16.28,15.68 - 22.09790212,15.68,22.09790212,7.143479397160031,2.2958377
PETR4,PETR4,Petroleo Brasileiro SA Pfd,BRL,41.24,41.91,41.15,41.15 - 41.91,-0.87,-2.07,2026-08-25T15:55:30.000Z,572995765068.0,38222000,41.25,41.18,29.31 - 50.69,29.31,50.69,3.985195635998184,10.3482633
VALE3,VALE3,Vale S.A.,BRL,77.79,77.84,76.89,76.89 - 77.84,0.66,0.86,2026-08-25T15:55:30.000Z,321549649256.0,8542500,77.79,77.1,54.81 - 91.62,54.81,91.62,32.11675818504604,2.4326809
BBAS3,BBAS3,Banco do Brasil S.A.,BRL,18.89,18.9,18.61,18.61 - 18.9,0.29,1.56,2026-08-25T15:55:30.000Z,106369987338.0,5149600,18.89,18.65,17.79 - 27.81,17.79,27.81,8.78727264269433,2.1496732
BBDC4,BBDC4,Banco Bradesco SA Pfd,BRL,16.47,16.48,16.25,16.25 - 16.48,0.2,1.23,2026-08-25T15:55:30.000Z,171035538115.0,13178000,16.47,16.28,15.68 - 22.09790212,15.68,22.09790212,7.173969858001568,2.2958377
PETR4,PETR4,Petroleo Brasileiro SA Pfd,BRL,41.2,41.91,41.01,41.01 - 41.91,-0.91,-2.16,2026-08-25T16:19:30.000Z,572995765068.0,45165500,41.19,41.18,29.31 - 50.69,29.31,50.69,3.9813302668071087,10.3482633
VALE3,VALE3,Vale S.A.,BRL,78.1,78.28,76.89,76.89 - 78.28,0.97,1.26,2026-08-25T16:19:30.000Z,321549649256.0,9440900,78.1,77.1,54.81 - 91.62,54.81,91.62,32.2447462945378,2.4326809
BBAS3,BBAS3,Banco do Brasil S.A.,BRL,19.02,19.03,18.61,18.61 - 19.03,0.42,2.26,2026-08-25T16:19:30.000Z,106369987338.0,6236800,19.02,18.65,17.79 - 27.81,17.79,27.81,8.847746197143787,2.1496732
BBDC4,BBDC4,Banco Bradesco SA Pfd,BRL,16.52,16.56,16.25,16.25 - 16.56,0.25,1.54,2026-08-25T16:19:30.000Z,171035538115.0,14635200,16.52,16.28,15.68 - 22.09790212,15.68,22.09790212,7.195748758602666,2.2958377
PETR4,PETR4,Petroleo Brasileiro SA Pfd,BRL,41.21,41.91,41.01,41.01 - 41.91,-0.9,-2.14,2026-08-25T16:54:30.000Z,572995765068.0,57164900,41.2,41.18,29.31 - 50.69,29.31,50.69,3.982296609104877,10.3482633
VALE3,VALE3,Vale S.A.,BRL,78.0,78.28,76.89,76.89 - 78.28,0.87,1.13,2026-08-25T16:54:30.000Z,321549649256.0,10167600,77.98,77.1,54.81 - 91.62,54.81,91.62,32.20345980760497,2.4326809
BBAS3,BBAS3,Banco do Brasil S.A.,BRL,19.11,19.13,18.61,18.61 - 19.13,0.51,2.74,2026-08-25T16:53:30.000Z,106369987338.0,9213900,19.11,18.65,17.79 - 27.81,17.79,27.81,8.889612504070335,2.1496732
BBDC4,BBDC4,Banco Bradesco SA Pfd,BRL,16.61,16.63,16.25,16.25 - 16.63,0.34,2.09,2026-08-25T16:53:30.000Z,171035538115.0,18352600,16.62,16.28,15.68 - 22.09790212,15.68,22.09790212,7.234950779684642,2.2958377
PETR4,PETR4,Petroleo Brasileiro SA Pfd,BRL,41.16,41.91,41.01,41.01 - 41.91,-0.95,-2.26,2026-08-25T17:19:30.000Z,572995765068.0,58579400,41.18,41.18,29.31 - 50.69,29.31,50.69,3.9774648976160334,10.3482633
VALE3,VALE3,Vale S.A.,BRL,78.03,78.28,76.89,76.89 - 78.28,0.9,1.17,2026-08-25T17:19:30.000Z,321549649256.0,10491200,78.03,77.1,54.81 - 91.62,54.81,91.62,32.21584575368482,2.4326809
BBAS3,BBAS3,Banco do Brasil S.A.,BRL,19.11,19.14,18.61,18.61 - 19.14,0.51,2.74,2026-08-25T17:19:30.000Z,106369987338.0,10078200,19.1,18.65,17.79 - 27.81,17.79,27.81,8.889612504070335,2.1496732
BBDC4,BBDC4,Banco Bradesco SA Pfd,BRL,16.58,16.63,16.25,16.25 - 16.63,0.31,1.91,2026-08-25T17:19:30.000Z,171035538115.0,21035800,16.57,16.28,15.68 - 22.09790212,15.68,22.09790212,7.221883439323983,2.2958377
PETR4,PETR4,Petroleo Brasileiro SA Pfd,BRL,41.13,41.91,41.01,41.01 - 41.91,-0.98,-2.33,2026-08-25T17:49:30.000Z,572995765068.0,59635200,41.13,41.18,29.31 - 50.69,29.31,50.69,3.974565870722728,10.3482633
VALE3,VALE3,Vale S.A.,BRL,77.92,78.28,76.89,76.89 - 78.28,0.79,1.02,2026-08-25T17:49:30.000Z,321549649256.0,10948300,77.94,77.1,54.81 - 91.62,54.81,91.62,32.17043061805871,2.4326809
BBAS3,BBAS3,Banco do Brasil S.A.,BRL,19.13,19.16,18.61,18.61 - 19.16,0.53,2.85,2026-08-25T17:49:30.000Z,106369987338.0,16969700,19.13,18.65,17.79 - 27.81,17.79,27.81,8.89891612783179,2.1496732
BBDC4,BBDC4,Banco Bradesco SA Pfd,BRL,16.61,16.63,16.25,16.25 - 16.63,0.34,2.09,2026-08-25T17:49:30.000Z,171035538115.0,25144100,16.6,16.28,15.68 - 22.09790212,15.68,22.09790212,7.234950779684642,2.2958377
PETR4,PETR4,Petroleo Brasileiro SA Pfd,BRL,41.3,41.91,41.01,41.01 - 41.91,-0.81,-1.92,2026-08-25T18:18:30.000Z,572995765068.0,61647300,41.33,41.18,29.31 - 50.69,29.31,50.69,3.990993689784795,10.3482633
VALE3,VALE3,Vale S.A.,BRL,78.09,78.28,76.89,76.89 - 78.28,0.96,1.24,2026-08-25T18:18:30.000Z,321549649256.0,12520800,78.1,77.1,54.81 - 91.62,54.81,91.62,32.24061764584452,2.4326809
BBAS3,BBAS3,Banco do Brasil S.A.,BRL,19.22,19.25,18.61,18.61 - 19.25,0.62,3.33,2026-08-25T18:19:30.000Z,106369987338.0,23728400,19.22,18.65,17.79 - 27.81,17.79,27.81,8.940782434758336,2.1496732
BBDC4,BBDC4,Banco Bradesco SA Pfd,BRL,16.68,16.69,16.25,16.25 - 16.69,0.41,2.52,2026-08-25T18:19:30.000Z,171035538115.0,26796500,16.67,16.28,15.68 - 22.09790212,15.68,22.09790212,7.265441240526179,2.2958377
PETR4,PETR4,Petroleo Brasileiro SA Pfd,BRL,41.19,41.91,41.01,41.01 - 41.91,-0.92,-2.18,2026-08-25T18:54:30.000Z,572995765068.0,68059400,41.2,41.18,29.31 - 50.69,29.31,50.69,3.9803639245093394,10.3482633
VALE3,VALE3,Vale S.A.,BRL,77.98,78.28,76.89,76.89 - 78.28,0.85,1.1,2026-08-25T18:54:30.000Z,321549649256.0,13156100,78.0,77.1,54.81 - 91.62,54.81,91.62,32.19520251021841,2.4326809
BBAS3,BBAS3,Banco do Brasil S.A.,BRL,19.34,19.35,18.61,18.61 - 19.35,0.74,3.98,2026-08-25T18:54:30.000Z,106369987338.0,25810800,19.34,18.65,17.79 - 27.81,17.79,27.81,8.996604177327068,2.1496732
BBDC4,BBDC4,Banco Bradesco SA Pfd,BRL,16.61,16.7,16.25,16.25 - 16.7,0.34,2.09,2026-08-25T18:54:30.000Z,171035538115.0,32387500,16.61,16.28,15.68 - 22.09790212,15.68,22.09790212,7.234950779684642,2.2958377
PETR4,PETR4,Petroleo Brasileiro SA Pfd,BRL,41.25,41.91,41.01,41.01 - 41.91,-0.86,-2.04,2026-08-25T19:19:30.000Z,572995765068.0,71665900,41.23,41.18,29.31 - 50.69,29.31,50.69,3.986161978295952,10.3482633
VALE3,VALE3,Vale S.A.,BRL,78.25,78.33,76.89,76.89 - 78.33,1.12,1.45,2026-08-25T19:19:30.000Z,321549649256.0,13887400,78.25,77.1,54.81 - 91.62,54.81,91.62,32.30667602493704,2.4326809
BBAS3,BBAS3,Banco do Brasil S.A.,BRL,19.44,19.44,18.61,18.61 - 19.44,0.84,4.52,2026-08-25T19:19:30.000Z,106369987338.0,27584600,19.44,18.65,17.79 - 27.81,17.79,27.81,9.043122296134344,2.1496732
BBDC4,BBDC4,Banco Bradesco SA Pfd,BRL,16.68,16.7,16.25,16.25 - 16.7,0.41,2.52,2026-08-25T19:19:30.000Z,171035538115.0,34467900,16.68,16.28,15.68 - 22.09790212,15.68,22.09790212,7.265441240526179,2.2958377
PETR4,PETR4,Petroleo Brasileiro SA Pfd,BRL,41.25,41.91,41.01,41.01 - 41.91,-0.86,-2.04,2026-08-25T19:49:30.000Z,572995765068.0,76092500,41.25,41.18,29.31 - 50.69,29.31,50.69,3.986161978295952,10.3482633
VALE3,VALE3,Vale S.A.,BRL,78.4,78.49,76.89,76.89 - 78.49,1.27,1.65,2026-08-25T19:49:30.000Z,321549649256.0,15017300,78.39,77.1,54.81 - 91.62,54.81,91.62,32.36860575533628,2.4326809
BBAS3,BBAS3,Banco do Brasil S.A.,BRL,19.55,19.58,18.61,18.61 - 19.58,0.95,5.11,2026-08-25T19:49:30.000Z,106369987338.0,30343800,19.56,18.65,17.79 - 27.81,17.79,27.81,9.094292226822349,2.1496732
BBDC4,BBDC4,Banco Bradesco SA Pfd,BRL,16.75,16.81,16.25,16.25 - 16.81,0.48,2.95,2026-08-25T19:49:30.000Z,171035538115.0,37926300,16.75,16.28,15.68 - 22.09790212,15.68,22.09790212,7.295931701367715,2.2958377
PETR4,PETR4,Petroleo Brasileiro SA Pfd,BRL,41.31,41.91,41.01,41.01 - 41.91,-0.8,-1.9,2026-08-25T20:18:30.000Z,572995765068.0,81229000,41.31,41.18,29.31 - 50.69,29.31,50.69,3.991960032082564,10.3482633
VALE3,VALE3,Vale S.A.,BRL,78.68,78.76,76.89,76.89 - 78.76,1.55,2.01,2026-08-25T20:17:30.000Z,321549649256.0,16615200,78.68,77.1,54.81 - 91.62,54.81,91.62,32.4842079187482,2.4326809
BBAS3,BBAS3,Banco do Brasil S.A.,BRL,19.63,19.63,18.61,18.61 - 19.63,1.03,5.54,2026-08-25T20:18:30.000Z,106369987338.0,32903200,19.63,18.65,17.79 - 27.81,17.79,27.81,9.131506721868169,2.1496732
BBDC4,BBDC4,Banco Bradesco SA Pfd,BRL,16.79,16.81,16.25,16.25 - 16.81,0.52,3.2,2026-08-25T20:18:30.000Z,171035538115.0,43265100,16.79,16.28,15.68 - 22.09790212,15.68,22.09790212,7.313354821848593,2.2958377
PETR4,PETR4,Petroleo Brasileiro SA Pfd,BRL,41.35,41.91,41.01,41.01 - 41.91,-0.76,-1.8,2026-08-25T20:49:30.000Z,572995765068.0,85687300,41.31,41.18,29.31 - 50.69,29.31,50.69,3.995825401273639,10.3482633
VALE3,VALE3,Vale S.A.,BRL,78.7,78.76,76.89,76.89 - 78.76,1.57,2.04,2026-08-25T20:49:30.000Z,321549649256.0,18003700,78.68,77.1,54.81 - 91.62,54.81,91.62,32.49246521613476,2.4326809
BBAS3,BBAS3,Banco do Brasil S.A.,BRL,19.57,19.63,18.61,18.61 - 19.63,0.97,5.22,2026-08-25T20:49:30.000Z,106369987338.0,35179800,19.63,18.65,17.79 - 27.81,17.79,27.81,9.1035958505838,2.1496732
BBDC4,BBDC4,Banco Bradesco SA Pfd,BRL,16.78,16.81,16.25,16.25 - 16.81,0.51,3.13,2026-08-25T20:49:30.000Z,171035538115.0,46754900,16.79,16.28,15.68 - 22.09790212,15.68,22.09790212,7.308999041728375,2.2958377
PETR4,PETR4,Petroleo Brasileiro SA Pfd,BRL,41.25,41.29,41.05,41.05 - 41.29,-0.1,-0.24,2026-08-26T13:31:30.000Z,561814681062.0,1530500,41.25,41.14,29.31 - 50.69,29.31,50.69,3.986161978295952,10.3482633
VALE3,VALE3,Vale S.A.,BRL,79.3,79.41,78.96,78.96 - 79.41,0.6,0.76,2026-08-26T13:31:30.000Z,328094869911.0,697000,79.31,79.0,54.81 - 91.62,54.81,91.62,32.74018413773172,2.4326809
BBAS3,BBAS3,Banco do Brasil S.A.,BRL,19.9,19.9,19.53,19.53 - 19.9,0.33,1.69,2026-08-26T13:31:30.000Z,111917235325.0,1002300,19.9,19.55,17.79 - 27.81,17.79,27.81,9.25710564264781,2.1496732
BBDC4,BBDC4,Banco Bradesco SA Pfd,BRL,17.02,17.03,16.76,16.76 - 17.03,0.24,1.43,2026-08-26T13:31:30.000Z,176228408451.0,616800,17.02,16.78,15.68 - 22.09790212,15.68,22.09790212,7.413537764613642,2.2958377
PETR4,PETR4,Petroleo Brasileiro SA Pfd,BRL,41.28,41.38,40.97,40.97 - 41.38,-0.07,-0.17,2026-08-26T13:58:30.000Z,561814681062.0,5561700,41.28,41.14,29.31 - 50.69,29.31,50.69,3.9890610051892574,10.3482633
VALE3,VALE3,Vale S.A.,BRL,79.13,79.55,78.96,78.96 - 79.55,0.43,0.55,2026-08-26T13:58:30.000Z,328094869911.0,1650900,79.13,79.0,54.81 - 91.62,54.81,91.62,32.66999710994591,2.4326809
BBAS3,BBAS3,Banco do Brasil S.A.,BRL,19.92,20.03,19.53,19.53 - 20.03,0.35,1.79,2026-08-26T13:59:30.000Z,111917235325.0,4235900,19.92,19.55,17.79 - 27.81,17.79,27.81,9.266409266409266,2.1496732
BBDC4,BBDC4,Banco Bradesco SA Pfd,BRL,17.14,17.15,16.76,16.76 - 17.15,0.36,2.15,2026-08-26T13:58:30.000Z,176228408451.0,3025700,17.14,16.78,15.68 - 22.09790212,15.68,22.09790212,7.465807126056277,2.2958377
PETR4,PETR4,Petroleo Brasileiro SA Pfd,BRL,41.42,41.64,40.97,40.97 - 41.64,0.07,0.17,2026-08-26T14:24:30.000Z,561814681062.0,10520900,41.42,41.14,29.31 - 50.69,29.31,50.69,4.00258979735802,10.3482633
VALE3,VALE3,Vale S.A.,BRL,79.22,79.58,78.96,78.96 - 79.58,0.52,0.66,2026-08-26T14:24:30.000Z,328094869911.0,2698300,79.23,79.0,54.81 - 91.62,54.81,91.62,32.70715494818546,2.4326809
BBAS3,BBAS3,Banco do Brasil S.A.,BRL,19.9,20.03,19.53,19.53 - 20.03,0.33,1.69,2026-08-26T14:24:30.000Z,111917235325.0,5977100,19.9,19.55,17.79 - 27.81,17.79,27.81,9.25710564264781,2.1496732
BBDC4,BBDC4,Banco Bradesco SA Pfd,BRL,17.24,17.29,16.76,16.76 - 17.29,0.46,2.74,2026-08-26T14:24:30.000Z,176228408451.0,8206500,17.24,16.78,15.68 - 22.09790212,15.68,22.09790212,7.509364927258471,2.2958377
PETR4,PETR4,Petroleo Brasileiro SA Pfd,BRL,41.74,41.81,40.97,40.97 - 41.81,0.39,0.94,2026-08-26T14:57:30.000Z,561814681062.0,41010600,41.74,41.14,29.31 - 50.69,29.31,50.69,4.03351275088662,10.3482633
VALE3,VALE3,Vale S.A.,BRL,79.1,79.58,78.85,78.85 - 79.58,0.4,0.51,2026-08-26T14:57:30.000Z,328094869911.0,4304800,79.08,79.0,54.81 - 91.62,54.81,91.62,32.657611163866065,2.4326809
BBAS3,BBAS3,Banco do Brasil S.A.,BRL,19.63,20.03,19.53,19.53 - 20.03,0.06,0.31,2026-08-26T14:56:30.000Z,111917235325.0,9024600,19.62,19.55,17.79 - 27.81,17.79,27.81,9.131506721868169,2.1496732
BBDC4,BBDC4,Banco Bradesco SA Pfd,BRL,17.07,17.29,16.76,16.76 - 17.29,0.29,1.73,2026-08-26T14:56:30.000Z,176228408451.0,12507600,17.06,16.78,15.68 - 22.09790212,15.68,22.09790212,7.43531666521474,2.2958377
PETR4,PETR4,Petroleo Brasileiro SA Pfd,BRL,41.8,41.82,40.97,40.97 - 41.82,0.45,1.09,2026-08-26T15:49:30.000Z,561814681062.0,49124400,41.8,41.14,29.31 - 50.69,29.31,50.69,4.039310804673231,10.3482633
VALE3,VALE3,Vale S.A.,BRL,78.58,79.58,78.21,78.21 - 79.58,-0.12,-0.15,2026-08-26T15:49:30.000Z,328094869911.0,6871700,78.6,79.0,54.81 - 91.62,54.81,91.62,32.442921431815364,2.4326809
BBAS3,BBAS3,Banco do Brasil S.A.,BRL,19.58,20.03,19.53,19.53 - 20.03,0.01,0.05,2026-08-26T15:49:30.000Z,111917235325.0,13613600,19.56,19.55,17.79 - 27.81,17.79,27.81,9.108247662464528,2.1496732
BBDC4,BBDC4,Banco Bradesco SA Pfd,BRL,17.0,17.29,16.76,16.76 - 17.29,0.22,1.31,2026-08-26T15:49:30.000Z,176228408451.0,15807800,17.0,16.78,15.68 - 22.09790212,15.68,22.09790212,7.404826204373204,2.2958377
PETR4,PETR4,Petroleo Brasileiro SA Pfd,BRL,42.19,42.27,40.97,40.97 - 42.27,0.84,2.03,2026-08-26T16:34:30.000Z,561814681062.0,52994100,42.19,41.14,29.31 - 50.69,29.31,50.69,4.076998154286211,10.3482633
VALE3,VALE3,Vale S.A.,BRL,78.5,79.58,78.21,78.21 - 79.58,-0.2,-0.25,2026-08-26T16:34:30.000Z,328094869911.0,7765000,78.51,79.0,54.81 - 91.62,54.81,91.62,32.40989224226911,2.4326809
BBAS3,BBAS3,Banco do Brasil S.A.,BRL,19.48,20.03,19.46,19.46 - 20.03,-0.09,-0.46,2026-08-26T16:34:30.000Z,111917235325.0,15786100,19.48,19.55,17.79 - 27.81,17.79,27.81,9.061729543657254,2.1496732
BBDC4,BBDC4,Banco Bradesco SA Pfd,BRL,16.97,17.29,16.76,16.76 - 17.29,0.19,1.13,2026-08-26T16:34:30.000Z,176228408451.0,17834700,16.97,16.78,15.68 - 22.09790212,15.68,22.09790212,7.391758864012544,2.2958377
PETR4,PETR4,Petroleo Brasileiro SA Pfd,BRL,42.14,42.27,40.97,40.97 - 42.27,0.79,1.91,2026-08-26T16:56:30.000Z,561814681062.0,54750900,42.14,41.14,29.31 - 50.69,29.31,50.69,4.072166442797368,10.3482633
VALE3,VALE3,Vale S.A.,BRL,78.64,79.58,78.21,78.21 - 79.58,-0.06,-0.08,2026-08-26T16:55:30.000Z,328094869911.0,8472300,78.67,79.0,54.81 - 91.62,54.81,91.62,32.46769332397506,2.4326809
BBAS3,BBAS3,Banco do Brasil S.A.,BRL,19.49,20.03,19.46,19.46 - 20.03,-0.08,-0.41,2026-08-26T16:55:30.000Z,111917235325.0,16406200,19.49,19.55,17.79 - 27.81,17.79,27.81,9.06638135553798,2.1496732
BBDC4,BBDC4,Banco Bradesco SA Pfd,BRL,17.01,17.29,16.76,16.76 - 17.29,0.23,1.37,2026-08-26T16:55:30.000Z,176228408451.0,18456500,17.01,16.78,15.68 - 22.09790212,15.68,22.09790212,7.409181984493424,2.2958377
PETR4,PETR4,Petroleo Brasileiro SA Pfd,BRL,41.85,42.27,40.97,40.97 - 42.27,0.5,1.21,2026-08-26T18:01:30.000Z,561814681062.0,59131100,41.84,41.14,29.31 - 50.69,29.31,50.69,4.044142516162075,10.3482633
VALE3,VALE3,Vale S.A.,BRL,78.52,79.58,78.21,78.21 - 79.58,-0.18,-0.23,2026-08-26T18:01:30.000Z,328094869911.0,9709100,78.52,79.0,54.81 - 91.62,54.81,91.62,32.41814953965567,2.4326809
BBAS3,BBAS3,Banco do Brasil S.A.,BRL,19.49,20.03,19.39,19.39 - 20.03,-0.08,-0.41,2026-08-26T18:00:30.000Z,111917235325.0,18972700,19.49,19.55,17.79 - 27.81,17.79,27.81,9.06638135553798,2.1496732
BBDC4,BBDC4,Banco Bradesco SA Pfd,BRL,17.02,17.29,16.76,16.76 - 17.29,0.24,1.43,2026-08-26T18:00:30.000Z,176228408451.0,20665700,17.01,16.78,15.68 - 22.09790212,15.68,22.09790212,7.413537764613642,2.2958377
PETR4,PETR4,Petroleo Brasileiro SA Pfd,BRL,41.61,42.27,40.97,40.97 - 42.27,0.26,0.63,2026-08-26T18:49:30.000Z,561814681062.0,63113000,41.62,41.14,29.31 - 50.69,29.31,50.69,4.020950301015626,10.3482633
VALE3,VALE3,Vale S.A.,BRL,78.4,79.58,78.21,78.21 - 79.58,-0.3,-0.38,2026-08-26T18:49:30.000Z,328094869911.0,10353200,78.41,79.0,54.81 - 91.62,54.81,91.62,32.36860575533628,2.4326809
BBAS3,BBAS3,Banco do Brasil S.A.,BRL,19.39,20.03,19.37,19.37 - 20.03,-0.18,-0.92,2026-08-26T18:49:30.000Z,111917235325.0,24307700,19.39,19.55,17.79 - 27.81,17.79,27.81,9.019863236730709,2.1496732
BBDC4,BBDC4,Banco Bradesco SA Pfd,BRL,16.93,17.29,16.76,16.76 - 17.29,0.15,0.89,2026-08-26T18:49:30.000Z,176228408451.0,23163800,16.94,16.78,15.68 - 22.09790212,15.68,22.09790212,7.374335743531667,2.2958377
PETR4,PETR4,Petroleo Brasileiro SA Pfd,BRL,41.54,42.27,40.97,40.97 - 42.27,0.19,0.46,2026-08-26T19:47:30.000Z,561814681062.0,68243300,41.55,41.14,29.31 - 50.69,29.31,50.69,4.014185904931245,10.3482633
VALE3,VALE3,Vale S.A.,BRL,78.56,79.58,78.21,78.21 - 79.58,-0.14,-0.18,2026-08-26T19:47:30.000Z,328094869911.0,11754300,78.56,79.0,54.81 - 91.62,54.81,91.62,32.4346641344288,2.4326809
BBAS3,BBAS3,Banco do Brasil S.A.,BRL,19.54,20.03,19.37,19.37 - 20.03,-0.03,-0.15,2026-08-26T19:47:30.000Z,111917235325.0,33312500,19.55,19.55,17.79 - 27.81,17.79,27.81,9.089640414941618,2.1496732
BBDC4,BBDC4,Banco Bradesco SA Pfd,BRL,17.0,17.29,16.76,16.76 - 17.29,0.22,1.31,2026-08-26T19:47:30.000Z,176228408451.0,28171600,16.99,16.78,15.68 - 22.09790212,15.68,22.09790212,7.404826204373204,2.2958377
PETR4,PETR4,Petroleo Brasileiro SA Pfd,BRL,41.45,42.27,40.97,40.97 - 42.27,0.1,0.24,2026-08-26T20:59:30.000Z,561814681062.0,74607800,41.42,41.14,29.31 - 50.69,29.31,50.69,4.005488824251327,10.3482633
VALE3,VALE3,Vale S.A.,BRL,78.45,79.58,78.21,78.21 - 79.58,-0.25,-0.32,2026-08-26T20:59:30.000Z,328094869911.0,13668200,78.37,79.0,54.81 - 91.62,54.81,91.62,32.38924899880269,2.4326809
BBAS3,BBAS3,Banco do Brasil S.A.,BRL,19.52,20.03,19.37,19.37 - 20.03,-0.05,-0.26,2026-08-26T20:59:30.000Z,111917235325.0,36515300,19.49,19.55,17.79 - 27.81,17.79,27.81,9.080336791180164,2.1496732
BBDC4,BBDC4,Banco Bradesco SA Pfd,BRL,16.99,17.29,16.76,16.76 - 17.29,0.21,1.25,2026-08-26T20:59:30.000Z,176228408451.0,34713800,16.91,16.78,15.68 - 22.09790212,15.68,22.09790212,7.400470424252983,2.2958377
PETR4,PETR4,Petroleo Brasileiro SA Pfd,BRL,41.89,42.17,41.0,41 - 42.17,0.44,1.06,2026-08-27T16:50:30.000Z,561973749995.0,20013800,41.87,41.45,29.31 - 50.69,29.31,50.69,4.04800788535315,10.3482633
VALE3,VALE3,Vale S.A.,BRL,78.92,78.98,77.88,77.88 - 78.98,0.47,0.6,2026-08-27T16:50:30.000Z,327052637120.0,5191500,78.92,78.07,54.81 - 91.62,54.81,91.62,32.58329548738698,2.4326809
BBAS3,BBAS3,Banco do Brasil S.A.,BRL,19.87,19.93,19.32,19.32 - 19.93,0.35,1.79,2026-08-27T16:49:30.000Z,111631298868.0,11779200,19.87,19.39,17.79 - 27.81,17.79,27.81,9.243150207005629,2.1496732
BBDC4,BBDC4,Banco Bradesco SA Pfd,BRL,16.99,17.02,16.8,16.8 - 17.02,0.0,0.0,2026-08-27T16:50:30.000Z,178182508583.0,10321700,16.99,16.84,15.68 - 22.09790212,15.68,22.09790212,7.400470424252983,2.2958377
PETR4,PETR4,Petroleo Brasileiro SA Pfd,BRL,42.7,42.89,41.0,41 - 42.89,1.25,3.02,2026-08-27T20:34:30.000Z,561973749995.0,43152100,42.84,41.45,29.31 - 50.69,29.31,50.69,4.126281611472416,10.3482633
VALE3,VALE3,Vale S.A.,BRL,79.11,79.3,77.88,77.88 - 79.3,0.66,0.84,2026-08-27T20:34:30.000Z,327052637120.0,11456200,79.22,78.07,54.81 - 91.62,54.81,91.62,32.66173981255935,2.4326809
BBAS3,BBAS3,Banco do Brasil S.A.,BRL,19.97,20.14,19.32,19.32 - 20.14,0.45,2.31,2026-08-27T20:34:30.000Z,111631298868.0,26290800,20.04,19.39,17.79 - 27.81,17.79,27.81,9.289668325812904,2.1496732
BBDC4,BBDC4,Banco Bradesco SA Pfd,BRL,16.93,17.04,16.8,16.8 - 17.04,-0.06,-0.35,2026-08-27T20:34:30.000Z,178182508583.0,23884200,16.94,16.84,15.68 - 22.09790212,15.68,22.09790212,7.374335743531667,2.2958377
PETR4,PETR4,Petroleo Brasileiro SA Pfd,BRL,42.7,42.89,41.0,41 - 42.89,1.25,3.02,2026-08-27T21:30:30.000Z,561973749995.0,43197800,42.84,41.45,29.31 - 50.69,29.31,50.69,4.126281611472416,10.3482633
VALE3,VALE3,Vale S.A.,BRL,79.11,79.3,77.88,77.88 - 79.3,0.66,0.84,2026-08-27T21:30:30.000Z,327052637120.0,11544100,79.22,78.07,54.81 - 91.62,54.81,91.62,32.66173981255935,2.4326809
BBAS3,BBAS3,Banco do Brasil S.A.,BRL,19.97,20.14,19.32,19.32 - 20.14,0.45,2.31,2026-08-27T21:30:30.000Z,111631298868.0,26323500,20.04,19.39,17.79 - 27.81,17.79,27.81,9.289668325812904,2.1496732
BBDC4,BBDC4,Banco Bradesco SA Pfd,BRL,16.93,17.04,16.8,16.8 - 17.04,-0.06,-0.35,2026-08-27T21:30:30.000Z,178182508583.0,23903200,16.94,16.84,15.68 - 22.09790212,15.68,22.09790212,7.374335743531667,2.2958377
PETR4,PETR4,Petroleo Brasileiro SA Pfd,BRL,43.18,43.31,42.62,42.62 - 43.31,0.48,1.12,2026-08-28T17:15:30.000Z,578883123320.0,28101100,43.17,42.72,29.31 - 50.69,29.31,50.69,4.172666041765314,10.3482633
VALE3,VALE3,Vale S.A.,BRL,78.07,79.48,77.95,77.95 - 79.48,-1.04,-1.31,2026-08-28T17:15:30.000Z,329804146956.0,6968200,78.08,79.19,54.81 - 91.62,54.81,91.62,32.232360348457945,2.4326809
BBAS3,BBAS3,Banco do Brasil S.A.,BRL,20.09,20.39,19.88,19.88 - 20.39,0.12,0.6,2026-08-28T17:15:30.000Z,114204759706.0,12716100,20.08,20.09,17.79 - 27.81,17.79,27.81,9.345490068381634,2.1496732
BBDC4,BBDC4,Banco Bradesco SA Pfd,BRL,17.01,17.15,16.87,16.87 - 17.15,0.08,0.47,2026-08-28T17:15:30.000Z,178071385256.0,16660800,16.99,17.01,15.68 - 22.09790212,15.68,22.09790212,7.409181984493424,2.2958377
PETR4,PETR4,Petroleo Brasileiro SA Pfd,BRL,43.55,43.6,42.62,42.62 - 43.6,0.85,1.99,2026-08-28T21:13:30.000Z,578883123320.0,46064700,43.53,42.72,29.31 - 50.69,29.31,50.69,4.208420706782756,10.3482633
VALE3,VALE3,Vale S.A.,BRL,78.58,79.48,77.76,77.76 - 79.48,-0.53,-0.67,2026-08-28T21:13:30.000Z,329804146956.0,13022200,78.39,79.19,54.81 - 91.62,54.81,91.62,32.442921431815364,2.4326809
BBAS3,BBAS3,Banco do Brasil S.A.,BRL,20.17,20.39,19.88,19.88 - 20.39,0.2,1.0,2026-08-28T21:13:30.000Z,114204759706.0,21595800,20.21,20.09,17.79 - 27.81,17.79,27.81,9.382704563427454,2.1496732
BBDC4,BBDC4,Banco Bradesco SA Pfd,BRL,17.08,17.15,16.87,16.87 - 17.15,0.15,0.89,2026-08-28T21:13:30.000Z,178071385256.0,30886100,17.03,17.01,15.68 - 22.09790212,15.68,22.09790212,7.439672445334959,2.2958377
PETR4,PETR4,Petroleo Brasileiro SA Pfd,BRL,43.55,43.6,42.62,42.62 - 43.6,0.85,1.99,2026-08-28T21:31:30.000Z,578883123320.0,46064700,43.53,42.72,29.31 - 50.69,29.31,50.69,4.208420706782756,10.3482633
VALE3,VALE3,Vale S.A.,BRL,78.58,79.48,77.76,77.76 - 79.48,-0.53,-0.67,2026-08-28T21:31:30.000Z,329804146956.0,13022200,78.39,79.19,54.81 - 91.62,54.81,91.62,32.442921431815364,2.4326809
BBAS3,BBAS3,Banco do Brasil S.A.,BRL,20.17,20.39,19.88,19.88 - 20.39,0.2,1.0,2026-08-28T21:31:30.000Z,114204759706.0,21595800,20.21,20.09,17.79 - 27.81,17.79,27.81,9.382704563427454,2.1496732
BBDC4,BBDC4,Banco Bradesco SA Pfd,BRL,17.08,17.15,16.87,16.87 - 17.15,0.15,0.89,2026-08-28T21:31:30.000Z,178071385256.0,30886100,17.03,17.01,15.68 - 22.09790212,15.68,22.09790212,7.439672445334959,2.2958377
PETR4,PETR4,Petroleo Brasileiro SA Pfd,BRL,44.62,44.62,44.62,44.62 - 44.62,1.07,2.46,2026-08-31T13:23:30.000Z,590393380664.0,100,44.62,44.62,29.31 - 50.69,29.31,50.69,4.311819332644009,10.3482633
VALE3,VALE3,Vale S.A.,BRL,79.34,79.36,79.0,79 - 79.36,0.76,0.97,2026-08-31T13:23:30.000Z,327594618528.0,156800,79.35,79.21,55.04 - 91.62,55.04,91.62,32.75669873250485,2.4326809
BBAS3,BBAS3,Banco do Brasil S.A.,BRL,20.47,20.48,20.35,20.35 - 20.48,0.3,1.49,2026-08-31T13:23:30.000Z,115348527350.0,340200,20.47,20.41,17.79 - 27.81,17.79,27.81,9.52225891984928,2.1496732
BBDC4,BBDC4,Banco Bradesco SA Pfd,BRL,17.31,17.33,17.25,17.25 - 17.33,0.23,1.35,2026-08-31T13:23:30.000Z,179355373502.0,419200,17.28,17.29,15.68 - 22.09790212,15.68,22.09790212,7.539855388100008,2.2958377
PETR4,PETR4,Petroleo Brasileiro SA Pfd,BRL,44.75,44.93,44.51,44.51 - 44.93,1.2,2.76,2026-08-31T13:42:30.000Z,590393380664.0,4427100,44.75,44.62,29.31 - 50.69,29.31,50.69,4.324381782515003,10.3482633
VALE3,VALE3,Vale S.A.,BRL,79.17,79.62,79.0,79 - 79.62,0.59,0.75,2026-08-31T13:43:30.000Z,327594618528.0,696400,79.2,79.21,55.04 - 91.62,55.04,91.62,32.686511704719045,2.4326809
BBAS3,BBAS3,Banco do Brasil S.A.,BRL,20.56,20.64,20.35,20.35 - 20.64,0.39,1.93,2026-08-31T13:43:18.000Z,115348527350.0,1490500,20.56,20.41,17.79 - 27.81,17.79,27.81,9.564125226775827,2.1496732
BBDC4,BBDC4,Banco Bradesco SA Pfd,BRL,17.27,17.38,17.25,17.25 - 17.38,0.19,1.11,2026-08-31T13:42:30.000Z,179355373502.0,1568400,17.27,17.29,15.68 - 22.09790212,15.68,22.09790212,7.522432267619131,2.2958377
PETR4,PETR4,Petroleo Brasileiro SA Pfd,BRL,44.98,45.34,44.51,44.51 - 45.34,1.43,3.28,2026-08-31T14:24:30.000Z,590393380664.0,12052300,44.98,44.62,29.31 - 50.69,29.31,50.69,4.346607655363683,10.3482633
VALE3,VALE3,Vale S.A.,BRL,78.8,79.7,78.72,78.72 - 79.7,0.22,0.28,2026-08-31T14:24:30.000Z,327594618528.0,3094600,78.8,79.21,55.04 - 91.62,55.04,91.62,32.53375170306759,2.4326809
BBAS3,BBAS3,Banco do Brasil S.A.,BRL,20.58,20.66,20.35,20.35 - 20.66,0.41,2.03,2026-08-31T14:24:30.000Z,115348527350.0,5435700,20.59,20.41,17.79 - 27.81,17.79,27.81,9.573428850537285,2.1496732
BBDC4,BBDC4,Banco Bradesco SA Pfd,BRL,17.2,17.38,17.17,17.17 - 17.38,0.12,0.7,2026-08-31T14:24:30.000Z,179355373502.0,3573800,17.2,17.29,15.68 - 22.09790212,15.68,22.09790212,7.491941806777594,2.2958377
PETR4,PETR4,Petroleo Brasileiro SA Pfd,BRL,44.79,45.34,44.51,44.51 - 45.34,1.24,2.85,2026-08-31T14:43:30.000Z,590393380664.0,13990000,44.79,44.62,29.31 - 50.69,29.31,50.69,4.328247151706077,10.3482633
VALE3,VALE3,Vale S.A.,BRL,78.74,79.7,78.64,78.64 - 79.7,0.16,0.2,2026-08-31T14:43:30.000Z,327594618528.0,3522000,78.74,79.21,55.04 - 91.62,55.04,91.62,32.50897981090789,2.4326809
BBAS3,BBAS3,Banco do Brasil S.A.,BRL,20.59,20.66,20.35,20.35 - 20.66,0.42,2.08,2026-08-31T14:44:30.000Z,115348527350.0,7358200,20.6,20.41,17.79 - 27.81,17.79,27.81,9.57808066241801,2.1496732
BBDC4,BBDC4,Banco Bradesco SA Pfd,BRL,17.17,17.38,17.13,17.13 - 17.38,0.09,0.53,2026-08-31T14:44:30.000Z,179355373502.0,4273700,17.17,17.29,15.68 - 22.09790212,15.68,22.09790212,7.478874466416936,2.2958377
PETR4,PETR4,Petroleo Brasileiro SA Pfd,BRL,44.52,45.34,44.46,44.46 - 45.34,0.97,2.23,2026-08-31T15:21:30.000Z,590393380664.0,16745400,44.53,44.62,29.31 - 50.69,29.31,50.69,4.302155909666323,10.3482633
VALE3,VALE3,Vale S.A.,BRL,78.43,79.7,78.36,78.36 - 79.7,-0.15,-0.19,2026-08-31T15:21:30.000Z,327594618528.0,4469000,78.44,79.21,55.04 - 91.62,55.04,91.62,32.38099170141613,2.4326809
BBAS3,BBAS3,Banco do Brasil S.A.,BRL,20.59,20.66,20.35,20.35 - 20.66,0.42,2.08,2026-08-31T15:22:30.000Z,115348527350.0,9309100,20.59,20.41,17.79 - 27.81,17.79,27.81,9.57808066241801,2.1496732
BBDC4,BBDC4,Banco Bradesco SA Pfd,BRL,17.18,17.38,17.13,17.13 - 17.38,0.1,0.59,2026-08-31T15:21:30.000Z,179355373502.0,6045100,17.17,17.29,15.68 - 22.09790212,15.68,22.09790212,7.483230246537155,2.2958377
PETR4,PETR4,Petroleo Brasileiro SA Pfd,BRL,44.45,45.34,44.33,44.33 - 45.34,0.9,2.07,2026-08-31T15:42:30.000Z,590393380664.0,18029600,44.43,44.62,29.31 - 50.69,29.31,50.69,4.295391513581941,10.3482633
VALE3,VALE3,Vale S.A.,BRL,78.78,79.7,78.36,78.36 - 79.7,0.2,0.25,2026-08-31T15:42:30.000Z,327594618528.0,4939500,78.75,79.21,55.04 - 91.62,55.04,91.62,32.52549440568102,2.4326809
BBAS3,BBAS3,Banco do Brasil S.A.,BRL,20.71,20.71,20.35,20.35 - 20.71,0.54,2.68,2026-08-31T15:42:30.000Z,115348527350.0,10851900,20.71,20.41,17.79 - 27.81,17.79,27.81,9.633902404986742,2.1496732
BBDC4,BBDC4,Banco Bradesco SA Pfd,BRL,17.23,17.38,17.13,17.13 - 17.38,0.15,0.88,2026-08-31T15:42:30.000Z,179355373502.0,7371200,17.22,17.29,15.68 - 22.09790212,15.68,22.09790212,7.505009147138253,2.2958377
PETR4,PETR4,Petroleo Brasileiro SA Pfd,BRL,44.46,45.34,44.33,44.33 - 45.34,0.91,2.09,2026-08-31T16:23:30.000Z,590393380664.0,19924300,44.42,44.62,29.31 - 50.69,29.31,50.69,4.29635785587971,10.3482633
VALE3,VALE3,Vale S.A.,BRL,78.62,79.7,78.36,78.36 - 79.7,0.04,0.05,2026-08-31T16:23:30.000Z,327594618528.0,5701800,78.6,79.21,55.04 - 91.62,55.04,91.62,32.4594360265885,2.4326809
BBAS3,BBAS3,Banco do Brasil S.A.,BRL,20.77,20.8,20.35,20.35 - 20.8,0.6,2.97,2026-08-31T16:23:30.000Z,115348527350.0,12864000,20.77,20.41,17.79 - 27.81,17.79,27.81,9.661813276271106,2.1496732
BBDC4,BBDC4,Banco Bradesco SA Pfd,BRL,17.24,17.38,17.13,17.13 - 17.38,0.16,0.94,2026-08-31T16:23:30.000Z,179355373502.0,8510900,17.22,17.29,15.68 - 22.09790212,15.68,22.09790212,7.509364927258471,2.2958377
PETR4,PETR4,Petroleo Brasileiro SA Pfd,BRL,44.43,45.34,44.33,44.33 - 45.34,0.88,2.02,2026-08-31T16:42:30.000Z,590393380664.0,20692500,44.42,44.62,29.31 - 50.69,29.31,50.69,4.293458828986403,10.3482633
VALE3,VALE3,Vale S.A.,BRL,78.49,79.7,78.36,78.36 - 79.7,-0.09,-0.11,2026-08-31T16:42:30.000Z,327594618528.0,5983300,78.46,79.21,55.04 - 91.62,55.04,91.62,32.40576359357582,2.4326809
BBAS3,BBAS3,Banco do Brasil S.A.,BRL,20.82,20.84,20.35,20.35 - 20.84,0.65,3.22,2026-08-31T16:42:30.000Z,115348527350.0,13690900,20.83,20.41,17.79 - 27.81,17.79,27.81,9.685072335674745,2.1496732
BBDC4,BBDC4,Banco Bradesco SA Pfd,BRL,17.25,17.38,17.13,17.13 - 17.38,0.17,1.0,2026-08-31T16:42:30.000Z,179355373502.0,9164200,17.26,17.29,15.68 - 22.09790212,15.68,22.09790212,7.513720707378692,2.2958377
PETR4,PETR4,Petroleo Brasileiro SA Pfd,BRL,44.6,45.34,44.33,44.33 - 45.34,1.05,2.41,2026-08-31T17:18:30.000Z,590393380664.0,21967700,44.57,44.62,29.31 - 50.69,29.31,50.69,4.309886648048471,10.3482633
VALE3,VALE3,Vale S.A.,BRL,78.47,79.7,78.36,78.36 - 79.7,-0.11,-0.14,2026-08-31T17:19:30.000Z,327594618528.0,6479500,78.47,79.21,55.04 - 91.62,55.04,91.62,32.397506296189256,2.4326809
BBAS3,BBAS3,Banco do Brasil S.A.,BRL,20.97,21.01,20.35,20.35 - 21.01,0.8,3.97,2026-08-31T17:18:30.000Z,115348527350.0,15980900,20.96,20.41,17.79 - 27.81,17.79,27.81,9.754849513885658,2.1496732
BBDC4,BBDC4,Banco Bradesco SA Pfd,BRL,17.26,17.38,17.13,17.13 - 17.38,0.18,1.05,2026-08-31T17:19:30.000Z,179355373502.0,10278300,17.26,17.29,15.68 - 22.09790212,15.68,22.09790212,7.518076487498912,2.2958377
PETR4,PETR4,Petroleo Brasileiro SA Pfd,BRL,44.62,45.34,44.33,44.33 - 45.34,1.07,2.46,2026-08-31T17:42:30.000Z,590393380664.0,22968700,44.62,44.62,29.31 - 50.69,29.31,50.69,4.311819332644009,10.3482633
VALE3,VALE3,Vale S.A.,BRL,78.34,79.7,78.31,78.31 - 79.7,-0.24,-0.31,2026-08-31T17:42:30.000Z,327594618528.0,7049400,78.34,79.21,55.04 - 91.62,55.04,91.62,32.343833863176584,2.4326809
BBAS3,BBAS3,Banco do Brasil S.A.,BRL,20.77,21.01,20.35,20.35 - 21.01,0.6,2.97,2026-08-31T17:42:30.000Z,115348527350.0,21991900,20.77,20.41,17.79 - 27.81,17.79,27.81,9.661813276271106,2.1496732
BBDC4,BBDC4,Banco Bradesco SA Pfd,BRL,17.23,17.38,17.13,17.13 - 17.38,0.15,0.88,2026-08-31T17:42:30.000Z,179355373502.0,11274600,17.23,17.29,15.68 - 22.09790212,15.68,22.09790212,7.505009147138253,2.2958377
PETR4,PETR4,Petroleo Brasileiro SA Pfd,BRL,44.81,45.34,44.33,44.33 - 45.34,1.26,2.89,2026-08-31T18:26:30.000Z,590393380664.0,26603100,44.82,44.62,29.31 - 50.69,29.31,50.69,4.330179836301615,10.3482633
VALE3,VALE3,Vale S.A.,BRL,78.34,79.7,78.25,78.25 - 79.7,-0.24,-0.31,2026-08-31T18:26:30.000Z,327594618528.0,8908400,78.34,79.21,55.04 - 91.62,55.04,91.62,32.343833863176584,2.4326809
BBAS3,BBAS3,Banco do Brasil S.A.,BRL,20.87,21.01,20.35,20.35 - 21.01,0.7,3.47,2026-08-31T18:26:30.000Z,115348527350.0,29912300,20.86,20.41,17.79 - 27.81,17.79,27.81,9.708331395078384,2.1496732
BBDC4,BBDC4,Banco Bradesco SA Pfd,BRL,17.2,17.38,17.13,17.13 - 17.38,0.12,0.7,2026-08-31T18:26:30.000Z,179355373502.0,12671500,17.21,17.29,15.68 - 22.09790212,15.68,22.09790212,7.491941806777594,2.2958377
PETR4,PETR4,Petroleo Brasileiro SA Pfd,BRL,44.87,45.34,44.33,44.33 - 45.34,1.32,3.03,2026-08-31T18:45:30.000Z,590393380664.0,27332600,44.86,44.62,29.31 - 50.69,29.31,50.69,4.335977890088227,10.3482633
VALE3,VALE3,Vale S.A.,BRL,78.23,79.7,78.17,78.17 - 79.7,-0.35,-0.45,2026-08-31T18:45:30.000Z,327594618528.0,9296300,78.22,79.21,55.04 - 91.62,55.04,91.62,32.29841872755048,2.4326809
BBAS3,BBAS3,Banco do Brasil S.A.,BRL,20.91,21.01,20.35,20.35 - 21.01,0.74,3.67,2026-08-31T18:44:30.000Z,115348527350.0,30690100,20.95,20.41,17.79 - 27.81,17.79,27.81,9.726938642601292,2.1496732
BBDC4,BBDC4,Banco Bradesco SA Pfd,BRL,17.16,17.38,17.13,17.13 - 17.38,0.08,0.47,2026-08-31T18:44:30.000Z,179355373502.0,14125500,17.17,17.29,15.68 - 22.09790212,15.68,22.09790212,7.474518686296716,2.2958377
PETR4,PETR4,Petroleo Brasileiro SA Pfd,BRL,44.78,45.34,44.33,44.33 - 45.34,1.23,2.82,2026-08-31T19:16:30.000Z,590393380664.0,28848600,44.78,44.62,29.31 - 50.69,29.31,50.69,4.327280809408308,10.3482633
VALE3,VALE3,Vale S.A.,BRL,78.33,79.7,78.17,78.17 - 79.7,-0.25,-0.32,2026-08-31T19:16:30.000Z,327594618528.0,9823900,78.33,79.21,55.04 - 91.62,55.04,91.62,32.3397052144833,2.4326809
BBAS3,BBAS3,Banco do Brasil S.A.,BRL,20.77,21.01,20.35,20.35 - 21.01,0.6,2.97,2026-08-31T19:16:30.000Z,115348527350.0,32701000,20.77,20.41,17.79 - 27.81,17.79,27.81,9.661813276271106,2.1496732
BBDC4,BBDC4,Banco Bradesco SA Pfd,BRL,17.18,17.38,17.13,17.13 - 17.38,0.1,0.59,2026-08-31T19:16:30.000Z,179355373502.0,15309500,17.18,17.29,15.68 - 22.09790212,15.68,22.09790212,7.483230246537155,2.2958377
PETR4,PETR4,Petroleo Brasileiro SA Pfd,BRL,44.91,45.34,44.33,44.33 - 45.34,1.36,3.12,2026-08-31T19:42:30.000Z,590393380664.0,30746700,44.92,44.62,29.31 - 50.69,29.31,50.69,4.339843259279301,10.3482633
VALE3,VALE3,Vale S.A.,BRL,78.37,79.7,78.17,78.17 - 79.7,-0.21,-0.27,2026-08-31T19:42:30.000Z,327594618528.0,10404400,78.35,79.21,55.04 - 91.62,55.04,91.62,32.35621980925643,2.4326809
BBAS3,BBAS3,Banco do Brasil S.A.,BRL,20.88,21.01,20.35,20.35 - 21.01,0.71,3.52,2026-08-31T19:43:30.000Z,115348527350.0,34960200,20.88,20.41,17.79 - 27.81,17.79,27.81,9.712983206959109,2.1496732
BBDC4,BBDC4,Banco Bradesco SA Pfd,BRL,17.24,17.38,17.13,17.13 - 17.38,0.16,0.94,2026-08-31T19:43:30.000Z,179355373502.0,18329100,17.25,17.29,15.68 - 22.09790212,15.68,22.09790212,7.509364927258471,2.2958377
PETR4,PETR4,Petroleo Brasileiro SA Pfd,BRL,44.89,45.34,44.33,44.33 - 45.34,1.34,3.08,2026-08-31T20:21:30.000Z,590393380664.0,33905200,44.89,44.62,29.31 - 50.69,29.31,50.69,4.3379105746837645,10.3482633
VALE3,VALE3,Vale S.A.,BRL,78.27,79.7,78.17,78.17 - 79.7,-0.31,-0.39,2026-08-31T20:21:30.000Z,327594618528.0,11155800,78.27,79.21,55.04 - 91.62,55.04,91.62,32.314933322323604,2.4326809
BBAS3,BBAS3,Banco do Brasil S.A.,BRL,20.82,21.01,20.35,20.35 - 21.01,0.65,3.22,2026-08-31T20:21:30.000Z,115348527350.0,38443300,20.82,20.41,17.79 - 27.81,17.79,27.81,9.685072335674745,2.1496732
BBDC4,BBDC4,Banco Bradesco SA Pfd,BRL,17.18,17.38,17.13,17.13 - 17.38,0.1,0.59,2026-08-31T20:20:30.000Z,179355373502.0,21547900,17.18,17.29,15.68 - 22.09790212,15.68,22.09790212,7.483230246537155,2.2958377
PETR4,PETR4,Petroleo Brasileiro SA Pfd,BRL,45.02,45.34,44.33,44.33 - 45.34,1.47,3.38,2026-08-31T20:42:30.000Z,590393380664.0,68344500,44.89,44.62,29.31 - 50.69,29.31,50.69,4.350473024554758,10.3482633
VALE3,VALE3,Vale S.A.,BRL,77.85,79.7,77.85,77.85 - 79.7,-0.73,-0.93,2026-08-31T20:42:30.000Z,327594618528.0,27931200,78.27,79.21,55.04 - 91.62,55.04,91.62,32.14153007720573,2.4326809
BBAS3,BBAS3,Banco do Brasil S.A.,BRL,20.74,21.01,20.35,20.35 - 21.01,0.57,2.83,2026-08-31T20:42:30.000Z,115348527350.0,44963600,20.82,20.41,17.79 - 27.81,17.79,27.81,9.647857840628925,2.1496732
BBDC4,BBDC4,Banco Bradesco SA Pfd,BRL,17.19,17.38,17.13,17.13 - 17.38,0.11,0.64,2026-08-31T20:41:30.000Z,179355373502.0,40262200,17.18,17.29,15.68 - 22.09790212,15.68,22.09790212,7.487586026657375,2.2958377
PETR4,PETR4,Petroleo Brasileiro SA Pfd,BRL,45.82,45.9,45.5,45.5 - 45.9,0.8,1.78,2026-09-01T13:22:30.000Z,613383018146.0,1205100,45.86,45.5,29.31 - 50.69,29.31,50.69,4.427780408376255,10.3482633
VALE3,VALE3,Vale S.A.,BRL,77.76,77.99,77.45,77.45 - 77.99,-0.09,-0.12,2026-09-01T13:21:30.000Z,324551284783.0,379000,77.65,77.87,55.24 - 91.62,55.24,91.62,32.10437223896619,2.4326809
BBAS3,BBAS3,Banco do Brasil S.A.,BRL,20.74,21.01,20.35,20.35 - 21.01,0.57,2.83,2026-09-01T13:21:30.000Z,118608250957.0,45063300,20.82,20.41,17.79 - 27.81,17.79,27.81,9.647857840628925,2.1496732
BBDC4,BBDC4,Banco Bradesco SA Pfd,BRL,17.2,17.35,17.18,17.18 - 17.35,0.01,0.06,2026-09-01T13:22:30.000Z,180695714451.0,354000,17.21,17.34,15.68 - 22.09790212,15.68,22.09790212,7.491941806777594,2.2958377
PETR4,PETR4,Petroleo Brasileiro SA Pfd,BRL,45.73,45.9,45.5,45.5 - 45.9,0.71,1.58,2026-09-01T13:42:30.000Z,613383018146.0,2755400,45.73,45.5,29.31 - 50.69,29.31,50.69,4.419083327696336,10.3482633
VALE3,VALE3,Vale S.A.,BRL,77.58,77.99,77.4,77.4 - 77.99,-0.27,-0.35,2026-09-01T13:43:30.000Z,324551284783.0,1041600,77.57,77.87,55.24 - 91.62,55.24,91.62,32.0300565624871,2.4326809
BBAS3,BBAS3,Banco do Brasil S.A.,BRL,20.89,20.99,20.83,20.83 - 20.99,0.15,0.72,2026-09-01T13:42:30.000Z,118608250957.0,1477700,20.89,20.9,17.79 - 27.81,17.79,27.81,9.717635018839838,2.1496732
BBDC4,BBDC4,Banco Bradesco SA Pfd,BRL,17.11,17.35,17.06,17.06 - 17.35,-0.08,-0.47,2026-09-01T13:42:30.000Z,180695714451.0,1681000,17.1,17.34,15.68 - 22.09790212,15.68,22.09790212,7.452739785695618,2.2958377
PETR4,PETR4,Petroleo Brasileiro SA Pfd,BRL,46.23,46.32,45.5,45.5 - 46.32,1.21,2.69,2026-09-01T14:23:30.000Z,613383018146.0,11073600,46.22,45.5,29.31 - 50.69,29.31,50.69,4.467400442584772,10.3482633
VALE3,VALE3,Vale S.A.,BRL,78.22,78.36,77.35,77.35 - 78.36,0.37,0.48,2026-09-01T14:22:30.000Z,324551284783.0,3214500,78.19,77.87,55.24 - 91.62,55.24,91.62,32.29429007885719,2.4326809
BBAS3,BBAS3,Banco do Brasil S.A.,BRL,21.37,21.39,20.83,20.83 - 21.39,0.63,3.04,2026-09-01T14:22:30.000Z,118608250957.0,4903700,21.38,20.9,17.79 - 27.81,17.79,27.81,9.94092198911476,2.1496732
BBDC4,BBDC4,Banco Bradesco SA Pfd,BRL,17.49,17.54,17.06,17.06 - 17.54,0.3,1.75,2026-09-01T14:23:30.000Z,180695714451.0,7223900,17.49,17.34,15.68 - 22.09790212,15.68,22.09790212,7.61825943026396,2.2958377
PETR4,PETR4,Petroleo Brasileiro SA Pfd,BRL,46.48,46.5,45.5,45.5 - 46.5,1.46,3.24,2026-09-01T14:47:30.000Z,613383018146.0,15426300,46.47,45.5,29.31 - 50.69,29.31,50.69,4.49155900002899,10.3482633
VALE3,VALE3,Vale S.A.,BRL,78.63,78.97,77.35,77.35 - 78.97,0.78,1.0,2026-09-01T14:47:30.000Z,324551284783.0,4393200,78.62,77.87,55.24 - 91.62,55.24,91.62,32.46356467528178,2.4326809
BBAS3,BBAS3,Banco do Brasil S.A.,BRL,21.36,21.4,20.83,20.83 - 21.4,0.62,2.99,2026-09-01T14:47:30.000Z,118608250957.0,6611100,21.36,20.9,17.79 - 27.81,17.79,27.81,9.936270177234032,2.1496732
BBDC4,BBDC4,Banco Bradesco SA Pfd,BRL,17.4,17.54,17.06,17.06 - 17.54,0.21,1.22,2026-09-01T14:46:30.000Z,180695714451.0,11045000,17.4,17.34,15.68 - 22.09790212,15.68,22.09790212,7.579057409181984,2.2958377
PETR4,PETR4,Petroleo Brasileiro SA Pfd,BRL,46.36,46.5,45.5,45.5 - 46.5,1.34,2.98,2026-09-01T15:36:30.000Z,613383018146.0,21999900,46.36,45.5,29.31 - 50.69,29.31,50.69,4.479962892455766,10.3482633
VALE3,VALE3,Vale S.A.,BRL,78.24,78.97,77.35,77.35 - 78.97,0.39,0.5,2026-09-01T15:36:30.000Z,324551284783.0,6342300,78.25,77.87,55.24 - 91.62,55.24,91.62,32.30254737624375,2.4326809
BBAS3,BBAS3,Banco do Brasil S.A.,BRL,21.3,21.43,20.83,20.83 - 21.43,0.56,2.7,2026-09-01T15:35:30.000Z,118608250957.0,9547400,21.29,20.9,17.79 - 27.81,17.79,27.81,9.908359305949666,2.1496732
BBDC4,BBDC4,Banco Bradesco SA Pfd,BRL,17.36,17.54,17.06,17.06 - 17.54,0.17,0.99,2026-09-01T15:36:30.000Z,180695714451.0,14957600,17.36,17.34,15.68 - 22.09790212,15.68,22.09790212,7.561634288701106,2.2958377
PETR4,PETR4,Petroleo Brasileiro SA Pfd,BRL,46.16,46.5,45.5,45.5 - 46.5,1.14,2.53,2026-09-01T16:01:30.000Z,613383018146.0,23932200,46.17,45.5,29.31 - 50.69,29.31,50.69,4.460636046500391,10.3482633
VALE3,VALE3,Vale S.A.,BRL,78.38,78.97,77.35,77.35 - 78.97,0.53,0.68,2026-09-01T16:02:30.000Z,324551284783.0,7183800,78.37,77.87,55.24 - 91.62,55.24,91.62,32.36034845794971,2.4326809
BBAS3,BBAS3,Banco do Brasil S.A.,BRL,21.27,21.43,20.83,20.83 - 21.43,0.53,2.56,2026-09-01T16:01:30.000Z,118608250957.0,10416500,21.27,20.9,17.79 - 27.81,17.79,27.81,9.894403870307483,2.1496732
BBDC4,BBDC4,Banco Bradesco SA Pfd,BRL,17.34,17.54,17.06,17.06 - 17.54,0.15,0.87,2026-09-01T16:01:30.000Z,180695714451.0,15757300,17.34,17.34,15.68 - 22.09790212,15.68,22.09790212,7.5529227284606675,2.2958377
PETR4,PETR4,Petroleo Brasileiro SA Pfd,BRL,46.64,46.67,45.5,45.5 - 46.67,1.62,3.6,2026-09-01T16:41:30.000Z,613383018146.0,28355100,46.64,45.5,29.31 - 50.69,29.31,50.69,4.50702047679329,10.3482633
VALE3,VALE3,Vale S.A.,BRL,78.48,78.97,77.35,77.35 - 78.97,0.63,0.81,2026-09-01T16:40:30.000Z,324551284783.0,8322400,78.47,77.87,55.24 - 91.62,55.24,91.62,32.401634944882545,2.4326809
BBAS3,BBAS3,Banco do Brasil S.A.,BRL,21.28,21.43,20.83,20.83 - 21.43,0.54,2.6,2026-09-01T16:40:30.000Z,118608250957.0,12003000,21.27,20.9,17.79 - 27.81,17.79,27.81,9.899055682188212,2.1496732
BBDC4,BBDC4,Banco Bradesco SA Pfd,BRL,17.32,17.54,17.06,17.06 - 17.54,0.13,0.76,2026-09-01T16:40:30.000Z,180695714451.0,18484200,17.31,17.34,15.68 - 22.09790212,15.68,22.09790212,7.544211168220229,2.2958377
PETR4,PETR4,Petroleo Brasileiro SA Pfd,BRL,46.47,46.67,45.5,45.5 - 46.67,1.45,3.22,2026-09-01T16:52:30.000Z,613383018146.0,29931600,46.49,45.5,29.31 - 50.69,29.31,50.69,4.490592657731222,10.3482633
VALE3,VALE3,Vale S.A.,BRL,78.35,78.97,77.35,77.35 - 78.97,0.5,0.64,2026-09-01T16:52:30.000Z,324551284783.0,8610800,78.35,77.87,55.24 - 91.62,55.24,91.62,32.347962511869866,2.4326809
BBAS3,BBAS3,Banco do Brasil S.A.,BRL,21.21,21.43,20.83,20.83 - 21.43,0.47,2.27,2026-09-01T16:52:30.000Z,118608250957.0,12713100,21.22,20.9,17.79 - 27.81,17.79,27.81,9.86649299902312,2.1496732
BBDC4,BBDC4,Banco Bradesco SA Pfd,BRL,17.32,17.54,17.06,17.06 - 17.54,0.13,0.76,2026-09-01T16:53:30.000Z,180695714451.0,19256600,17.32,17.34,15.68 - 22.09790212,15.68,22.09790212,7.544211168220229,2.2958377
PETR4,PETR4,Petroleo Brasileiro SA Pfd,BRL,46.69,46.74,45.5,45.5 - 46.74,1.67,3.71,2026-09-01T17:19:30.000Z,613383018146.0,32399900,46.69,45.5,29.31 - 50.69,29.31,50.69,4.511852188282133,10.3482633
VALE3,VALE3,Vale S.A.,BRL,78.67,78.97,77.35,77.35 - 78.97,0.82,1.05,2026-09-01T17:19:30.000Z,324551284783.0,9176400,78.63,77.87,55.24 - 91.62,55.24,91.62,32.480079270054915,2.4326809
BBAS3,BBAS3,Banco do Brasil S.A.,BRL,21.33,21.43,20.83,20.83 - 21.43,0.59,2.84,2026-09-01T17:19:30.000Z,118608250957.0,13864600,21.32,20.9,17.79 - 27.81,17.79,27.81,9.92231474159185,2.1496732
BBDC4,BBDC4,Banco Bradesco SA Pfd,BRL,17.29,17.54,17.06,17.06 - 17.54,0.1,0.58,2026-09-01T17:19:30.000Z,180695714451.0,23824000,17.3,17.34,15.68 - 22.09790212,15.68,22.09790212,7.5311438278595695,2.2958377
PETR4,PETR4,Petroleo Brasileiro SA Pfd,BRL,46.73,46.78,45.5,45.5 - 46.78,1.71,3.8,2026-09-01T17:41:30.000Z,613383018146.0,33773000,46.73,45.5,29.31 - 50.69,29.31,50.69,4.515717557473208,10.3482633
VALE3,VALE3,Vale S.A.,BRL,78.49,78.97,77.35,77.35 - 78.97,0.64,0.82,2026-09-01T17:42:30.000Z,324551284783.0,9681800,78.48,77.87,55.24 - 91.62,55.24,91.62,32.40576359357582,2.4326809
BBAS3,BBAS3,Banco do Brasil S.A.,BRL,21.35,21.43,20.83,20.83 - 21.43,0.61,2.94,2026-09-01T17:42:30.000Z,118608250957.0,15561200,21.35,20.9,17.79 - 27.81,17.79,27.81,9.931618365353303,2.1496732
BBDC4,BBDC4,Banco Bradesco SA Pfd,BRL,17.34,17.54,17.06,17.06 - 17.54,0.15,0.87,2026-09-01T17:41:30.000Z,180695714451.0,26434600,17.34,17.34,15.68 - 22.09790212,15.68,22.09790212,7.5529227284606675,2.2958377
PETR4,PETR4,Petroleo Brasileiro SA Pfd,BRL,46.8,46.94,45.5,45.5 - 46.94,1.78,3.95,2026-09-01T18:27:30.000Z,613383018146.0,37280400,46.8,45.5,29.31 - 50.69,29.31,50.69,4.522481953557589,10.3482633
VALE3,VALE3,Vale S.A.,BRL,78.57,78.97,77.35,77.35 - 78.97,0.72,0.92,2026-09-01T18:27:30.000Z,324551284783.0,10850500,78.57,77.87,55.24 - 91.62,55.24,91.62,32.43879278312208,2.4326809
BBAS3,BBAS3,Banco do Brasil S.A.,BRL,21.36,21.43,20.83,20.83 - 21.43,0.62,2.99,2026-09-01T18:27:30.000Z,118608250957.0,17219700,21.36,20.9,17.79 - 27.81,17.79,27.81,9.936270177234032,2.1496732
BBDC4,BBDC4,Banco Bradesco SA Pfd,BRL,17.42,17.54,17.06,17.06 - 17.54,0.23,1.34,2026-09-01T18:27:30.000Z,180695714451.0,30341700,17.4,17.34,15.68 - 22.09790212,15.68,22.09790212,7.587768969422425,2.2958377
PETR4,PETR4,Petroleo Brasileiro SA Pfd,BRL,46.73,46.94,45.5,45.5 - 46.94,1.71,3.8,2026-09-01T18:45:30.000Z,613383018146.0,38246400,46.73,45.5,29.31 - 50.69,29.31,50.69,4.515717557473208,10.3482633
VALE3,VALE3,Vale S.A.,BRL,78.44,78.97,77.35,77.35 - 78.97,0.59,0.76,2026-09-01T18:45:30.000Z,324551284783.0,11220600,78.46,77.87,55.24 - 91.62,55.24,91.62,32.38512035010941,2.4326809
BBAS3,BBAS3,Banco do Brasil S.A.,BRL,21.36,21.43,20.83,20.83 - 21.43,0.62,2.99,2026-09-01T18:45:30.000Z,118608250957.0,18463700,21.37,20.9,17.79 - 27.81,17.79,27.81,9.936270177234032,2.1496732
BBDC4,BBDC4,Banco Bradesco SA Pfd,BRL,17.43,17.54,17.06,17.06 - 17.54,0.24,1.4,2026-09-01T18:45:30.000Z,180695714451.0,30908300,17.42,17.34,15.68 - 22.09790212,15.68,22.09790212,7.592124749542643,2.2958377
PETR4,PETR4,Petroleo Brasileiro SA Pfd,BRL,46.8,46.94,45.5,45.5 - 46.94,1.78,3.95,2026-09-01T19:18:30.000Z,613383018146.0,41273100,46.8,45.5,29.31 - 50.69,29.31,50.69,4.522481953557589,10.3482633
VALE3,VALE3,Vale S.A.,BRL,78.39,78.97,77.35,77.35 - 78.97,0.54,0.69,2026-09-01T19:17:30.000Z,324551284783.0,12267900,78.37,77.87,55.24 - 91.62,55.24,91.62,32.364477106642994,2.4326809
BBAS3,BBAS3,Banco do Brasil S.A.,BRL,21.31,21.43,20.83,20.83 - 21.43,0.57,2.75,2026-09-01T19:18:30.000Z,118608250957.0,20243500,21.31,20.9,17.79 - 27.81,17.79,27.81,9.913011117830392,2.1496732
BBDC4,BBDC4,Banco Bradesco SA Pfd,BRL,17.44,17.54,17.06,17.06 - 17.54,0.25,1.45,2026-09-01T19:18:30.000Z,180695714451.0,33416800,17.42,17.34,15.68 - 22.09790212,15.68,22.09790212,7.596480529662863,2.2958377
PETR4,PETR4,Petroleo Brasileiro SA Pfd,BRL,46.78,46.94,45.5,45.5 - 46.94,1.76,3.91,2026-09-01T19:42:30.000Z,613383018146.0,43662300,46.77,45.5,29.31 - 50.69,29.31,50.69,4.520549268962052,10.3482633
VALE3,VALE3,Vale S.A.,BRL,78.31,78.97,77.35,77.35 - 78.97,0.46,0.59,2026-09-01T19:42:30.000Z,324551284783.0,12950700,78.29,77.87,55.24 - 91.62,55.24,91.62,32.33144791709674,2.4326809
BBAS3,BBAS3,Banco do Brasil S.A.,BRL,21.29,21.43,20.83,20.83 - 21.43,0.55,2.65,2026-09-01T19:43:30.000Z,118608250957.0,21321200,21.29,20.9,17.79 - 27.81,17.79,27.81,9.90370749406894,2.1496732
BBDC4,BBDC4,Banco Bradesco SA Pfd,BRL,17.4,17.54,17.06,17.06 - 17.54,0.21,1.22,2026-09-01T19:42:30.000Z,180695714451.0,34672600,17.39,17.34,15.68 - 22.09790212,15.68,22.09790212,7.579057409181984,2.2958377
PETR4,PETR4,Petroleo Brasileiro SA Pfd,BRL,46.87,46.94,45.5,45.5 - 46.94,1.85,4.11,2026-09-01T20:21:30.000Z,613383018146.0,46163400,46.85,45.5,29.31 - 50.69,29.31,50.69,4.52924634964197,10.3482633
VALE3,VALE3,Vale S.A.,BRL,78.3,78.97,77.35,77.35 - 78.97,0.45,0.58,2026-09-01T20:21:30.000Z,324551284783.0,14107000,78.01,77.87,55.24 - 91.62,55.24,91.62,32.32731926840345,2.4326809
BBAS3,BBAS3,Banco do Brasil S.A.,BRL,21.27,21.43,20.83,20.83 - 21.43,0.53,2.56,2026-09-01T20:20:30.000Z,118608250957.0,23301400,21.27,20.9,17.79 - 27.81,17.79,27.81,9.894403870307483,2.1496732
BBDC4,BBDC4,Banco Bradesco SA Pfd,BRL,17.36,17.54,17.06,17.06 - 17.54,0.17,0.99,2026-09-01T20:20:30.000Z,180695714451.0,37766300,17.36,17.34,15.68 - 22.09790212,15.68,22.09790212,7.561634288701106,2.2958377
PETR4,PETR4,Petroleo Brasileiro SA Pfd,BRL,46.87,46.94,45.5,45.5 - 46.94,1.85,4.11,2026-09-01T20:42:30.000Z,613383018146.0,49626900,46.85,45.5,29.31 - 50.69,29.31,50.69,4.52924634964197,10.3482633
VALE3,VALE3,Vale S.A.,BRL,78.3,78.97,77.35,77.35 - 78.97,0.45,0.58,2026-09-01T20:42:30.000Z,324551284783.0,15735400,78.01,77.87,55.24 - 91.62,55.24,91.62,32.32731926840345,2.4326809
BBAS3,BBAS3,Banco do Brasil S.A.,BRL,21.21,21.43,20.83,20.83 - 21.43,0.47,2.27,2026-09-01T20:43:30.000Z,118608250957.0,30270400,21.27,20.9,17.79 - 27.81,17.79,27.81,9.86649299902312,2.1496732
BBDC4,BBDC4,Banco Bradesco SA Pfd,BRL,17.4,17.54,17.06,17.06 - 17.54,0.21,1.22,2026-09-01T20:42:30.000Z,180695714451.0,45867900,17.36,17.34,15.68 - 22.09790212,15.68,22.09790212,7.579057409181984,2.2958377
PETR4,PETR4,Petroleo Brasileiro SA Pfd,BRL,46.69,46.82,46.6,46.6 - 46.82,-0.18,-0.38,2026-09-02T13:23:30.000Z,613383018146.0,941800,46.7,46.82,29.31 - 50.69,29.31,50.69,4.511852188282133,10.3482633
VALE3,VALE3,Vale S.A.,BRL,78.68,78.93,78.61,78.61 - 78.93,0.38,0.49,2026-09-02T13:23:30.000Z,324551284783.0,174400,78.7,78.8,55.55 - 91.62,55.55,91.62,32.4842079187482,2.4326809
BBAS3,BBAS3,Banco do Brasil S.A.,BRL,21.26,21.26,21.26,21.26 - 21.26,0.05,0.24,2026-09-02T13:23:30.000Z,118608250957.0,100,21.26,21.26,17.79 - 27.81,17.79,27.81,9.889752058426756,2.1496732
BBDC4,BBDC4,Banco Bradesco SA Pfd,BRL,17.62,17.62,17.62,17.62 - 17.62,0.22,1.26,2026-09-02T13:23:30.000Z,180695714451.0,100,17.62,17.62,15.68 - 22.09790212,15.68,22.09790212,7.674884571826815,2.2958377
PETR4,PETR4,Petroleo Brasileiro SA Pfd,BRL,46.66,46.82,46.56,46.56 - 46.82,-0.21,-0.45,2026-09-02T13:44:30.000Z,613383018146.0,3929500,46.66,46.82,29.31 - 50.69,29.31,50.69,4.508953161388827,10.3482633
VALE3,VALE3,Vale S.A.,BRL,79.56,79.57,78.52,78.52 - 79.57,1.26,1.61,2026-09-02T13:44:30.000Z,324551284783.0,1453500,79.51,78.8,55.55 - 91.62,55.55,91.62,32.847529003757074,2.4326809
BBAS3,BBAS3,Banco do Brasil S.A.,BRL,21.54,21.54,21.1,21.1 - 21.54,0.33,1.56,2026-09-02T13:43:30.000Z,118608250957.0,2534600,21.53,21.26,17.79 - 27.81,17.79,27.81,10.020002791087128,2.1496732
BBDC4,BBDC4,Banco Bradesco SA Pfd,BRL,17.68,17.71,17.48,17.48 - 17.71,0.28,1.61,2026-09-02T13:44:30.000Z,180695714451.0,2325500,17.68,17.62,15.68 - 22.09790212,15.68,22.09790212,7.701019252548131,2.2958377
PETR4,PETR4,Petroleo Brasileiro SA Pfd,BRL,47.05,47.17,46.56,46.56 - 47.17,0.18,0.38,2026-09-02T14:22:30.000Z,613383018146.0,12278500,47.05,46.82,29.31 - 50.69,29.31,50.69,4.546640511001807,10.3482633
VALE3,VALE3,Vale S.A.,BRL,81.69,81.69,78.52,78.52 - 81.69,3.39,4.33,2026-09-02T14:22:30.000Z,324551284783.0,6929200,81.67,78.8,55.55 - 91.62,55.55,91.62,33.72693117542628,2.4326809
BBAS3,BBAS3,Banco do Brasil S.A.,BRL,22.09,22.17,21.1,21.1 - 22.17,0.88,4.15,2026-09-02T14:22:30.000Z,118608250957.0,11446900,22.09,21.26,17.79 - 27.81,17.79,27.81,10.275852444527144,2.1496732
BBDC4,BBDC4,Banco Bradesco SA Pfd,BRL,17.71,17.74,17.48,17.48 - 17.74,0.31,1.78,2026-09-02T14:22:30.000Z,180695714451.0,12975500,17.72,17.62,15.68 - 22.09790212,15.68,22.09790212,7.7140865929087905,2.2958377
PETR4,PETR4,Petroleo Brasileiro SA Pfd,BRL,47.42,47.47,46.56,46.56 - 47.47,0.55,1.17,2026-09-02T14:44:30.000Z,613383018146.0,15392300,47.44,46.82,29.31 - 50.69,29.31,50.69,4.58239517601925,10.3482633
VALE3,VALE3,Vale S.A.,BRL,81.39,81.76,78.52,78.52 - 81.76,3.09,3.95,2026-09-02T14:44:30.000Z,324551284783.0,9711800,81.4,78.8,55.55 - 91.62,55.55,91.62,33.6030717146278,2.4326809
BBAS3,BBAS3,Banco do Brasil S.A.,BRL,22.25,22.25,21.1,21.1 - 22.25,1.04,4.9,2026-09-02T14:44:30.000Z,118608250957.0,15529200,22.25,21.26,17.79 - 27.81,17.79,27.81,10.350281434618784,2.1496732
BBDC4,BBDC4,Banco Bradesco SA Pfd,BRL,17.76,17.77,17.48,17.48 - 17.77,0.36,2.07,2026-09-02T14:44:30.000Z,180695714451.0,17448500,17.77,17.62,15.68 - 22.09790212,15.68,22.09790212,7.735865493509888,2.2958377
PETR4,PETR4,Petroleo Brasileiro SA Pfd,BRL,47.67,47.69,46.56,46.56 - 47.69,0.8,1.71,2026-09-02T15:24:30.000Z,613383018146.0,20166400,47.65,46.82,29.31 - 50.69,29.31,50.69,4.606553733463468,10.3482633
VALE3,VALE3,Vale S.A.,BRL,81.24,81.76,78.52,78.52 - 81.76,2.94,3.75,2026-09-02T15:24:30.000Z,324551284783.0,13904200,81.24,78.8,55.55 - 91.62,55.55,91.62,33.54114198422856,2.4326809
BBAS3,BBAS3,Banco do Brasil S.A.,BRL,22.53,22.59,21.1,21.1 - 22.59,1.32,6.22,2026-09-02T15:24:30.000Z,118608250957.0,23586400,22.53,21.26,17.79 - 27.81,17.79,27.81,10.480532167279154,2.1496732
BBDC4,BBDC4,Banco Bradesco SA Pfd,BRL,17.79,17.8,17.48,17.48 - 17.8,0.39,2.24,2026-09-02T15:24:30.000Z,180695714451.0,30022300,17.79,17.62,15.68 - 22.09790212,15.68,22.09790212,7.748932833870547,2.2958377
PETR4,PETR4,Petroleo Brasileiro SA Pfd,BRL,47.75,47.77,46.56,46.56 - 47.77,0.88,1.88,2026-09-02T15:45:30.000Z,613383018146.0,22204300,47.75,46.82,29.31 - 50.69,29.31,50.69,4.614284471845617,10.3482633
VALE3,VALE3,Vale S.A.,BRL,80.71,81.76,78.52,78.52 - 81.76,2.41,3.08,2026-09-02T15:45:30.000Z,324551284783.0,15270200,80.71,78.8,55.55 - 91.62,55.55,91.62,33.32232360348458,2.4326809
BBAS3,BBAS3,Banco do Brasil S.A.,BRL,22.45,22.59,21.1,21.1 - 22.59,1.24,5.85,2026-09-02T15:45:30.000Z,118608250957.0,26046300,22.46,21.26,17.79 - 27.81,17.79,27.81,10.443317672233334,2.1496732
BBDC4,BBDC4,Banco Bradesco SA Pfd,BRL,17.76,17.8,17.48,17.48 - 17.8,0.36,2.07,2026-09-02T15:46:30.000Z,180695714451.0,34892800,17.76,17.62,15.68 - 22.09790212,15.68,22.09790212,7.735865493509888,2.2958377
PETR4,PETR4,Petroleo Brasileiro SA Pfd,BRL,47.85,47.93,46.56,46.56 - 47.93,0.98,2.09,2026-09-02T16:24:30.000Z,613383018146.0,25516300,47.86,46.82,29.31 - 50.69,29.31,50.69,4.623947894823305,10.3482633
VALE3,VALE3,Vale S.A.,BRL,80.03,81.76,78.52,78.52 - 81.76,1.73,2.21,2026-09-02T16:25:30.000Z,324551284783.0,18252300,80.03,78.8,55.55 - 91.62,55.55,91.62,33.04157549234136,2.4326809
BBAS3,BBAS3,Banco do Brasil S.A.,BRL,22.2,22.67,21.1,21.1 - 22.67,0.99,4.67,2026-09-02T16:24:30.000Z,118608250957.0,34532600,22.21,21.26,17.79 - 27.81,17.79,27.81,10.327022375215146,2.1496732
BBDC4,BBDC4,Banco Bradesco SA Pfd,BRL,17.66,17.8,17.48,17.48 - 17.8,0.26,1.49,2026-09-02T16:24:30.000Z,180695714451.0,40591200,17.66,17.62,15.68 - 22.09790212,15.68,22.09790212,7.6923076923076925,2.2958377
PETR4,PETR4,Petroleo Brasileiro SA Pfd,BRL,47.79,47.94,46.56,46.56 - 47.94,0.92,1.96,2026-09-02T16:45:30.000Z,613383018146.0,26894500,47.79,46.82,29.31 - 50.69,29.31,50.69,4.618149841036692,10.3482633
VALE3,VALE3,Vale S.A.,BRL,80.06,81.76,78.52,78.52 - 81.76,1.76,2.25,2026-09-02T16:45:30.000Z,324551284783.0,19507400,80.04,78.8,55.55 - 91.62,55.55,91.62,33.053961438421204,2.4326809
BBAS3,BBAS3,Banco do Brasil S.A.,BRL,22.27,22.67,21.1,21.1 - 22.67,1.06,5.0,2026-09-02T16:44:30.000Z,118608250957.0,36604800,22.27,21.26,17.79 - 27.81,17.79,27.81,10.359585058380238,2.1496732
BBDC4,BBDC4,Banco Bradesco SA Pfd,BRL,17.69,17.8,17.48,17.48 - 17.8,0.29,1.67,2026-09-02T16:45:30.000Z,180695714451.0,41785600,17.67,17.62,15.68 - 22.09790212,15.68,22.09790212,7.705375032668352,2.2958377
PETR4,PETR4,Petroleo Brasileiro SA Pfd,BRL,47.91,47.94,46.56,46.56 - 47.94,1.04,2.22,2026-09-02T17:19:30.000Z,613383018146.0,28912800,47.92,46.82,29.31 - 50.69,29.31,50.69,4.629745948609917,10.3482633
VALE3,VALE3,Vale S.A.,BRL,80.01,81.76,78.52,78.52 - 81.76,1.71,2.18,2026-09-02T17:19:30.000Z,324551284783.0,21144800,80.04,78.8,55.55 - 91.62,55.55,91.62,33.033318194954795,2.4326809
BBAS3,BBAS3,Banco do Brasil S.A.,BRL,22.41,22.67,21.1,21.1 - 22.67,1.2,5.66,2026-09-02T17:19:30.000Z,118608250957.0,38965700,22.42,21.26,17.79 - 27.81,17.79,27.81,10.424710424710424,2.1496732
BBDC4,BBDC4,Banco Bradesco SA Pfd,BRL,17.69,17.8,17.48,17.48 - 17.8,0.29,1.67,2026-09-02T17:19:30.000Z,180695714451.0,43433200,17.69,17.62,15.68 - 22.09790212,15.68,22.09790212,7.705375032668352,2.2958377
PETR4,PETR4,Petroleo Brasileiro SA Pfd,BRL,47.85,47.94,46.56,46.56 - 47.94,0.98,2.09,2026-09-02T17:42:30.000Z,613383018146.0,29985500,47.84,46.82,29.31 - 50.69,29.31,50.69,4.623947894823305,10.3482633
VALE3,VALE3,Vale S.A.,BRL,79.94,81.76,78.52,78.52 - 81.76,1.64,2.09,2026-09-02T17:43:30.000Z,324551284783.0,22044000,79.97,78.8,55.55 - 91.62,55.55,91.62,33.004417654101815,2.4326809
BBAS3,BBAS3,Banco do Brasil S.A.,BRL,22.35,22.67,21.1,21.1 - 22.67,1.14,5.37,2026-09-02T17:42:30.000Z,118608250957.0,41803100,22.34,21.26,17.79 - 27.81,17.79,27.81,10.396799553426058,2.1496732
BBDC4,BBDC4,Banco Bradesco SA Pfd,BRL,17.66,17.8,17.48,17.48 - 17.8,0.26,1.49,2026-09-02T17:41:30.000Z,180695714451.0,45184600,17.68,17.62,15.68 - 22.09790212,15.68,22.09790212,7.6923076923076925,2.2958377
PETR4,PETR4,Petroleo Brasileiro SA Pfd,BRL,48.11,48.15,46.56,46.56 - 48.15,1.24,2.65,2026-09-02T18:27:30.000Z,613383018146.0,37439400,48.13,46.82,29.31 - 50.69,29.31,50.69,4.649072794565291,10.3482633
VALE3,VALE3,Vale S.A.,BRL,80.18,81.76,78.52,78.52 - 81.76,1.88,2.4,2026-09-02T18:27:30.000Z,324551284783.0,23915000,80.17,78.8,55.55 - 91.62,55.55,91.62,33.1035052227406,2.4326809
BBAS3,BBAS3,Banco do Brasil S.A.,BRL,22.33,22.67,21.1,21.1 - 22.67,1.12,5.28,2026-09-02T18:27:30.000Z,118608250957.0,44624700,22.33,21.26,17.79 - 27.81,17.79,27.81,10.387495929664604,2.1496732
BBDC4,BBDC4,Banco Bradesco SA Pfd,BRL,17.7,17.8,17.48,17.48 - 17.8,0.3,1.72,2026-09-02T18:27:30.000Z,180695714451.0,49907000,17.7,17.62,15.68 - 22.09790212,15.68,22.09790212,7.709730812788571,2.2958377
PETR4,PETR4,Petroleo Brasileiro SA Pfd,BRL,48.09,48.22,46.56,46.56 - 48.22,1.22,2.6,2026-09-02T18:44:30.000Z,613383018146.0,39088700,48.09,46.82,29.31 - 50.69,29.31,50.69,4.647140109969754,10.3482633
VALE3,VALE3,Vale S.A.,BRL,80.38,81.76,78.52,78.52 - 81.76,2.08,2.66,2026-09-02T18:44:30.000Z,324551284783.0,24905800,80.36,78.8,55.55 - 91.62,55.55,91.62,33.18607819660625,2.4326809
BBAS3,BBAS3,Banco do Brasil S.A.,BRL,22.32,22.67,21.1,21.1 - 22.67,1.11,5.23,2026-09-02T18:44:30.000Z,118608250957.0,45924000,22.31,21.26,17.79 - 27.81,17.79,27.81,10.382844117783876,2.1496732
BBDC4,BBDC4,Banco Bradesco SA Pfd,BRL,17.72,17.8,17.48,17.48 - 17.8,0.32,1.84,2026-09-02T18:44:30.000Z,180695714451.0,51492200,17.71,17.62,15.68 - 22.09790212,15.68,22.09790212,7.71844237302901,2.2958377
PETR4,PETR4,Petroleo Brasileiro SA Pfd,BRL,48.11,48.25,46.56,46.56 - 48.25,1.24,2.65,2026-09-02T19:18:30.000Z,613383018146.0,41737000,48.1,46.82,29.31 - 50.69,29.31,50.69,4.649072794565291,10.3482633
VALE3,VALE3,Vale S.A.,BRL,80.39,81.76,78.52,78.52 - 81.76,2.09,2.67,2026-09-02T19:18:30.000Z,324551284783.0,26187900,80.39,78.8,55.55 - 91.62,55.55,91.62,33.190206845299535,2.4326809
BBAS3,BBAS3,Banco do Brasil S.A.,BRL,22.26,22.67,21.1,21.1 - 22.67,1.05,4.95,2026-09-02T19:18:30.000Z,118608250957.0,47888300,22.24,21.26,17.79 - 27.81,17.79,27.81,10.354933246499511,2.1496732
BBDC4,BBDC4,Banco Bradesco SA Pfd,BRL,17.76,17.8,17.48,17.48 - 17.8,0.36,2.07,2026-09-02T19:18:30.000Z,180695714451.0,57763900,17.74,17.62,15.68 - 22.09790212,15.68,22.09790212,7.735865493509888,2.2958377
PETR4,PETR4,Petroleo Brasileiro SA Pfd,BRL,48.14,48.25,46.56,46.56 - 48.25,1.27,2.71,2026-09-02T19:42:30.000Z,613383018146.0,44793400,48.14,46.82,29.31 - 50.69,29.31,50.69,4.651971821458597,10.3482633
VALE3,VALE3,Vale S.A.,BRL,80.66,81.76,78.52,78.52 - 81.76,2.36,3.01,2026-09-02T19:42:30.000Z,324551284783.0,27684200,80.67,78.8,55.55 - 91.62,55.55,91.62,33.30168036001817,2.4326809
BBAS3,BBAS3,Banco do Brasil S.A.,BRL,22.3,22.67,21.1,21.1 - 22.67,1.09,5.14,2026-09-02T19:42:30.000Z,118608250957.0,49267300,22.3,21.26,17.79 - 27.81,17.79,27.81,10.37354049402242,2.1496732
BBDC4,BBDC4,Banco Bradesco SA Pfd,BRL,17.77,17.8,17.48,17.48 - 17.8,0.37,2.13,2026-09-02T19:43:30.000Z,180695714451.0,63896800,17.77,17.62,15.68 - 22.09790212,15.68,22.09790212,7.740221273630108,2.2958377
PETR4,PETR4,Petroleo Brasileiro SA Pfd,BRL,48.2,48.25,46.56,46.56 - 48.25,1.33,2.84,2026-09-02T20:22:30.000Z,613383018146.0,54008500,48.0,46.82,29.31 - 50.69,29.31,50.69,4.65776987524521,10.3482633
VALE3,VALE3,Vale S.A.,BRL,80.8,81.76,78.52,78.52 - 81.76,2.5,3.19,2026-09-02T20:22:30.000Z,324551284783.0,32914800,80.55,78.8,55.55 - 91.62,55.55,91.62,33.35948144172412,2.4326809
BBAS3,BBAS3,Banco do Brasil S.A.,BRL,22.34,22.67,21.1,21.1 - 22.67,1.13,5.33,2026-09-02T20:21:30.000Z,118608250957.0,51831600,22.34,21.26,17.79 - 27.81,17.79,27.81,10.392147741545331,2.1496732
BBDC4,BBDC4,Banco Bradesco SA Pfd,BRL,17.75,17.81,17.48,17.48 - 17.81,0.35,2.01,2026-09-02T20:22:30.000Z,180695714451.0,89983200,17.74,17.62,15.68 - 22.09790212,15.68,22.09790212,7.731509713389668,2.2958377
PETR4,PETR4,Petroleo Brasileiro SA Pfd,BRL,48.2,48.25,46.56,46.56 - 48.25,1.33,2.84,2026-09-02T20:43:30.000Z,613383018146.0,54008500,48.0,46.82,29.31 - 50.69,29.31,50.69,4.65776987524521,10.3482633
VALE3,VALE3,Vale S.A.,BRL,80.8,81.76,78.52,78.52 - 81.76,2.5,3.19,2026-09-02T20:43:30.000Z,324551284783.0,32914800,80.55,78.8,55.55 - 91.62,55.55,91.62,33.35948144172412,2.4326809
BBAS3,BBAS3,Banco do Brasil S.A.,BRL,22.26,22.67,21.1,21.1 - 22.67,1.05,4.95,2026-09-02T20:42:30.000Z,118608250957.0,54201800,22.34,21.26,17.79 - 27.81,17.79,27.81,10.354933246499511,2.1496732
BBDC4,BBDC4,Banco Bradesco SA Pfd,BRL,17.75,17.81,17.48,17.48 - 17.81,0.35,2.01,2026-09-02T20:43:30.000Z,180695714451.0,89983200,17.74,17.62,15.68 - 22.09790212,15.68,22.09790212,7.731509713389668,2.2958377
PETR4,PETR4,Petroleo Brasileiro SA Pfd,BRL,48.82,48.9,48.39,48.39 - 48.9,0.62,1.29,2026-09-03T13:22:30.000Z,654460164879.0,1559800,48.82,48.46,29.31 - 50.69,29.31,50.69,4.717683097706869,10.3482633
VALE3,VALE3,Vale S.A.,BRL,81.78,81.8,81.22,81.22 - 81.8,0.98,1.21,2026-09-03T13:22:30.000Z,336849650802.0,861800,81.72,81.31,56.02 - 91.62,56.02,91.62,33.76408901366583,2.4326809
BBAS3,BBAS3,Banco do Brasil S.A.,BRL,22.68,22.77,22.54,22.54 - 22.77,0.42,1.89,2026-09-03T13:22:30.000Z,127300854512.0,1410600,22.69,22.57,17.79 - 27.81,17.79,27.81,10.550309345490067,2.1496732
BBDC4,BBDC4,Banco Bradesco SA Pfd,BRL,17.88,17.98,17.85,17.85 - 17.98,0.13,0.73,2026-09-03T13:22:30.000Z,186167514417.0,1670100,17.89,17.96,15.68 - 22.09790212,15.68,22.09790212,7.788134854952522,2.2958377
PETR4,PETR4,Petroleo Brasileiro SA Pfd,BRL,49.03,49.19,48.39,48.39 - 49.19,0.83,1.72,2026-09-03T13:42:30.000Z,654460164879.0,4241700,48.99,48.46,29.31 - 50.69,29.31,50.69,4.737976285960013,10.3482633
VALE3,VALE3,Vale S.A.,BRL,81.72,81.99,81.22,81.22 - 81.99,0.92,1.14,2026-09-03T13:43:30.000Z,336849650802.0,1991100,81.7,81.31,56.02 - 91.62,56.02,91.62,33.73931712150613,2.4326809
BBAS3,BBAS3,Banco do Brasil S.A.,BRL,22.82,22.85,22.54,22.54 - 22.85,0.56,2.52,2026-09-03T13:43:30.000Z,127300854512.0,3952700,22.82,22.57,17.79 - 27.81,17.79,27.81,10.615434711820251,2.1496732
BBDC4,BBDC4,Banco Bradesco SA Pfd,BRL,17.96,17.98,17.83,17.83 - 17.98,0.21,1.18,2026-09-03T13:43:30.000Z,186167514417.0,9642400,17.96,17.96,15.68 - 22.09790212,15.68,22.09790212,7.82298109591428,2.2958377
PETR4,PETR4,Petroleo Brasileiro SA Pfd,BRL,48.83,49.19,48.39,48.39 - 49.19,0.63,1.31,2026-09-03T14:24:30.000Z,654460164879.0,9780400,48.83,48.46,29.31 - 50.69,29.31,50.69,4.718649440004638,10.3482633
VALE3,VALE3,Vale S.A.,BRL,79.55,81.99,79.34,79.34 - 81.99,-1.25,-1.55,2026-09-03T14:24:30.000Z,336849650802.0,7137700,79.61,81.31,56.02 - 91.62,56.02,91.62,32.843400355063785,2.4326809
BBAS3,BBAS3,Banco do Brasil S.A.,BRL,22.74,22.97,22.54,22.54 - 22.97,0.48,2.16,2026-09-03T14:24:30.000Z,127300854512.0,8354100,22.74,22.57,17.79 - 27.81,17.79,27.81,10.578220216774431,2.1496732
BBDC4,BBDC4,Banco Bradesco SA Pfd,BRL,17.89,18.12,17.83,17.83 - 18.12,0.14,0.79,2026-09-03T14:24:30.000Z,186167514417.0,22823600,17.89,17.96,15.68 - 22.09790212,15.68,22.09790212,7.792490635072743,2.2958377
PETR4,PETR4,Petroleo Brasileiro SA Pfd,BRL,48.6,49.19,48.39,48.39 - 49.19,0.4,0.83,2026-09-03T14:43:30.000Z,654460164879.0,12608200,48.58,48.46,29.31 - 50.69,29.31,50.69,4.696423567155958,10.3482633
VALE3,VALE3,Vale S.A.,BRL,79.4,81.99,79.26,79.26 - 81.99,-1.4,-1.73,2026-09-03T14:44:30.000Z,336849650802.0,8944400,79.4,81.31,56.02 - 91.62,56.02,91.62,32.78147062466455,2.4326809
BBAS3,BBAS3,Banco do Brasil S.A.,BRL,22.55,22.97,22.54,22.54 - 22.97,0.29,1.3,2026-09-03T14:43:30.000Z,127300854512.0,11096700,22.57,22.57,17.79 - 27.81,17.79,27.81,10.48983579104061,2.1496732
BBDC4,BBDC4,Banco Bradesco SA Pfd,BRL,17.75,18.12,17.74,17.74 - 18.12,0.0,0.0,2026-09-03T14:44:30.000Z,186167514417.0,26959400,17.75,17.96,15.68 - 22.09790212,15.68,22.09790212,7.731509713389668,2.2958377
PETR4,PETR4,Petroleo Brasileiro SA Pfd,BRL,48.45,49.19,48.3,48.3 - 49.19,0.25,0.52,2026-09-03T15:24:30.000Z,654460164879.0,17797900,48.45,48.46,29.31 - 50.69,29.31,50.69,4.681928432689428,10.3482633
VALE3,VALE3,Vale S.A.,BRL,78.88,81.99,78.85,78.85 - 81.99,-1.92,-2.38,2026-09-03T15:24:30.000Z,336849650802.0,13811200,78.93,81.31,56.02 - 91.62,56.02,91.62,32.56678089261385,2.4326809
BBAS3,BBAS3,Banco do Brasil S.A.,BRL,22.61,22.97,22.51,22.51 - 22.97,0.35,1.57,2026-09-03T15:24:30.000Z,127300854512.0,15499100,22.64,22.57,17.79 - 27.81,17.79,27.81,10.517746662324974,2.1496732
BBDC4,BBDC4,Banco Bradesco SA Pfd,BRL,17.71,18.12,17.65,17.65 - 18.12,-0.04,-0.23,2026-09-03T15:24:30.000Z,186167514417.0,36306500,17.71,17.96,15.68 - 22.09790212,15.68,22.09790212,7.7140865929087905,2.2958377
PETR4,PETR4,Petroleo Brasileiro SA Pfd,BRL,48.27,49.19,48.2,48.2 - 49.19,0.07,0.15,2026-09-03T15:43:30.000Z,654460164879.0,20122400,48.26,48.46,29.31 - 50.69,29.31,50.69,4.664534271329591,10.3482633
VALE3,VALE3,Vale S.A.,BRL,78.77,81.99,78.58,78.58 - 81.99,-2.03,-2.51,2026-09-03T15:42:30.000Z,336849650802.0,14784800,78.75,81.31,56.02 - 91.62,56.02,91.62,32.521365756987734,2.4326809
BBAS3,BBAS3,Banco do Brasil S.A.,BRL,22.3,22.97,22.24,22.24 - 22.97,0.04,0.18,2026-09-03T15:42:30.000Z,127300854512.0,18875000,22.27,22.57,17.79 - 27.81,17.79,27.81,10.37354049402242,2.1496732
BBDC4,BBDC4,Banco Bradesco SA Pfd,BRL,17.68,18.12,17.65,17.65 - 18.12,-0.07,-0.39,2026-09-03T15:43:30.000Z,186167514417.0,38149800,17.68,17.96,15.68 - 22.09790212,15.68,22.09790212,7.701019252548131,2.2958377
PETR4,PETR4,Petroleo Brasileiro SA Pfd,BRL,48.07,49.19,47.91,47.91 - 49.19,-0.13,-0.27,2026-09-03T16:23:30.000Z,654460164879.0,28113700,48.06,48.46,29.31 - 50.69,29.31,50.69,4.645207425374216,10.3482633
VALE3,VALE3,Vale S.A.,BRL,78.92,81.99,78.58,78.58 - 81.99,-1.88,-2.33,2026-09-03T16:23:30.000Z,336849650802.0,17317400,78.9,81.31,56.02 - 91.62,56.02,91.62,32.58329548738698,2.4326809
BBAS3,BBAS3,Banco do Brasil S.A.,BRL,22.21,22.97,22.1,22.1 - 22.97,-0.05,-0.22,2026-09-03T16:24:30.000Z,127300854512.0,22823700,22.19,22.57,17.79 - 27.81,17.79,27.81,10.331674187095873,2.1496732
BBDC4,BBDC4,Banco Bradesco SA Pfd,BRL,17.74,18.12,17.65,17.65 - 18.12,-0.01,-0.06,2026-09-03T16:23:30.000Z,186167514417.0,40830500,17.74,17.96,15.68 - 22.09790212,15.68,22.09790212,7.727153933269449,2.2958377
PETR4,PETR4,Petroleo Brasileiro SA Pfd,BRL,47.66,49.19,47.6,47.6 - 49.19,-0.54,-1.12,2026-09-03T16:43:30.000Z,654460164879.0,30174600,47.65,48.46,29.31 - 50.69,29.31,50.69,4.605587391165698,10.3482633
VALE3,VALE3,Vale S.A.,BRL,78.92,81.99,78.58,78.58 - 81.99,-1.88,-2.33,2026-09-03T16:44:30.000Z,336849650802.0,17859200,78.92,81.31,56.02 - 91.62,56.02,91.62,32.58329548738698,2.4326809
BBAS3,BBAS3,Banco do Brasil S.A.,BRL,22.14,22.97,22.1,22.1 - 22.97,-0.12,-0.54,2026-09-03T16:43:30.000Z,127300854512.0,24233500,22.14,22.57,17.79 - 27.81,17.79,27.81,10.29911150393078,2.1496732
BBDC4,BBDC4,Banco Bradesco SA Pfd,BRL,17.72,18.12,17.65,17.65 - 18.12,-0.03,-0.17,2026-09-03T16:42:30.000Z,186167514417.0,42362100,17.72,17.96,15.68 - 22.09790212,15.68,22.09790212,7.71844237302901,2.2958377
PETR4,PETR4,Petroleo Brasileiro SA Pfd,BRL,47.53,49.19,47.45,47.45 - 49.19,-0.67,-1.39,2026-09-03T17:20:30.000Z,654460164879.0,34056200,47.53,48.46,29.31 - 50.69,29.31,50.69,4.593024941294705,10.3482633
VALE3,VALE3,Vale S.A.,BRL,78.48,81.99,78.34,78.34 - 81.99,-2.32,-2.87,2026-09-03T17:20:30.000Z,336849650802.0,19317000,78.49,81.31,56.02 - 91.62,56.02,91.62,32.401634944882545,2.4326809
BBAS3,BBAS3,Banco do Brasil S.A.,BRL,22.1,22.97,22.0,22 - 22.97,-0.16,-0.72,2026-09-03T17:19:30.000Z,127300854512.0,27762400,22.1,22.57,17.79 - 27.81,17.79,27.81,10.280504256407871,2.1496732
BBDC4,BBDC4,Banco Bradesco SA Pfd,BRL,17.73,18.12,17.65,17.65 - 18.12,-0.02,-0.11,2026-09-03T17:19:30.000Z,186167514417.0,45973900,17.74,17.96,15.68 - 22.09790212,15.68,22.09790212,7.722798153149229,2.2958377
PETR4,PETR4,Petroleo Brasileiro SA Pfd,BRL,47.59,49.19,47.45,47.45 - 49.19,-0.61,-1.27,2026-09-03T17:42:30.000Z,654460164879.0,35373900,47.57,48.46,29.31 - 50.69,29.31,50.69,4.598822995081318,10.3482633
VALE3,VALE3,Vale S.A.,BRL,78.68,81.99,78.34,78.34 - 81.99,-2.12,-2.62,2026-09-03T17:43:30.000Z,336849650802.0,19987300,78.67,81.31,56.02 - 91.62,56.02,91.62,32.4842079187482,2.4326809
BBAS3,BBAS3,Banco do Brasil S.A.,BRL,22.15,22.97,22.0,22 - 22.97,-0.11,-0.49,2026-09-03T17:42:30.000Z,127300854512.0,29304100,22.16,22.57,17.79 - 27.81,17.79,27.81,10.303763315811509,2.1496732
BBDC4,BBDC4,Banco Bradesco SA Pfd,BRL,17.75,18.12,17.65,17.65 - 18.12,0.0,0.0,2026-09-03T17:42:30.000Z,186167514417.0,48579400,17.74,17.96,15.68 - 22.09790212,15.68,22.09790212,7.731509713389668,2.2958377
PETR4,PETR4,Petroleo Brasileiro SA Pfd,BRL,47.68,49.19,47.45,47.45 - 49.19,-0.52,-1.08,2026-09-03T18:27:30.000Z,654460164879.0,38591900,47.65,48.46,29.31 - 50.69,29.31,50.69,4.6075200757612365,10.3482633
VALE3,VALE3,Vale S.A.,BRL,78.03,81.99,77.91,77.91 - 81.99,-2.77,-3.43,2026-09-03T18:27:30.000Z,336849650802.0,23707900,78.03,81.31,56.02 - 91.62,56.02,91.62,32.21584575368482,2.4326809
BBAS3,BBAS3,Banco do Brasil S.A.,BRL,22.31,22.97,22.0,22 - 22.97,0.05,0.22,2026-09-03T18:26:30.000Z,127300854512.0,31092000,22.31,22.57,17.79 - 27.81,17.79,27.81,10.378192305903148,2.1496732
BBDC4,BBDC4,Banco Bradesco SA Pfd,BRL,17.79,18.12,17.65,17.65 - 18.12,0.04,0.23,2026-09-03T18:27:30.000Z,186167514417.0,55805000,17.79,17.96,15.68 - 22.09790212,15.68,22.09790212,7.748932833870547,2.2958377
PETR4,PETR4,Petroleo Brasileiro SA Pfd,BRL,47.67,49.19,47.45,47.45 - 49.19,-0.53,-1.1,2026-09-03T18:46:30.000Z,654460164879.0,39790200,47.67,48.46,29.31 - 50.69,29.31,50.69,4.606553733463468,10.3482633
VALE3,VALE3,Vale S.A.,BRL,77.88,81.99,77.87,77.87 - 81.99,-2.92,-3.61,2026-09-03T18:46:30.000Z,336849650802.0,24917000,77.88,81.31,56.02 - 91.62,56.02,91.62,32.153916023285575,2.4326809
BBAS3,BBAS3,Banco do Brasil S.A.,BRL,22.31,22.97,22.0,22 - 22.97,0.05,0.22,2026-09-03T18:46:30.000Z,127300854512.0,32065200,22.31,22.57,17.79 - 27.81,17.79,27.81,10.378192305903148,2.1496732
BBDC4,BBDC4,Banco Bradesco SA Pfd,BRL,17.78,18.12,17.65,17.65 - 18.12,0.03,0.17,2026-09-03T18:46:30.000Z,186167514417.0,63601300,17.78,17.96,15.68 - 22.09790212,15.68,22.09790212,7.744577053750327,2.2958377
PETR4,PETR4,Petroleo Brasileiro SA Pfd,BRL,47.73,49.19,47.45,47.45 - 49.19,-0.47,-0.98,2026-09-03T19:16:30.000Z,654460164879.0,41516600,47.71,48.46,29.31 - 50.69,29.31,50.69,4.61235178725008,10.3482633
VALE3,VALE3,Vale S.A.,BRL,77.7,81.99,77.66,77.66 - 81.99,-3.1,-3.84,2026-09-03T19:16:30.000Z,336849650802.0,26434600,77.67,81.31,56.02 - 91.62,56.02,91.62,32.079600346806494,2.4326809
BBAS3,BBAS3,Banco do Brasil S.A.,BRL,22.21,22.97,22.0,22 - 22.97,-0.05,-0.22,2026-09-03T19:16:30.000Z,127300854512.0,33645400,22.21,22.57,17.79 - 27.81,17.79,27.81,10.331674187095873,2.1496732
BBDC4,BBDC4,Banco Bradesco SA Pfd,BRL,17.73,18.12,17.65,17.65 - 18.12,-0.02,-0.11,2026-09-03T19:17:30.000Z,186167514417.0,65670500,17.74,17.96,15.68 - 22.09790212,15.68,22.09790212,7.722798153149229,2.2958377
PETR4,PETR4,Petroleo Brasileiro SA Pfd,BRL,47.69,49.19,47.45,47.45 - 49.19,-0.51,-1.06,2026-09-03T19:42:30.000Z,654460164879.0,43553400,47.68,48.46,29.31 - 50.69,29.31,50.69,4.608486418059004,10.3482633
VALE3,VALE3,Vale S.A.,BRL,77.81,81.99,77.66,77.66 - 81.99,-2.99,-3.7,2026-09-03T19:42:30.000Z,336849650802.0,27773900,77.81,81.31,56.02 - 91.62,56.02,91.62,32.1250154824326,2.4326809
BBAS3,BBAS3,Banco do Brasil S.A.,BRL,22.35,22.97,22.0,22 - 22.97,0.09,0.4,2026-09-03T19:43:30.000Z,127300854512.0,34951700,22.36,22.57,17.79 - 27.81,17.79,27.81,10.396799553426058,2.1496732
BBDC4,BBDC4,Banco Bradesco SA Pfd,BRL,17.76,18.12,17.65,17.65 - 18.12,0.01,0.06,2026-09-03T19:43:30.000Z,186167514417.0,68809800,17.76,17.96,15.68 - 22.09790212,15.68,22.09790212,7.735865493509888,2.2958377
PETR4,PETR4,Petroleo Brasileiro SA Pfd,BRL,47.56,49.19,47.45,47.45 - 49.19,-0.64,-1.33,2026-09-03T20:20:30.000Z,654460164879.0,47638800,47.56,48.46,29.31 - 50.69,29.31,50.69,4.595923968188012,10.3482633
VALE3,VALE3,Vale S.A.,BRL,78.41,81.99,77.66,77.66 - 81.99,-2.39,-2.96,2026-09-03T20:20:30.000Z,336849650802.0,30173600,78.41,81.31,56.02 - 91.62,56.02,91.62,32.37273440402956,2.4326809
BBAS3,BBAS3,Banco do Brasil S.A.,BRL,22.42,22.97,22.0,22 - 22.97,0.16,0.72,2026-09-03T20:20:30.000Z,127300854512.0,37883100,22.42,22.57,17.79 - 27.81,17.79,27.81,10.429362236591151,2.1496732
BBDC4,BBDC4,Banco Bradesco SA Pfd,BRL,17.78,18.12,17.65,17.65 - 18.12,0.03,0.17,2026-09-03T20:20:30.000Z,186167514417.0,72697000,17.78,17.96,15.68 - 22.09790212,15.68,22.09790212,7.744577053750327,2.2958377
PETR4,PETR4,Petroleo Brasileiro SA Pfd,BRL,47.56,49.19,47.45,47.45 - 49.19,-0.64,-1.33,2026-09-03T20:42:30.000Z,654460164879.0,51446000,47.56,48.46,29.31 - 50.69,29.31,50.69,4.595923968188012,10.3482633
VALE3,VALE3,Vale S.A.,BRL,78.45,81.99,77.66,77.66 - 81.99,-2.35,-2.91,2026-09-03T20:42:30.000Z,336849650802.0,32328600,78.41,81.31,56.02 - 91.62,56.02,91.62,32.38924899880269,2.4326809
BBAS3,BBAS3,Banco do Brasil S.A.,BRL,22.45,22.97,22.0,22 - 22.97,0.19,0.85,2026-09-03T20:41:30.000Z,127300854512.0,40848600,22.42,22.57,17.79 - 27.81,17.79,27.81,10.443317672233334,2.1496732
BBDC4,BBDC4,Banco Bradesco SA Pfd,BRL,17.79,18.12,17.65,17.65 - 18.12,0.04,0.23,2026-09-03T20:42:30.000Z,186167514417.0,75698800,17.78,17.96,15.68 - 22.09790212,15.68,22.09790212,7.748932833870547,2.2958377
PETR4,PETR4,Petroleo Brasileiro SA Pfd,BRL,47.12,47.32,47.06,47.06 - 47.32,-0.44,-0.93,2026-09-04T13:21:30.000Z,643916477278.0,333400,47.11,47.32,29.31 - 50.69,29.31,50.69,4.553404907086188,10.3482633
VALE3,VALE3,Vale S.A.,BRL,78.3,78.3,78.03,78.03 - 78.3,-0.15,-0.19,2026-09-04T13:21:30.000Z,327052637120.0,192300,78.3,78.2,56.05 - 91.62,56.05,91.62,32.32731926840345,2.4326809
BBAS3,BBAS3,Banco do Brasil S.A.,BRL,22.46,22.49,22.26,22.26 - 22.49,0.01,0.04,2026-09-04T13:21:30.000Z,128387432683.0,442400,22.48,22.32,17.79 - 27.81,17.79,27.81,10.44796948411406,2.1496732
BBDC4,BBDC4,Banco Bradesco SA Pfd,BRL,17.69,17.75,17.67,17.67 - 17.75,-0.1,-0.56,2026-09-04T13:20:30.000Z,186837855348.0,157500,17.7,17.74,15.68 - 22.09790212,15.68,22.09790212,7.705375032668352,2.2958377
PETR4,PETR4,Petroleo Brasileiro SA Pfd,BRL,47.06,47.32,46.87,46.87 - 47.32,-0.5,-1.05,2026-09-04T13:42:30.000Z,643916477278.0,2104600,47.05,47.32,29.31 - 50.69,29.31,50.69,4.547606853299576,10.3482633
VALE3,VALE3,Vale S.A.,BRL,78.08,78.51,78.03,78.03 - 78.51,-0.37,-0.47,2026-09-04T13:42:30.000Z,327052637120.0,986200,78.11,78.2,56.05 - 91.62,56.05,91.62,32.236488997151234,2.4326809
BBAS3,BBAS3,Banco do Brasil S.A.,BRL,22.27,22.56,22.26,22.26 - 22.56,-0.18,-0.8,2026-09-04T13:42:30.000Z,128387432683.0,3294900,22.29,22.32,17.79 - 27.81,17.79,27.81,10.359585058380238,2.1496732
BBDC4,BBDC4,Banco Bradesco SA Pfd,BRL,17.65,17.77,17.65,17.65 - 17.77,-0.14,-0.79,2026-09-04T13:42:30.000Z,186837855348.0,1337700,17.65,17.74,15.68 - 22.09790212,15.68,22.09790212,7.687951912187473,2.2958377
PETR4,PETR4,Petroleo Brasileiro SA Pfd,BRL,46.99,47.32,46.72,46.72 - 47.32,-0.57,-1.2,2026-09-04T14:21:30.000Z,643916477278.0,6001800,47.0,47.32,29.31 - 50.69,29.31,50.69,4.540842457215195,10.3482633
VALE3,VALE3,Vale S.A.,BRL,78.35,78.56,77.55,77.55 - 78.56,-0.1,-0.13,2026-09-04T14:21:30.000Z,327052637120.0,2581900,78.34,78.2,56.05 - 91.62,56.05,91.62,32.347962511869866,2.4326809
BBAS3,BBAS3,Banco do Brasil S.A.,BRL,22.24,22.56,22.11,22.11 - 22.56,-0.21,-0.94,2026-09-04T14:20:30.000Z,128387432683.0,6920000,22.23,22.32,17.79 - 27.81,17.79,27.81,10.345629622738056,2.1496732
BBDC4,BBDC4,Banco Bradesco SA Pfd,BRL,17.75,17.78,17.63,17.63 - 17.78,-0.04,-0.22,2026-09-04T14:22:30.000Z,186837855348.0,4214600,17.75,17.74,15.68 - 22.09790212,15.68,22.09790212,7.731509713389668,2.2958377
PETR4,PETR4,Petroleo Brasileiro SA Pfd,BRL,47.19,47.32,46.72,46.72 - 47.32,-0.37,-0.78,2026-09-04T14:42:30.000Z,643916477278.0,7919200,47.17,47.32,29.31 - 50.69,29.31,50.69,4.560169303170569,10.3482633
VALE3,VALE3,Vale S.A.,BRL,78.9,78.9,77.55,77.55 - 78.9,0.45,0.57,2026-09-04T14:42:30.000Z,327052637120.0,3406000,78.77,78.2,56.05 - 91.62,56.05,91.62,32.57503819000041,2.4326809
BBAS3,BBAS3,Banco do Brasil S.A.,BRL,22.31,22.56,22.11,22.11 - 22.56,-0.14,-0.62,2026-09-04T14:42:30.000Z,128387432683.0,9139200,22.31,22.32,17.79 - 27.81,17.79,27.81,10.378192305903148,2.1496732
BBDC4,BBDC4,Banco Bradesco SA Pfd,BRL,17.82,17.82,17.63,17.63 - 17.82,0.03,0.17,2026-09-04T14:42:30.000Z,186837855348.0,5948400,17.82,17.74,15.68 - 22.09790212,15.68,22.09790212,7.762000174231205,2.2958377
PETR4,PETR4,Petroleo Brasileiro SA Pfd,BRL,47.19,47.45,46.72,46.72 - 47.45,-0.37,-0.78,2026-09-04T15:21:30.000Z,643916477278.0,12587800,47.17,47.32,29.31 - 50.69,29.31,50.69,4.560169303170569,10.3482633
VALE3,VALE3,Vale S.A.,BRL,79.21,79.28,77.55,77.55 - 79.28,0.76,0.97,2026-09-04T15:21:30.000Z,327052637120.0,4763700,79.21,78.2,56.05 - 91.62,56.05,91.62,32.70302629949217,2.4326809
BBAS3,BBAS3,Banco do Brasil S.A.,BRL,22.41,22.56,22.11,22.11 - 22.56,-0.04,-0.18,2026-09-04T15:21:30.000Z,128387432683.0,11260500,22.4,22.32,17.79 - 27.81,17.79,27.81,10.424710424710424,2.1496732
BBDC4,BBDC4,Banco Bradesco SA Pfd,BRL,17.89,17.9,17.63,17.63 - 17.9,0.1,0.56,2026-09-04T15:21:30.000Z,186837855348.0,7817500,17.88,17.74,15.68 - 22.09790212,15.68,22.09790212,7.792490635072743,2.2958377
PETR4,PETR4,Petroleo Brasileiro SA Pfd,BRL,47.25,47.45,46.72,46.72 - 47.45,-0.31,-0.65,2026-09-04T15:42:30.000Z,643916477278.0,13158000,47.24,47.32,29.31 - 50.69,29.31,50.69,4.565967356957182,10.3482633
VALE3,VALE3,Vale S.A.,BRL,79.27,79.39,77.55,77.55 - 79.39,0.82,1.05,2026-09-04T15:42:30.000Z,327052637120.0,5206900,79.27,78.2,56.05 - 91.62,56.05,91.62,32.72779819165187,2.4326809
BBAS3,BBAS3,Banco do Brasil S.A.,BRL,22.45,22.56,22.11,22.11 - 22.56,0.0,0.0,2026-09-04T15:42:30.000Z,128387432683.0,11883200,22.48,22.32,17.79 - 27.81,17.79,27.81,10.443317672233334,2.1496732
BBDC4,BBDC4,Banco Bradesco SA Pfd,BRL,17.91,17.91,17.63,17.63 - 17.91,0.12,0.67,2026-09-04T15:41:30.000Z,186837855348.0,8968600,17.91,17.74,15.68 - 22.09790212,15.68,22.09790212,7.801202195313182,2.2958377
PETR4,PETR4,Petroleo Brasileiro SA Pfd,BRL,47.26,47.45,46.72,46.72 - 47.45,-0.3,-0.63,2026-09-04T16:23:30.000Z,643916477278.0,14548300,47.25,47.32,29.31 - 50.69,29.31,50.69,4.56693369925495,10.3482633
VALE3,VALE3,Vale S.A.,BRL,79.5,79.5,77.55,77.55 - 79.5,1.05,1.34,2026-09-04T16:23:30.000Z,327052637120.0,5936700,79.44,78.2,56.05 - 91.62,56.05,91.62,32.822757111597376,2.4326809
BBAS3,BBAS3,Banco do Brasil S.A.,BRL,22.53,22.6,22.11,22.11 - 22.6,0.08,0.36,2026-09-04T16:23:30.000Z,128387432683.0,13867300,22.53,22.32,17.79 - 27.81,17.79,27.81,10.480532167279154,2.1496732
BBDC4,BBDC4,Banco Bradesco SA Pfd,BRL,17.9,17.98,17.63,17.63 - 17.98,0.11,0.62,2026-09-04T16:23:30.000Z,186837855348.0,14922300,17.9,17.74,15.68 - 22.09790212,15.68,22.09790212,7.796846415192961,2.2958377
PETR4,PETR4,Petroleo Brasileiro SA Pfd,BRL,47.2,47.45,46.72,46.72 - 47.45,-0.36,-0.76,2026-09-04T16:42:30.000Z,643916477278.0,15592600,47.2,47.32,29.31 - 50.69,29.31,50.69,4.561135645468338,10.3482633
VALE3,VALE3,Vale S.A.,BRL,79.46,79.73,77.55,77.55 - 79.73,1.01,1.29,2026-09-04T16:42:30.000Z,327052637120.0,6371800,79.52,78.2,56.05 - 91.62,56.05,91.62,32.80624251682424,2.4326809
BBAS3,BBAS3,Banco do Brasil S.A.,BRL,22.6,22.62,22.11,22.11 - 22.62,0.15,0.67,2026-09-04T16:42:30.000Z,128387432683.0,14665000,22.59,22.32,17.79 - 27.81,17.79,27.81,10.513094850444247,2.1496732
BBDC4,BBDC4,Banco Bradesco SA Pfd,BRL,17.94,17.98,17.63,17.63 - 17.98,0.15,0.84,2026-09-04T16:42:30.000Z,186837855348.0,17779900,17.94,17.74,15.68 - 22.09790212,15.68,22.09790212,7.81426953567384,2.2958377
PETR4,PETR4,Petroleo Brasileiro SA Pfd,BRL,47.2,47.45,46.72,46.72 - 47.45,-0.36,-0.76,2026-09-04T17:18:30.000Z,643916477278.0,16746300,47.2,47.32,29.31 - 50.69,29.31,50.69,4.561135645468338,10.3482633
VALE3,VALE3,Vale S.A.,BRL,79.48,79.73,77.55,77.55 - 79.73,1.03,1.31,2026-09-04T17:18:30.000Z,327052637120.0,6929400,79.48,78.2,56.05 - 91.62,56.05,91.62,32.81449981421081,2.4326809
BBAS3,BBAS3,Banco do Brasil S.A.,BRL,22.68,22.73,22.11,22.11 - 22.73,0.23,1.02,2026-09-04T17:18:30.000Z,128387432683.0,16753100,22.67,22.32,17.79 - 27.81,17.79,27.81,10.550309345490067,2.1496732
BBDC4,BBDC4,Banco Bradesco SA Pfd,BRL,17.94,17.98,17.63,17.63 - 17.98,0.15,0.84,2026-09-04T17:18:30.000Z,186837855348.0,20022100,17.93,17.74,15.68 - 22.09790212,15.68,22.09790212,7.81426953567384,2.2958377
PETR4,PETR4,Petroleo Brasileiro SA Pfd,BRL,47.11,47.45,46.72,46.72 - 47.45,-0.45,-0.95,2026-09-04T17:42:30.000Z,643916477278.0,17664800,47.11,47.32,29.31 - 50.69,29.31,50.69,4.552438564788419,10.3482633
VALE3,VALE3,Vale S.A.,BRL,79.24,79.73,77.55,77.55 - 79.73,0.79,1.01,2026-09-04T17:42:30.000Z,327052637120.0,7221000,79.24,78.2,56.05 - 91.62,56.05,91.62,32.715412245572026,2.4326809
BBAS3,BBAS3,Banco do Brasil S.A.,BRL,22.53,22.73,22.11,22.11 - 22.73,0.08,0.36,2026-09-04T17:42:30.000Z,128387432683.0,17717800,22.54,22.32,17.79 - 27.81,17.79,27.81,10.480532167279154,2.1496732
BBDC4,BBDC4,Banco Bradesco SA Pfd,BRL,17.84,17.98,17.63,17.63 - 17.98,0.05,0.28,2026-09-04T17:42:30.000Z,186837855348.0,21294400,17.84,17.74,15.68 - 22.09790212,15.68,22.09790212,7.770711734471645,2.2958377
PETR4,PETR4,Petroleo Brasileiro SA Pfd,BRL,47.01,47.45,46.72,46.72 - 47.45,-0.55,-1.16,2026-09-04T18:24:30.000Z,643916477278.0,19038100,47.03,47.32,29.31 - 50.69,29.31,50.69,4.542775141810732,10.3482633
VALE3,VALE3,Vale S.A.,BRL,78.79,79.73,77.55,77.55 - 79.73,0.34,0.43,2026-09-04T18:24:30.000Z,327052637120.0,8051600,78.84,78.2,56.05 - 91.62,56.05,91.62,32.529623054374305,2.4326809
BBAS3,BBAS3,Banco do Brasil S.A.,BRL,22.51,22.73,22.11,22.11 - 22.73,0.06,0.27,2026-09-04T18:24:30.000Z,128387432683.0,19008600,22.52,22.32,17.79 - 27.81,17.79,27.81,10.4712285435177,2.1496732
BBDC4,BBDC4,Banco Bradesco SA Pfd,BRL,17.84,17.98,17.63,17.63 - 17.98,0.05,0.28,2026-09-04T18:24:30.000Z,186837855348.0,23009400,17.84,17.74,15.68 - 22.09790212,15.68,22.09790212,7.770711734471645,2.2958377
PETR4,PETR4,Petroleo Brasileiro SA Pfd,BRL,47.09,47.45,46.72,46.72 - 47.45,-0.47,-0.99,2026-09-04T18:43:30.000Z,643916477278.0,19718300,47.07,47.32,29.31 - 50.69,29.31,50.69,4.550505880192882,10.3482633
VALE3,VALE3,Vale S.A.,BRL,78.96,79.73,77.55,77.55 - 79.73,0.51,0.65,2026-09-04T18:43:30.000Z,327052637120.0,8358300,78.95,78.2,56.05 - 91.62,56.05,91.62,32.599810082160104,2.4326809
BBAS3,BBAS3,Banco do Brasil S.A.,BRL,22.53,22.73,22.11,22.11 - 22.73,0.08,0.36,2026-09-04T18:43:30.000Z,128387432683.0,19462400,22.53,22.32,17.79 - 27.81,17.79,27.81,10.480532167279154,2.1496732
BBDC4,BBDC4,Banco Bradesco SA Pfd,BRL,17.84,17.98,17.63,17.63 - 17.98,0.05,0.28,2026-09-04T18:42:30.000Z,186837855348.0,24482800,17.84,17.74,15.68 - 22.09790212,15.68,22.09790212,7.770711734471645,2.2958377
PETR4,PETR4,Petroleo Brasileiro SA Pfd,BRL,47.03,47.45,46.72,46.72 - 47.45,-0.53,-1.11,2026-09-04T19:15:30.000Z,643916477278.0,20793700,47.03,47.32,29.31 - 50.69,29.31,50.69,4.5447078264062695,10.3482633
VALE3,VALE3,Vale S.A.,BRL,78.7,79.73,77.55,77.55 - 79.73,0.25,0.32,2026-09-04T19:15:30.000Z,327052637120.0,8830700,78.71,78.2,56.05 - 91.62,56.05,91.62,32.49246521613476,2.4326809
BBAS3,BBAS3,Banco do Brasil S.A.,BRL,22.52,22.73,22.11,22.11 - 22.73,0.07,0.31,2026-09-04T19:15:30.000Z,128387432683.0,20778600,22.53,22.32,17.79 - 27.81,17.79,27.81,10.475880355398427,2.1496732
BBDC4,BBDC4,Banco Bradesco SA Pfd,BRL,17.85,17.98,17.63,17.63 - 17.98,0.06,0.34,2026-09-04T19:15:30.000Z,186837855348.0,26398500,17.84,17.74,15.68 - 22.09790212,15.68,22.09790212,7.775067514591864,2.2958377
PETR4,PETR4,Petroleo Brasileiro SA Pfd,BRL,47.0,47.45,46.72,46.72 - 47.45,-0.56,-1.18,2026-09-04T19:42:30.000Z,643916477278.0,21557100,47.0,47.32,29.31 - 50.69,29.31,50.69,4.541808799512964,10.3482633
VALE3,VALE3,Vale S.A.,BRL,78.81,79.73,77.55,77.55 - 79.73,0.36,0.46,2026-09-04T19:42:30.000Z,327052637120.0,9287000,78.82,78.2,56.05 - 91.62,56.05,91.62,32.53788035176087,2.4326809
BBAS3,BBAS3,Banco do Brasil S.A.,BRL,22.56,22.73,22.11,22.11 - 22.73,0.11,0.49,2026-09-04T19:42:30.000Z,128387432683.0,22044300,22.56,22.32,17.79 - 27.81,17.79,27.81,10.494487602921335,2.1496732
BBDC4,BBDC4,Banco Bradesco SA Pfd,BRL,17.87,17.98,17.63,17.63 - 17.98,0.08,0.45,2026-09-04T19:42:30.000Z,186837855348.0,27941600,17.87,17.74,15.68 - 22.09790212,15.68,22.09790212,7.783779074832303,2.2958377
PETR4,PETR4,Petroleo Brasileiro SA Pfd,BRL,47.11,47.45,46.72,46.72 - 47.45,-0.45,-0.95,2026-09-04T20:21:30.000Z,643916477278.0,23878700,46.92,47.32,29.31 - 50.69,29.31,50.69,4.552438564788419,10.3482633
VALE3,VALE3,Vale S.A.,BRL,78.46,79.73,77.55,77.55 - 79.73,0.01,0.01,2026-09-04T20:20:30.000Z,327052637120.0,10290800,78.46,78.2,56.05 - 91.62,56.05,91.62,32.393377647495974,2.4326809
BBAS3,BBAS3,Banco do Brasil S.A.,BRL,22.45,22.73,22.11,22.11 - 22.73,0.0,0.0,2026-09-04T20:20:30.000Z,128387432683.0,24081000,22.45,22.32,17.79 - 27.81,17.79,27.81,10.443317672233334,2.1496732
BBDC4,BBDC4,Banco Bradesco SA Pfd,BRL,17.84,17.98,17.63,17.63 - 17.98,0.05,0.28,2026-09-04T20:20:30.000Z,186837855348.0,30750800,17.84,17.74,15.68 - 22.09790212,15.68,22.09790212,7.770711734471645,2.2958377
PETR4,PETR4,Petroleo Brasileiro SA Pfd,BRL,47.11,47.45,46.72,46.72 - 47.45,-0.45,-0.95,2026-09-04T20:42:30.000Z,643916477278.0,29116600,46.92,47.32,29.31 - 50.69,29.31,50.69,4.552438564788419,10.3482633
VALE3,VALE3,Vale S.A.,BRL,78.62,79.73,77.55,77.55 - 79.73,0.17,0.22,2026-09-04T20:42:30.000Z,327052637120.0,13825200,78.46,78.2,56.05 - 91.62,56.05,91.62,32.4594360265885,2.4326809
BBAS3,BBAS3,Banco do Brasil S.A.,BRL,22.52,22.73,22.11,22.11 - 22.73,0.07,0.31,2026-09-04T20:42:30.000Z,128387432683.0,26770000,22.45,22.32,17.79 - 27.81,17.79,27.81,10.475880355398427,2.1496732
BBDC4,BBDC4,Banco Bradesco SA Pfd,BRL,17.9,17.98,17.63,17.63 - 17.98,0.11,0.62,2026-09-04T20:42:30.000Z,186837855348.0,44203100,17.84,17.74,15.68 - 22.09790212,15.68,22.09790212,7.796846415192961,2.2958377
PETR4,PETR4,Petroleo Brasileiro SA Pfd,BRL,47.11,47.45,46.72,46.72 - 47.45,-0.45,-0.95,2026-09-04T21:08:30.000Z,643916477278.0,29116600,46.92,47.32,29.31 - 50.69,29.31,50.69,4.552438564788419,10.3482633
VALE3,VALE3,Vale S.A.,BRL,78.62,79.73,77.55,77.55 - 79.73,0.17,0.22,2026-09-04T21:07:30.000Z,327052637120.0,13825200,78.46,78.2,56.05 - 91.62,56.05,91.62,32.4594360265885,2.4326809
BBAS3,BBAS3,Banco do Brasil S.A.,BRL,22.52,22.73,22.11,22.11 - 22.73,0.07,0.31,2026-09-04T21:08:30.000Z,128387432683.0,26770000,22.45,22.32,17.79 - 27.81,17.79,27.81,10.475880355398427,2.1496732
BBDC4,BBDC4,Banco Bradesco SA Pfd,BRL,17.9,17.98,17.63,17.63 - 17.98,0.11,0.62,2026-09-04T21:07:30.000Z,186837855348.0,44203100,17.84,17.74,15.68 - 22.09790212,15.68,22.09790212,7.796846415192961,2.2958377
PETR4,PETR4,Petroleo Brasileiro SA Pfd,BRL,47.11,47.45,46.72,46.72 - 47.45,-0.45,-0.95,2026-09-08T13:22:30.000Z,637284320565.0,29125700,46.92,47.32,29.31 - 50.69,29.31,50.69,4.552438564788419,10.3482633
VALE3,VALE3,Vale S.A.,BRL,79.82,80.0,79.51,79.51 - 80,1.2,1.53,2026-09-08T13:22:30.000Z,327761379591.0,348300,79.82,79.6,56.28 - 91.62,56.28,91.62,32.95487386978242,2.4326809
BBAS3,BBAS3,Banco do Brasil S.A.,BRL,22.88,23.04,22.82,22.82 - 23.04,0.36,1.6,2026-09-08T13:23:30.000Z,128787748087.0,1418200,22.82,22.84,17.79 - 27.81,17.79,27.81,10.643345583104615,2.1496732
BBDC4,BBDC4,Banco Bradesco SA Pfd,BRL,18.1,18.18,18.08,18.08 - 18.18,0.2,1.12,2026-09-08T13:22:30.000Z,188234085579.0,787200,18.1,18.1,15.68 - 22.09790212,15.68,22.09790212,7.883962017597353,2.2958377
PETR4,PETR4,Petroleo Brasileiro SA Pfd,BRL,47.88,48.15,47.71,47.71 - 48.15,0.77,1.63,2026-09-08T13:43:30.000Z,637284320565.0,2904800,47.84,48.1,29.31 - 50.69,29.31,50.69,4.626846921716611,10.3482633
VALE3,VALE3,Vale S.A.,BRL,80.2,80.33,79.51,79.51 - 80.33,1.58,2.01,2026-09-08T13:43:30.000Z,327761379591.0,1379900,80.15,79.6,56.28 - 91.62,56.28,91.62,33.111762520127165,2.4326809
BBAS3,BBAS3,Banco do Brasil S.A.,BRL,22.61,23.04,22.59,22.59 - 23.04,0.09,0.4,2026-09-08T13:43:30.000Z,128787748087.0,4753000,22.61,22.84,17.79 - 27.81,17.79,27.81,10.517746662324974,2.1496732
BBDC4,BBDC4,Banco Bradesco SA Pfd,BRL,18.16,18.24,18.08,18.08 - 18.24,0.26,1.45,2026-09-08T13:43:30.000Z,188234085579.0,3134700,18.16,18.1,15.68 - 22.09790212,15.68,22.09790212,7.91009669831867,2.2958377
PETR4,PETR4,Petroleo Brasileiro SA Pfd,BRL,48.34,48.5,47.61,47.61 - 48.5,1.23,2.61,2026-09-08T14:24:30.000Z,637284320565.0,8767700,48.36,48.1,29.31 - 50.69,29.31,50.69,4.671298667413971,10.3482633
VALE3,VALE3,Vale S.A.,BRL,80.27,81.08,79.51,79.51 - 81.08,1.65,2.1,2026-09-08T14:24:30.000Z,327761379591.0,4756400,80.28,79.6,56.28 - 91.62,56.28,91.62,33.14066306098014,2.4326809
BBAS3,BBAS3,Banco do Brasil S.A.,BRL,23.15,23.21,22.59,22.59 - 23.21,0.63,2.8,2026-09-08T14:24:30.000Z,128787748087.0,11899900,23.13,22.84,17.79 - 27.81,17.79,27.81,10.768944503884262,2.1496732
BBDC4,BBDC4,Banco Bradesco SA Pfd,BRL,18.41,18.42,18.08,18.08 - 18.42,0.51,2.85,2026-09-08T14:24:30.000Z,188234085579.0,9970900,18.4,18.1,15.68 - 22.09790212,15.68,22.09790212,8.018991201324157,2.2958377
PETR4,PETR4,Petroleo Brasileiro SA Pfd,BRL,48.31,48.5,47.61,47.61 - 48.5,1.2,2.55,2026-09-08T14:44:30.000Z,637284320565.0,10277700,48.3,48.1,29.31 - 50.69,29.31,50.69,4.668399640520666,10.3482633
VALE3,VALE3,Vale S.A.,BRL,80.47,81.08,79.51,79.51 - 81.08,1.85,2.35,2026-09-08T14:44:30.000Z,327761379591.0,6023100,80.48,79.6,56.28 - 91.62,56.28,91.62,33.2232360348458,2.4326809
BBAS3,BBAS3,Banco do Brasil S.A.,BRL,23.08,23.21,22.59,22.59 - 23.21,0.56,2.49,2026-09-08T14:45:30.000Z,128787748087.0,14003400,23.08,22.84,17.79 - 27.81,17.79,27.81,10.736381820719169,2.1496732
BBDC4,BBDC4,Banco Bradesco SA Pfd,BRL,18.38,18.42,18.08,18.08 - 18.42,0.48,2.68,2026-09-08T14:44:30.000Z,188234085579.0,13143100,18.39,18.1,15.68 - 22.09790212,15.68,22.09790212,8.005923860963499,2.2958377
PETR4,PETR4,Petroleo Brasileiro SA Pfd,BRL,48.21,48.5,47.61,47.61 - 48.5,1.1,2.33,2026-09-08T15:22:30.000Z,637284320565.0,14486700,48.21,48.1,29.31 - 50.69,29.31,50.69,4.6587362175429785,10.3482633
VALE3,VALE3,Vale S.A.,BRL,80.17,81.08,79.51,79.51 - 81.08,1.55,1.97,2026-09-08T15:23:30.000Z,327761379591.0,7678300,80.18,79.6,56.28 - 91.62,56.28,91.62,33.09937657404732,2.4326809
BBAS3,BBAS3,Banco do Brasil S.A.,BRL,23.03,23.21,22.59,22.59 - 23.21,0.51,2.26,2026-09-08T15:23:30.000Z,128787748087.0,16056400,23.03,22.84,17.79 - 27.81,17.79,27.81,10.713122761315532,2.1496732
BBDC4,BBDC4,Banco Bradesco SA Pfd,BRL,18.39,18.49,18.08,18.08 - 18.49,0.49,2.74,2026-09-08T15:22:30.000Z,188234085579.0,20611400,18.39,18.1,15.68 - 22.09790212,15.68,22.09790212,8.010279641083718,2.2958377
PETR4,PETR4,Petroleo Brasileiro SA Pfd,BRL,48.09,48.5,47.61,47.61 - 48.5,0.98,2.08,2026-09-08T15:44:30.000Z,637284320565.0,15624300,48.08,48.1,29.31 - 50.69,29.31,50.69,4.647140109969754,10.3482633
VALE3,VALE3,Vale S.A.,BRL,79.98,81.08,79.51,79.51 - 81.08,1.36,1.73,2026-09-08T15:44:30.000Z,327761379591.0,8281300,79.96,79.6,56.28 - 91.62,56.28,91.62,33.02093224887495,2.4326809
BBAS3,BBAS3,Banco do Brasil S.A.,BRL,22.94,23.21,22.59,22.59 - 23.21,0.42,1.87,2026-09-08T15:44:30.000Z,128787748087.0,16760000,22.95,22.84,17.79 - 27.81,17.79,27.81,10.671256454388985,2.1496732
BBDC4,BBDC4,Banco Bradesco SA Pfd,BRL,18.35,18.49,18.08,18.08 - 18.49,0.45,2.51,2026-09-08T15:44:30.000Z,188234085579.0,22047300,18.36,18.1,15.68 - 22.09790212,15.68,22.09790212,7.9928565206028415,2.2958377
PETR4,PETR4,Petroleo Brasileiro SA Pfd,BRL,47.73,48.5,47.61,47.61 - 48.5,0.62,1.32,2026-09-08T16:25:30.000Z,637284320565.0,17559200,47.72,48.1,29.31 - 50.69,29.31,50.69,4.61235178725008,10.3482633
VALE3,VALE3,Vale S.A.,BRL,79.75,81.08,79.51,79.51 - 81.08,1.13,1.44,2026-09-08T16:25:30.000Z,327761379591.0,9644100,79.74,79.6,56.28 - 91.62,56.28,91.62,32.925973328929445,2.4326809
BBAS3,BBAS3,Banco do Brasil S.A.,BRL,22.8,23.21,22.59,22.59 - 23.21,0.28,1.24,2026-09-08T16:25:30.000Z,128787748087.0,18081300,22.8,22.84,17.79 - 27.81,17.79,27.81,10.6061310880588,2.1496732
BBDC4,BBDC4,Banco Bradesco SA Pfd,BRL,18.29,18.49,18.08,18.08 - 18.49,0.39,2.18,2026-09-08T16:25:30.000Z,188234085579.0,24611000,18.29,18.1,15.68 - 22.09790212,15.68,22.09790212,7.966721839881523,2.2958377
PETR4,PETR4,Petroleo Brasileiro SA Pfd,BRL,47.7,48.5,47.61,47.61 - 48.5,0.59,1.25,2026-09-08T16:44:30.000Z,637284320565.0,18605200,47.7,48.1,29.31 - 50.69,29.31,50.69,4.609452760356774,10.3482633
VALE3,VALE3,Vale S.A.,BRL,79.79,81.08,79.51,79.51 - 81.08,1.17,1.49,2026-09-08T16:44:30.000Z,327761379591.0,10104900,79.8,79.6,56.28 - 91.62,56.28,91.62,32.94248792370258,2.4326809
BBAS3,BBAS3,Banco do Brasil S.A.,BRL,22.78,23.21,22.59,22.59 - 23.21,0.26,1.15,2026-09-08T16:44:30.000Z,128787748087.0,18636600,22.78,22.84,17.79 - 27.81,17.79,27.81,10.596827464297345,2.1496732
BBDC4,BBDC4,Banco Bradesco SA Pfd,BRL,18.26,18.49,18.08,18.08 - 18.49,0.36,2.01,2026-09-08T16:44:30.000Z,188234085579.0,25807400,18.25,18.1,15.68 - 22.09790212,15.68,22.09790212,7.953654499520866,2.2958377
PETR4,PETR4,Petroleo Brasileiro SA Pfd,BRL,47.56,48.5,47.53,47.53 - 48.5,0.45,0.96,2026-09-08T17:20:30.000Z,637284320565.0,20723300,47.55,48.1,29.31 - 50.69,29.31,50.69,4.595923968188012,10.3482633
VALE3,VALE3,Vale S.A.,BRL,79.77,81.08,79.51,79.51 - 81.08,1.15,1.46,2026-09-08T17:20:30.000Z,327761379591.0,11109100,79.75,79.6,56.28 - 91.62,56.28,91.62,32.93423062631601,2.4326809
BBAS3,BBAS3,Banco do Brasil S.A.,BRL,22.72,23.21,22.59,22.59 - 23.21,0.2,0.89,2026-09-08T17:20:30.000Z,128787748087.0,20149100,22.72,22.84,17.79 - 27.81,17.79,27.81,10.568916593012975,2.1496732
BBDC4,BBDC4,Banco Bradesco SA Pfd,BRL,18.24,18.49,18.08,18.08 - 18.49,0.34,1.9,2026-09-08T17:20:30.000Z,188234085579.0,27470200,18.23,18.1,15.68 - 22.09790212,15.68,22.09790212,7.944942939280425,2.2958377
PETR4,PETR4,Petroleo Brasileiro SA Pfd,BRL,47.64,48.5,47.53,47.53 - 48.5,0.53,1.13,2026-09-08T17:42:30.000Z,637284320565.0,21771100,47.64,48.1,29.31 - 50.69,29.31,50.69,4.603654706570161,10.3482633
VALE3,VALE3,Vale S.A.,BRL,79.64,81.08,79.51,79.51 - 81.08,1.02,1.3,2026-09-08T17:42:30.000Z,327761379591.0,11505100,79.64,79.6,56.28 - 91.62,56.28,91.62,32.88055819330334,2.4326809
BBAS3,BBAS3,Banco do Brasil S.A.,BRL,22.76,23.21,22.59,22.59 - 23.21,0.24,1.07,2026-09-08T17:42:30.000Z,128787748087.0,21034100,22.76,22.84,17.79 - 27.81,17.79,27.81,10.587523840535887,2.1496732
BBDC4,BBDC4,Banco Bradesco SA Pfd,BRL,18.25,18.49,18.08,18.08 - 18.49,0.35,1.96,2026-09-08T17:42:30.000Z,188234085579.0,28561300,18.26,18.1,15.68 - 22.09790212,15.68,22.09790212,7.949298719400645,2.2958377
PETR4,PETR4,Petroleo Brasileiro SA Pfd,BRL,47.94,48.5,47.53,47.53 - 48.5,0.83,1.76,2026-09-08T18:26:30.000Z,637284320565.0,23373800,47.93,48.1,29.31 - 50.69,29.31,50.69,4.632644975503222,10.3482633
VALE3,VALE3,Vale S.A.,BRL,79.85,81.08,79.51,79.51 - 81.08,1.23,1.56,2026-09-08T18:26:30.000Z,327761379591.0,12389200,79.82,79.6,56.28 - 91.62,56.28,91.62,32.96725981586227,2.4326809
BBAS3,BBAS3,Banco do Brasil S.A.,BRL,22.81,23.21,22.59,22.59 - 23.21,0.29,1.29,2026-09-08T18:26:30.000Z,128787748087.0,22315300,22.81,22.84,17.79 - 27.81,17.79,27.81,10.610782899939524,2.1496732
BBDC4,BBDC4,Banco Bradesco SA Pfd,BRL,18.31,18.49,18.08,18.08 - 18.49,0.41,2.29,2026-09-08T18:27:30.000Z,188234085579.0,31729500,18.31,18.1,15.68 - 22.09790212,15.68,22.09790212,7.975433400121962,2.2958377
PETR4,PETR4,Petroleo Brasileiro SA Pfd,BRL,48.21,48.5,47.53,47.53 - 48.5,1.1,2.33,2026-09-08T18:46:30.000Z,637284320565.0,24776800,48.21,48.1,29.31 - 50.69,29.31,50.69,4.6587362175429785,10.3482633
VALE3,VALE3,Vale S.A.,BRL,79.9,81.08,79.51,79.51 - 81.08,1.28,1.63,2026-09-08T18:46:30.000Z,327761379591.0,12913900,79.89,79.6,56.28 - 91.62,56.28,91.62,32.98790305932869,2.4326809
BBAS3,BBAS3,Banco do Brasil S.A.,BRL,22.84,23.21,22.59,22.59 - 23.21,0.32,1.42,2026-09-08T18:46:30.000Z,128787748087.0,22839900,22.85,22.84,17.79 - 27.81,17.79,27.81,10.624738335581709,2.1496732
BBDC4,BBDC4,Banco Bradesco SA Pfd,BRL,18.33,18.49,18.08,18.08 - 18.49,0.43,2.4,2026-09-08T18:47:30.000Z,188234085579.0,32699600,18.34,18.1,15.68 - 22.09790212,15.68,22.09790212,7.984144960362401,2.2958377
PETR4,PETR4,Petroleo Brasileiro SA Pfd,BRL,48.26,48.5,47.53,47.53 - 48.5,1.15,2.44,2026-09-08T19:17:30.000Z,637284320565.0,27965700,48.27,48.1,29.31 - 50.69,29.31,50.69,4.663567929031822,10.3482633
VALE3,VALE3,Vale S.A.,BRL,79.68,81.08,79.47,79.47 - 81.08,1.06,1.35,2026-09-08T19:18:30.000Z,327761379591.0,14077100,79.69,79.6,56.28 - 91.62,56.28,91.62,32.897072788076464,2.4326809
BBAS3,BBAS3,Banco do Brasil S.A.,BRL,22.7,23.21,22.59,22.59 - 23.21,0.18,0.8,2026-09-08T19:18:30.000Z,128787748087.0,24767500,22.7,22.84,17.79 - 27.81,17.79,27.81,10.559612969251525,2.1496732
BBDC4,BBDC4,Banco Bradesco SA Pfd,BRL,18.31,18.49,18.08,18.08 - 18.49,0.41,2.29,2026-09-08T19:17:30.000Z,188234085579.0,35733700,18.3,18.1,15.68 - 22.09790212,15.68,22.09790212,7.975433400121962,2.2958377
PETR4,PETR4,Petroleo Brasileiro SA Pfd,BRL,48.11,48.5,47.53,47.53 - 48.5,1.0,2.12,2026-09-08T19:42:30.000Z,637284320565.0,28956000,48.11,48.1,29.31 - 50.69,29.31,50.69,4.649072794565291,10.3482633
VALE3,VALE3,Vale S.A.,BRL,79.48,81.08,79.47,79.47 - 81.08,0.86,1.09,2026-09-08T19:42:30.000Z,327761379591.0,14641100,79.47,79.6,56.28 - 91.62,56.28,91.62,32.81449981421081,2.4326809
BBAS3,BBAS3,Banco do Brasil S.A.,BRL,22.63,23.21,22.59,22.59 - 23.21,0.11,0.49,2026-09-08T19:42:30.000Z,128787748087.0,26343200,22.63,22.84,17.79 - 27.81,17.79,27.81,10.52705028608643,2.1496732
BBDC4,BBDC4,Banco Bradesco SA Pfd,BRL,18.25,18.49,18.08,18.08 - 18.49,0.35,1.96,2026-09-08T19:42:30.000Z,188234085579.0,37068800,18.25,18.1,15.68 - 22.09790212,15.68,22.09790212,7.949298719400645,2.2958377
PETR4,PETR4,Petroleo Brasileiro SA Pfd,BRL,48.09,48.5,47.53,47.53 - 48.5,0.98,2.08,2026-09-08T20:21:30.000Z,637284320565.0,30426700,48.08,48.1,29.31 - 50.69,29.31,50.69,4.647140109969754,10.3482633
VALE3,VALE3,Vale S.A.,BRL,79.39,81.08,79.26,79.26 - 81.08,0.77,0.98,2026-09-08T20:20:30.000Z,327761379591.0,15686700,79.39,79.6,56.28 - 91.62,56.28,91.62,32.77734197597127,2.4326809
BBAS3,BBAS3,Banco do Brasil S.A.,BRL,22.65,23.21,22.58,22.58 - 23.21,0.13,0.58,2026-09-08T20:20:30.000Z,128787748087.0,28278200,22.65,22.84,17.79 - 27.81,17.79,27.81,10.536353909847884,2.1496732
BBDC4,BBDC4,Banco Bradesco SA Pfd,BRL,18.22,18.49,18.08,18.08 - 18.49,0.32,1.79,2026-09-08T20:21:30.000Z,188234085579.0,39808800,18.19,18.1,15.68 - 22.09790212,15.68,22.09790212,7.936231379039986,2.2958377
PETR4,PETR4,Petroleo Brasileiro SA Pfd,BRL,48.09,48.5,47.53,47.53 - 48.5,0.98,2.08,2026-09-08T20:42:30.000Z,637284320565.0,34303000,48.08,48.1,29.31 - 50.69,29.31,50.69,4.647140109969754,10.3482633
VALE3,VALE3,Vale S.A.,BRL,79.02,81.08,79.02,79.02 - 81.08,0.4,0.51,2026-09-08T20:42:30.000Z,327761379591.0,17852100,79.39,79.6,56.28 - 91.62,56.28,91.62,32.6245819743198,2.4326809
BBAS3,BBAS3,Banco do Brasil S.A.,BRL,22.6,23.21,22.58,22.58 - 23.21,0.08,0.36,2026-09-08T20:42:30.000Z,128787748087.0,30078000,22.65,22.84,17.79 - 27.81,17.79,27.81,10.513094850444247,2.1496732
BBDC4,BBDC4,Banco Bradesco SA Pfd,BRL,18.22,18.49,18.08,18.08 - 18.49,0.32,1.79,2026-09-08T20:42:30.000Z,188234085579.0,43054400,18.19,18.1,15.68 - 22.09790212,15.68,22.09790212,7.936231379039986,2.2958377
PETR4,PETR4,Petroleo Brasileiro SA Pfd,BRL,48.79,48.92,48.55,48.55 - 48.92,0.7,1.46,2026-09-09T13:21:30.000Z,651643298160.0,958300,48.79,48.74,29.31 - 50.69,29.31,50.69,4.714784070813564,10.3482633
VALE3,VALE3,Vale S.A.,BRL,78.76,79.01,78.36,78.36 - 79.01,-0.26,-0.33,2026-09-09T13:21:30.000Z,329428926612.0,296900,78.81,78.5,56.31 - 91.62,56.31,91.62,32.51723710829446,2.4326809
BBAS3,BBAS3,Banco do Brasil S.A.,BRL,22.55,22.55,22.23,22.23 - 22.55,-0.05,-0.22,2026-09-09T13:22:30.000Z,129245252963.0,571700,22.54,22.44,17.79 - 27.81,17.79,27.81,10.48983579104061,2.1496732
BBDC4,BBDC4,Banco Bradesco SA Pfd,BRL,18.1,18.11,17.91,17.91 - 18.11,-0.12,-0.66,2026-09-09T13:21:30.000Z,191304932303.0,357200,18.08,18.0,15.68 - 22.09790212,15.68,22.09790212,7.883962017597353,2.2958377
PETR4,PETR4,Petroleo Brasileiro SA Pfd,BRL,48.78,48.92,48.55,48.55 - 48.92,0.69,1.43,2026-09-09T13:43:30.000Z,651643298160.0,3415200,48.8,48.74,29.31 - 50.69,29.31,50.69,4.713817728515795,10.3482633
VALE3,VALE3,Vale S.A.,BRL,78.94,79.06,78.36,78.36 - 79.06,-0.08,-0.1,2026-09-09T13:43:30.000Z,329428926612.0,869300,78.94,78.5,56.31 - 91.62,56.31,91.62,32.59155278477354,2.4326809
BBAS3,BBAS3,Banco do Brasil S.A.,BRL,22.59,22.65,22.23,22.23 - 22.65,-0.01,-0.04,2026-09-09T13:43:30.000Z,129245252963.0,1832400,22.58,22.44,17.79 - 27.81,17.79,27.81,10.50844303856352,2.1496732
BBDC4,BBDC4,Banco Bradesco SA Pfd,BRL,18.04,18.15,17.91,17.91 - 18.15,-0.18,-0.99,2026-09-09T13:43:30.000Z,191304932303.0,1157500,18.04,18.0,15.68 - 22.09790212,15.68,22.09790212,7.857827336876035,2.2958377
PETR4,PETR4,Petroleo Brasileiro SA Pfd,BRL,48.75,48.95,48.55,48.55 - 48.95,0.66,1.37,2026-09-09T14:21:30.000Z,651643298160.0,7537700,48.78,48.74,29.31 - 50.69,29.31,50.69,4.7109187016224885,10.3482633
VALE3,VALE3,Vale S.A.,BRL,79.71,80.04,78.36,78.36 - 80.04,0.69,0.87,2026-09-09T14:22:30.000Z,329428926612.0,5946000,79.75,78.5,56.31 - 91.62,56.31,91.62,32.90945873415631,2.4326809
BBAS3,BBAS3,Banco do Brasil S.A.,BRL,22.35,22.65,22.23,22.23 - 22.65,-0.25,-1.11,2026-09-09T14:22:30.000Z,129245252963.0,4919200,22.32,22.44,17.79 - 27.81,17.79,27.81,10.396799553426058,2.1496732
BBDC4,BBDC4,Banco Bradesco SA Pfd,BRL,17.92,18.15,17.8,17.8 - 18.15,-0.3,-1.65,2026-09-09T14:22:30.000Z,191304932303.0,4560300,17.92,18.0,15.68 - 22.09790212,15.68,22.09790212,7.805557975433401,2.2958377
PETR4,PETR4,Petroleo Brasileiro SA Pfd,BRL,48.51,48.95,48.48,48.48 - 48.95,0.42,0.87,2026-09-09T14:44:30.000Z,651643298160.0,9929100,48.5,48.74,29.31 - 50.69,29.31,50.69,4.68772648647604,10.3482633
VALE3,VALE3,Vale S.A.,BRL,79.07,80.04,78.36,78.36 - 80.04,0.05,0.06,2026-09-09T14:44:30.000Z,329428926612.0,8294100,79.08,78.5,56.31 - 91.62,56.31,91.62,32.64522521778622,2.4326809
BBAS3,BBAS3,Banco do Brasil S.A.,BRL,22.38,22.65,22.23,22.23 - 22.65,-0.22,-0.97,2026-09-09T14:44:30.000Z,129245252963.0,6224600,22.38,22.44,17.79 - 27.81,17.79,27.81,10.41075498906824,2.1496732
BBDC4,BBDC4,Banco Bradesco SA Pfd,BRL,17.95,18.15,17.8,17.8 - 18.15,-0.27,-1.48,2026-09-09T14:44:30.000Z,191304932303.0,5667200,17.97,18.0,15.68 - 22.09790212,15.68,22.09790212,7.818625315794059,2.2958377
PETR4,PETR4,Petroleo Brasileiro SA Pfd,BRL,48.4,48.95,48.34,48.34 - 48.95,0.31,0.64,2026-09-09T15:20:30.000Z,651643298160.0,12177300,48.42,48.74,29.31 - 50.69,29.31,50.69,4.677096721200583,10.3482633
VALE3,VALE3,Vale S.A.,BRL,78.49,80.04,78.36,78.36 - 80.04,-0.53,-0.67,2026-09-09T15:21:30.000Z,329428926612.0,9697600,78.49,78.5,56.31 - 91.62,56.31,91.62,32.40576359357582,2.4326809
BBAS3,BBAS3,Banco do Brasil S.A.,BRL,22.29,22.65,22.23,22.23 - 22.65,-0.31,-1.37,2026-09-09T15:20:30.000Z,129245252963.0,8771900,22.3,22.44,17.79 - 27.81,17.79,27.81,10.368888682141693,2.1496732
BBDC4,BBDC4,Banco Bradesco SA Pfd,BRL,17.88,18.15,17.8,17.8 - 18.15,-0.34,-1.87,2026-09-09T15:21:30.000Z,191304932303.0,7638600,17.87,18.0,15.68 - 22.09790212,15.68,22.09790212,7.788134854952522,2.2958377
PETR4,PETR4,Petroleo Brasileiro SA Pfd,BRL,48.56,48.95,48.31,48.31 - 48.95,0.47,0.98,2026-09-09T15:43:30.000Z,651643298160.0,13840400,48.55,48.74,29.31 - 50.69,29.31,50.69,4.692558197964884,10.3482633
VALE3,VALE3,Vale S.A.,BRL,78.72,80.04,78.36,78.36 - 80.04,-0.3,-0.38,2026-09-09T15:43:30.000Z,329428926612.0,10176600,78.69,78.5,56.31 - 91.62,56.31,91.62,32.500722513521325,2.4326809
BBAS3,BBAS3,Banco do Brasil S.A.,BRL,22.16,22.65,22.11,22.11 - 22.65,-0.44,-1.95,2026-09-09T15:44:30.000Z,129245252963.0,13686800,22.16,22.44,17.79 - 27.81,17.79,27.81,10.308415127692236,2.1496732
BBDC4,BBDC4,Banco Bradesco SA Pfd,BRL,17.82,18.15,17.8,17.8 - 18.15,-0.4,-2.2,2026-09-09T15:43:30.000Z,191304932303.0,9537000,17.83,18.0,15.68 - 22.09790212,15.68,22.09790212,7.762000174231205,2.2958377
PETR4,PETR4,Petroleo Brasileiro SA Pfd,BRL,48.57,48.95,48.31,48.31 - 48.95,0.48,1.0,2026-09-09T16:23:30.000Z,651643298160.0,14942000,48.57,48.74,29.31 - 50.69,29.31,50.69,4.693524540262652,10.3482633
VALE3,VALE3,Vale S.A.,BRL,78.66,80.04,78.36,78.36 - 80.04,-0.36,-0.46,2026-09-09T16:24:30.000Z,329428926612.0,10898900,78.65,78.5,56.31 - 91.62,56.31,91.62,32.475950621361626,2.4326809
BBAS3,BBAS3,Banco do Brasil S.A.,BRL,22.13,22.65,22.11,22.11 - 22.65,-0.47,-2.08,2026-09-09T16:23:30.000Z,129245252963.0,14831100,22.13,22.44,17.79 - 27.81,17.79,27.81,10.294459692050053,2.1496732
BBDC4,BBDC4,Banco Bradesco SA Pfd,BRL,17.84,18.15,17.8,17.8 - 18.15,-0.38,-2.09,2026-09-09T16:24:30.000Z,191304932303.0,12981800,17.84,18.0,15.68 - 22.09790212,15.68,22.09790212,7.770711734471645,2.2958377
PETR4,PETR4,Petroleo Brasileiro SA Pfd,BRL,48.45,48.95,48.31,48.31 - 48.95,0.36,0.75,2026-09-09T16:44:30.000Z,651643298160.0,16599600,48.45,48.74,29.31 - 50.69,29.31,50.69,4.681928432689428,10.3482633
VALE3,VALE3,Vale S.A.,BRL,78.7,80.04,78.36,78.36 - 80.04,-0.32,-0.4,2026-09-09T16:44:30.000Z,329428926612.0,11403400,78.7,78.5,56.31 - 91.62,56.31,91.62,32.49246521613476,2.4326809
BBAS3,BBAS3,Banco do Brasil S.A.,BRL,22.14,22.65,22.09,22.09 - 22.65,-0.46,-2.04,2026-09-09T16:44:30.000Z,129245252963.0,15294500,22.14,22.44,17.79 - 27.81,17.79,27.81,10.29911150393078,2.1496732
BBDC4,BBDC4,Banco Bradesco SA Pfd,BRL,17.85,18.15,17.8,17.8 - 18.15,-0.37,-2.03,2026-09-09T16:44:30.000Z,191304932303.0,13475600,17.85,18.0,15.68 - 22.09790212,15.68,22.09790212,7.775067514591864,2.2958377
PETR4,PETR4,Petroleo Brasileiro SA Pfd,BRL,48.45,48.95,48.31,48.31 - 48.95,0.36,0.75,2026-09-09T17:19:30.000Z,651643298160.0,17775600,48.45,48.74,29.31 - 50.69,29.31,50.69,4.681928432689428,10.3482633
VALE3,VALE3,Vale S.A.,BRL,78.83,80.04,78.36,78.36 - 80.04,-0.19,-0.24,2026-09-09T17:19:30.000Z,329428926612.0,12146200,78.84,78.5,56.31 - 91.62,56.31,91.62,32.54613764914743,2.4326809
BBAS3,BBAS3,Banco do Brasil S.A.,BRL,22.13,22.65,22.09,22.09 - 22.65,-0.47,-2.08,2026-09-09T17:19:30.000Z,129245252963.0,15958000,22.13,22.44,17.79 - 27.81,17.79,27.81,10.294459692050053,2.1496732
BBDC4,BBDC4,Banco Bradesco SA Pfd,BRL,17.92,18.15,17.8,17.8 - 18.15,-0.3,-1.65,2026-09-09T17:19:30.000Z,191304932303.0,15180700,17.93,18.0,15.68 - 22.09790212,15.68,22.09790212,7.805557975433401,2.2958377
PETR4,PETR4,Petroleo Brasileiro SA Pfd,BRL,48.49,48.95,48.31,48.31 - 48.95,0.4,0.83,2026-09-09T17:42:30.000Z,651643298160.0,18769000,48.49,48.74,29.31 - 50.69,29.31,50.69,4.685793801880502,10.3482633
VALE3,VALE3,Vale S.A.,BRL,78.93,80.04,78.36,78.36 - 80.04,-0.09,-0.11,2026-09-09T17:42:30.000Z,329428926612.0,12412300,78.95,78.5,56.31 - 91.62,56.31,91.62,32.587424136080266,2.4326809
BBAS3,BBAS3,Banco do Brasil S.A.,BRL,22.19,22.65,22.09,22.09 - 22.65,-0.41,-1.81,2026-09-09T17:42:30.000Z,129245252963.0,19442100,22.19,22.44,17.79 - 27.81,17.79,27.81,10.322370563334418,2.1496732
BBDC4,BBDC4,Banco Bradesco SA Pfd,BRL,17.92,18.15,17.8,17.8 - 18.15,-0.3,-1.65,2026-09-09T17:42:30.000Z,191304932303.0,15865100,17.92,18.0,15.68 - 22.09790212,15.68,22.09790212,7.805557975433401,2.2958377
PETR4,PETR4,Petroleo Brasileiro SA Pfd,BRL,48.6,48.95,48.31,48.31 - 48.95,0.51,1.06,2026-09-09T18:26:30.000Z,651643298160.0,24359900,48.58,48.74,29.31 - 50.69,29.31,50.69,4.696423567155958,10.3482633
VALE3,VALE3,Vale S.A.,BRL,78.72,80.04,78.36,78.36 - 80.04,-0.3,-0.38,2026-09-09T18:26:30.000Z,329428926612.0,13585800,78.65,78.5,56.31 - 91.62,56.31,91.62,32.500722513521325,2.4326809
BBAS3,BBAS3,Banco do Brasil S.A.,BRL,22.11,22.65,22.09,22.09 - 22.65,-0.49,-2.17,2026-09-09T18:26:30.000Z,129245252963.0,21654600,22.11,22.44,17.79 - 27.81,17.79,27.81,10.285156068288597,2.1496732
BBDC4,BBDC4,Banco Bradesco SA Pfd,BRL,17.9,18.15,17.8,17.8 - 18.15,-0.32,-1.76,2026-09-09T18:26:30.000Z,191304932303.0,16961300,17.91,18.0,15.68 - 22.09790212,15.68,22.09790212,7.796846415192961,2.2958377
PETR4,PETR4,Petroleo Brasileiro SA Pfd,BRL,48.59,48.95,48.31,48.31 - 48.95,0.5,1.04,2026-09-09T18:44:30.000Z,651643298160.0,25188900,48.6,48.74,29.31 - 50.69,29.31,50.69,4.695457224858189,10.3482633
VALE3,VALE3,Vale S.A.,BRL,78.87,80.04,78.36,78.36 - 80.04,-0.15,-0.19,2026-09-09T18:44:30.000Z,329428926612.0,13955100,78.87,78.5,56.31 - 91.62,56.31,91.62,32.56265224392057,2.4326809
BBAS3,BBAS3,Banco do Brasil S.A.,BRL,22.13,22.65,22.09,22.09 - 22.65,-0.47,-2.08,2026-09-09T18:44:30.000Z,129245252963.0,22421000,22.13,22.44,17.79 - 27.81,17.79,27.81,10.294459692050053,2.1496732
BBDC4,BBDC4,Banco Bradesco SA Pfd,BRL,17.9,18.15,17.8,17.8 - 18.15,-0.32,-1.76,2026-09-09T18:44:30.000Z,191304932303.0,17522800,17.9,18.0,15.68 - 22.09790212,15.68,22.09790212,7.796846415192961,2.2958377
PETR4,PETR4,Petroleo Brasileiro SA Pfd,BRL,48.32,48.95,48.19,48.19 - 48.95,0.23,0.48,2026-09-09T19:17:30.000Z,651643298160.0,28006200,48.33,48.74,29.31 - 50.69,29.31,50.69,4.669365982818434,10.3482633
VALE3,VALE3,Vale S.A.,BRL,78.82,80.04,78.36,78.36 - 80.04,-0.2,-0.25,2026-09-09T19:16:30.000Z,329428926612.0,14701100,78.83,78.5,56.31 - 91.62,56.31,91.62,32.54200900045415,2.4326809
BBAS3,BBAS3,Banco do Brasil S.A.,BRL,22.05,22.65,22.03,22.03 - 22.65,-0.55,-2.43,2026-09-09T19:17:30.000Z,129245252963.0,24007800,22.06,22.44,17.79 - 27.81,17.79,27.81,10.257245197004233,2.1496732
BBDC4,BBDC4,Banco Bradesco SA Pfd,BRL,17.78,18.15,17.74,17.74 - 18.15,-0.44,-2.41,2026-09-09T19:17:30.000Z,191304932303.0,20893000,17.78,18.0,15.68 - 22.09790212,15.68,22.09790212,7.744577053750327,2.2958377
PETR4,PETR4,Petroleo Brasileiro SA Pfd,BRL,48.46,48.95,48.19,48.19 - 48.95,0.37,0.77,2026-09-09T19:42:30.000Z,651643298160.0,29496200,48.47,48.74,29.31 - 50.69,29.31,50.69,4.682894774987196,10.3482633
VALE3,VALE3,Vale S.A.,BRL,78.8,80.04,78.36,78.36 - 80.04,-0.22,-0.28,2026-09-09T19:42:30.000Z,329428926612.0,15592900,78.81,78.5,56.31 - 91.62,56.31,91.62,32.53375170306759,2.4326809
BBAS3,BBAS3,Banco do Brasil S.A.,BRL,22.1,22.65,21.97,21.97 - 22.65,-0.5,-2.21,2026-09-09T19:42:30.000Z,129245252963.0,26098800,22.1,22.44,17.79 - 27.81,17.79,27.81,10.280504256407871,2.1496732
BBDC4,BBDC4,Banco Bradesco SA Pfd,BRL,17.83,18.15,17.74,17.74 - 18.15,-0.39,-2.14,2026-09-09T19:42:30.000Z,191304932303.0,22746500,17.83,18.0,15.68 - 22.09790212,15.68,22.09790212,7.766355954351424,2.2958377
PETR4,PETR4,Petroleo Brasileiro SA Pfd,BRL,48.42,48.95,48.19,48.19 - 48.95,0.33,0.69,2026-09-09T20:22:30.000Z,651643298160.0,40301200,48.53,48.74,29.31 - 50.69,29.31,50.69,4.679029405796121,10.3482633
VALE3,VALE3,Vale S.A.,BRL,79.1,80.04,78.36,78.36 - 80.04,0.08,0.1,2026-09-09T20:21:30.000Z,329428926612.0,17284000,78.94,78.5,56.31 - 91.62,56.31,91.62,32.657611163866065,2.4326809
BBAS3,BBAS3,Banco do Brasil S.A.,BRL,22.18,22.65,21.97,21.97 - 22.65,-0.42,-1.86,2026-09-09T20:21:30.000Z,129245252963.0,30168000,22.12,22.44,17.79 - 27.81,17.79,27.81,10.31771875145369,2.1496732
BBDC4,BBDC4,Banco Bradesco SA Pfd,BRL,17.79,18.15,17.74,17.74 - 18.15,-0.43,-2.36,2026-09-09T20:21:30.000Z,191304932303.0,26920300,17.83,18.0,15.68 - 22.09790212,15.68,22.09790212,7.748932833870547,2.2958377
PETR4,PETR4,Petroleo Brasileiro SA Pfd,BRL,48.42,48.95,48.19,48.19 - 48.95,0.33,0.69,2026-09-09T20:42:30.000Z,651643298160.0,40301200,48.53,48.74,29.31 - 50.69,29.31,50.69,4.679029405796121,10.3482633
VALE3,VALE3,Vale S.A.,BRL,79.1,80.04,78.36,78.36 - 80.04,0.08,0.1,2026-09-09T20:42:30.000Z,329428926612.0,19062600,78.94,78.5,56.31 - 91.62,56.31,91.62,32.657611163866065,2.4326809
BBAS3,BBAS3,Banco do Brasil S.A.,BRL,22.18,22.65,21.97,21.97 - 22.65,-0.42,-1.86,2026-09-09T20:42:30.000Z,129245252963.0,30168000,22.12,22.44,17.79 - 27.81,17.79,27.81,10.31771875145369,2.1496732
BBDC4,BBDC4,Banco Bradesco SA Pfd,BRL,17.79,18.15,17.74,17.74 - 18.15,-0.43,-2.36,2026-09-09T20:41:30.000Z,191304932303.0,29936300,17.83,18.0,15.68 - 22.09790212,15.68,22.09790212,7.748932833870547,2.2958377
PETR4,PETR4,Petroleo Brasileiro SA Pfd,BRL,49.05,49.08,48.91,48.91 - 49.08,0.63,1.3,2026-09-10T13:20:30.000Z,656744968643.0,877200,48.98,48.91,29.31 - 50.69,29.31,50.69,4.7399089705555495,10.3482633
VALE3,VALE3,Vale S.A.,BRL,79.1,80.04,78.36,78.36 - 80.04,0.08,0.1,2026-09-10T13:20:30.000Z,329762448738.0,19118100,78.94,78.5,56.31 - 91.62,56.31,91.62,32.657611163866065,2.4326809
BBAS3,BBAS3,Banco do Brasil S.A.,BRL,22.02,22.02,21.91,21.91 - 22.02,-0.16,-0.72,2026-09-10T13:20:30.000Z,126843349636.0,231700,22.0,22.0,17.79 - 27.81,17.79,27.81,10.24328976136205,2.1496732
BBDC4,BBDC4,Banco Bradesco SA Pfd,BRL,17.73,17.75,17.66,17.66 - 17.75,-0.06,-0.34,2026-09-10T13:20:30.000Z,187732232777.0,207300,17.72,17.75,15.68 - 22.09790212,15.68,22.09790212,7.722798153149229,2.2958377
PETR4,PETR4,Petroleo Brasileiro SA Pfd,BRL,49.22,49.25,48.91,48.91 - 49.25,0.8,1.65,2026-09-10T13:42:30.000Z,656744968643.0,3450800,49.22,48.91,29.31 - 50.69,29.31,50.69,4.7563367896176185,10.3482633
VALE3,VALE3,Vale S.A.,BRL,77.56,77.91,77.36,77.36 - 77.91,-1.54,-1.95,2026-09-10T13:42:30.000Z,329762448738.0,1480000,77.57,77.78,56.54 - 91.62,56.54,91.62,32.02179926510053,2.4326809
BBAS3,BBAS3,Banco do Brasil S.A.,BRL,22.15,22.21,21.91,21.91 - 22.21,-0.03,-0.14,2026-09-10T13:42:30.000Z,126843349636.0,4568300,22.16,22.0,17.79 - 27.81,17.79,27.81,10.303763315811509,2.1496732
BBDC4,BBDC4,Banco Bradesco SA Pfd,BRL,17.76,17.81,17.66,17.66 - 17.81,-0.03,-0.17,2026-09-10T13:42:30.000Z,187732232777.0,1549300,17.78,17.75,15.68 - 22.09790212,15.68,22.09790212,7.735865493509888,2.2958377
PETR4,PETR4,Petroleo Brasileiro SA Pfd,BRL,48.92,49.25,48.64,48.64 - 49.25,0.5,1.03,2026-09-10T14:21:30.000Z,656744968643.0,7677200,48.94,48.91,29.31 - 50.69,29.31,50.69,4.727346520684557,10.3482633
VALE3,VALE3,Vale S.A.,BRL,78.06,78.1,77.18,77.18 - 78.1,-1.04,-1.31,2026-09-10T14:21:30.000Z,329762448738.0,4637600,78.06,77.78,56.54 - 91.62,56.54,91.62,32.22823169976467,2.4326809
BBAS3,BBAS3,Banco do Brasil S.A.,BRL,22.46,22.49,21.91,21.91 - 22.49,0.28,1.26,2026-09-10T14:22:30.000Z,126843349636.0,8358200,22.46,22.0,17.79 - 27.81,17.79,27.81,10.44796948411406,2.1496732
BBDC4,BBDC4,Banco Bradesco SA Pfd,BRL,17.97,17.99,17.66,17.66 - 17.99,0.18,1.01,2026-09-10T14:21:30.000Z,187732232777.0,6566800,17.97,17.75,15.68 - 22.09790212,15.68,22.09790212,7.827336876034498,2.2958377
PETR4,PETR4,Petroleo Brasileiro SA Pfd,BRL,48.75,49.25,48.54,48.54 - 49.25,0.33,0.68,2026-09-10T14:44:30.000Z,656744968643.0,11681700,48.69,48.91,29.31 - 50.69,29.31,50.69,4.7109187016224885,10.3482633
VALE3,VALE3,Vale S.A.,BRL,78.24,78.41,77.18,77.18 - 78.41,-0.86,-1.09,2026-09-10T14:44:30.000Z,329762448738.0,5807400,78.24,77.78,56.54 - 91.62,56.54,91.62,32.30254737624375,2.4326809
BBAS3,BBAS3,Banco do Brasil S.A.,BRL,22.6,22.71,21.91,21.91 - 22.71,0.42,1.89,2026-09-10T14:44:30.000Z,126843349636.0,10578600,22.62,22.0,17.79 - 27.81,17.79,27.81,10.513094850444247,2.1496732
BBDC4,BBDC4,Banco Bradesco SA Pfd,BRL,18.09,18.12,17.66,17.66 - 18.12,0.3,1.69,2026-09-10T14:44:30.000Z,187732232777.0,9724000,18.09,17.75,15.68 - 22.09790212,15.68,22.09790212,7.879606237477133,2.2958377
PETR4,PETR4,Petroleo Brasileiro SA Pfd,BRL,49.47,49.48,48.54,48.54 - 49.48,1.05,2.17,2026-09-10T15:21:30.000Z,656744968643.0,18217400,49.46,48.91,29.31 - 50.69,29.31,50.69,4.780495347061836,10.3482633
VALE3,VALE3,Vale S.A.,BRL,78.58,78.59,77.18,77.18 - 78.59,-0.52,-0.66,2026-09-10T15:21:30.000Z,329762448738.0,8884000,78.58,77.78,56.54 - 91.62,56.54,91.62,32.442921431815364,2.4326809
BBAS3,BBAS3,Banco do Brasil S.A.,BRL,22.86,22.91,21.91,21.91 - 22.91,0.68,3.07,2026-09-10T15:21:30.000Z,126843349636.0,14166200,22.86,22.0,17.79 - 27.81,17.79,27.81,10.634041959343165,2.1496732
BBDC4,BBDC4,Banco Bradesco SA Pfd,BRL,18.37,18.38,17.66,17.66 - 18.38,0.58,3.26,2026-09-10T15:21:30.000Z,187732232777.0,14705600,18.37,17.75,15.68 - 22.09790212,15.68,22.09790212,8.00156808084328,2.2958377
PETR4,PETR4,Petroleo Brasileiro SA Pfd,BRL,49.43,49.6,48.54,48.54 - 49.6,1.01,2.09,2026-09-10T15:42:30.000Z,656744968643.0,21243100,49.44,48.91,29.31 - 50.69,29.31,50.69,4.776629977870761,10.3482633
VALE3,VALE3,Vale S.A.,BRL,78.56,78.65,77.18,77.18 - 78.65,-0.54,-0.68,2026-09-10T15:42:30.000Z,329762448738.0,9571200,78.56,77.78,56.54 - 91.62,56.54,91.62,32.4346641344288,2.4326809
BBAS3,BBAS3,Banco do Brasil S.A.,BRL,22.77,22.91,21.91,21.91 - 22.91,0.59,2.66,2026-09-10T15:41:30.000Z,126843349636.0,15576500,22.76,22.0,17.79 - 27.81,17.79,27.81,10.592175652416616,2.1496732
BBDC4,BBDC4,Banco Bradesco SA Pfd,BRL,18.34,18.38,17.66,17.66 - 18.38,0.55,3.09,2026-09-10T15:42:30.000Z,187732232777.0,15980700,18.34,17.75,15.68 - 22.09790212,15.68,22.09790212,7.988500740482621,2.2958377
PETR4,PETR4,Petroleo Brasileiro SA Pfd,BRL,49.25,49.6,48.54,48.54 - 49.6,0.83,1.71,2026-09-10T16:21:30.000Z,656744968643.0,23280300,49.22,48.91,29.31 - 50.69,29.31,50.69,4.759235816510924,10.3482633
VALE3,VALE3,Vale S.A.,BRL,77.67,78.65,77.18,77.18 - 78.65,-1.43,-1.81,2026-09-10T16:21:30.000Z,329762448738.0,11109900,77.66,77.78,56.54 - 91.62,56.54,91.62,32.06721440072664,2.4326809
BBAS3,BBAS3,Banco do Brasil S.A.,BRL,22.64,22.91,21.91,21.91 - 22.91,0.46,2.07,2026-09-10T16:21:30.000Z,126843349636.0,17798500,22.64,22.0,17.79 - 27.81,17.79,27.81,10.531702097967155,2.1496732
BBDC4,BBDC4,Banco Bradesco SA Pfd,BRL,18.24,18.38,17.66,17.66 - 18.38,0.45,2.53,2026-09-10T16:22:30.000Z,187732232777.0,18614400,18.23,17.75,15.68 - 22.09790212,15.68,22.09790212,7.944942939280425,2.2958377
PETR4,PETR4,Petroleo Brasileiro SA Pfd,BRL,49.19,49.6,48.54,48.54 - 49.6,0.77,1.59,2026-09-10T16:42:30.000Z,656744968643.0,24224000,49.19,48.91,29.31 - 50.69,29.31,50.69,4.753437762724312,10.3482633
VALE3,VALE3,Vale S.A.,BRL,77.82,78.65,77.18,77.18 - 78.65,-1.28,-1.62,2026-09-10T16:42:30.000Z,329762448738.0,11520200,77.82,77.78,56.54 - 91.62,56.54,91.62,32.129144131125884,2.4326809
BBAS3,BBAS3,Banco do Brasil S.A.,BRL,22.62,22.91,21.91,21.91 - 22.91,0.44,1.98,2026-09-10T16:42:30.000Z,126843349636.0,18313100,22.62,22.0,17.79 - 27.81,17.79,27.81,10.522398474205705,2.1496732
BBDC4,BBDC4,Banco Bradesco SA Pfd,BRL,18.29,18.38,17.66,17.66 - 18.38,0.5,2.81,2026-09-10T16:42:30.000Z,187732232777.0,19162500,18.29,17.75,15.68 - 22.09790212,15.68,22.09790212,7.966721839881523,2.2958377
PETR4,PETR4,Petroleo Brasileiro SA Pfd,BRL,49.09,49.6,48.54,48.54 - 49.6,0.67,1.38,2026-09-10T17:19:30.000Z,656744968643.0,27512100,49.08,48.91,29.31 - 50.69,29.31,50.69,4.743774339746626,10.3482633
VALE3,VALE3,Vale S.A.,BRL,77.75,78.65,77.18,77.18 - 78.65,-1.35,-1.71,2026-09-10T17:19:30.000Z,329762448738.0,12244400,77.73,77.78,56.54 - 91.62,56.54,91.62,32.1002435902729,2.4326809
BBAS3,BBAS3,Banco do Brasil S.A.,BRL,22.72,22.91,21.91,21.91 - 22.91,0.54,2.43,2026-09-10T17:19:30.000Z,126843349636.0,19420200,22.72,22.0,17.79 - 27.81,17.79,27.81,10.568916593012975,2.1496732
BBDC4,BBDC4,Banco Bradesco SA Pfd,BRL,18.39,18.41,17.66,17.66 - 18.41,0.6,3.37,2026-09-10T17:19:30.000Z,187732232777.0,23195400,18.4,17.75,15.68 - 22.09790212,15.68,22.09790212,8.010279641083718,2.2958377
PETR4,PETR4,Petroleo Brasileiro SA Pfd,BRL,49.11,49.6,48.54,48.54 - 49.6,0.69,1.43,2026-09-10T17:42:30.000Z,656744968643.0,28922600,49.11,48.91,29.31 - 50.69,29.31,50.69,4.745707024342162,10.3482633
VALE3,VALE3,Vale S.A.,BRL,77.83,78.65,77.18,77.18 - 78.65,-1.27,-1.61,2026-09-10T17:42:30.000Z,329762448738.0,12609000,77.83,77.78,56.54 - 91.62,56.54,91.62,32.133272779819166,2.4326809
BBAS3,BBAS3,Banco do Brasil S.A.,BRL,22.79,22.91,21.91,21.91 - 22.91,0.61,2.75,2026-09-10T17:42:30.000Z,126843349636.0,20115900,22.79,22.0,17.79 - 27.81,17.79,27.81,10.60147927617807,2.1496732
BBDC4,BBDC4,Banco Bradesco SA Pfd,BRL,18.49,18.55,17.66,17.66 - 18.55,0.7,3.93,2026-09-10T17:42:30.000Z,187732232777.0,29132500,18.49,17.75,15.68 - 22.09790212,15.68,22.09790212,8.053837442285912,2.2958377
PETR4,PETR4,Petroleo Brasileiro SA Pfd,BRL,49.22,49.6,48.54,48.54 - 49.6,0.8,1.65,2026-09-10T18:24:30.000Z,656744968643.0,31260900,49.23,48.91,29.31 - 50.69,29.31,50.69,4.7563367896176185,10.3482633
VALE3,VALE3,Vale S.A.,BRL,77.87,78.65,77.18,77.18 - 78.65,-1.23,-1.55,2026-09-10T18:24:30.000Z,329762448738.0,13365300,77.92,77.78,56.54 - 91.62,56.54,91.62,32.1497873745923,2.4326809
BBAS3,BBAS3,Banco do Brasil S.A.,BRL,22.67,22.91,21.91,21.91 - 22.91,0.49,2.21,2026-09-10T18:24:30.000Z,126843349636.0,25490500,22.68,22.0,17.79 - 27.81,17.79,27.81,10.54565753360934,2.1496732
BBDC4,BBDC4,Banco Bradesco SA Pfd,BRL,18.32,18.55,17.66,17.66 - 18.55,0.53,2.98,2026-09-10T18:24:30.000Z,187732232777.0,39254200,18.34,17.75,15.68 - 22.09790212,15.68,22.09790212,7.979789180242182,2.2958377
PETR4,PETR4,Petroleo Brasileiro SA Pfd,BRL,49.21,49.6,48.54,48.54 - 49.6,0.79,1.63,2026-09-10T18:45:30.000Z,656744968643.0,32210700,49.2,48.91,29.31 - 50.69,29.31,50.69,4.75537044731985,10.3482633
VALE3,VALE3,Vale S.A.,BRL,78.04,78.65,77.18,77.18 - 78.65,-1.06,-1.34,2026-09-10T18:45:30.000Z,329762448738.0,13698500,78.04,77.78,56.54 - 91.62,56.54,91.62,32.21997440237811,2.4326809
BBAS3,BBAS3,Banco do Brasil S.A.,BRL,22.66,22.91,21.91,21.91 - 22.91,0.48,2.16,2026-09-10T18:45:30.000Z,126843349636.0,26864700,22.67,22.0,17.79 - 27.81,17.79,27.81,10.541005721728611,2.1496732
BBDC4,BBDC4,Banco Bradesco SA Pfd,BRL,18.36,18.55,17.66,17.66 - 18.55,0.57,3.2,2026-09-10T18:45:30.000Z,187732232777.0,39796100,18.36,17.75,15.68 - 22.09790212,15.68,22.09790212,7.99721230072306,2.2958377
PETR4,PETR4,Petroleo Brasileiro SA Pfd,BRL,49.35,49.6,48.54,48.54 - 49.6,0.93,1.92,2026-09-10T19:15:30.000Z,656744968643.0,34251800,49.36,48.91,29.31 - 50.69,29.31,50.69,4.768899239488611,10.3482633
VALE3,VALE3,Vale S.A.,BRL,77.87,78.65,77.18,77.18 - 78.65,-1.23,-1.55,2026-09-10T19:15:30.000Z,329762448738.0,15217200,77.92,77.78,56.54 - 91.62,56.54,91.62,32.1497873745923,2.4326809
BBAS3,BBAS3,Banco do Brasil S.A.,BRL,22.7,22.91,21.91,21.91 - 22.91,0.52,2.34,2026-09-10T19:16:30.000Z,126843349636.0,27578300,22.69,22.0,17.79 - 27.81,17.79,27.81,10.559612969251525,2.1496732
BBDC4,BBDC4,Banco Bradesco SA Pfd,BRL,18.44,18.55,17.66,17.66 - 18.55,0.65,3.65,2026-09-10T19:15:30.000Z,187732232777.0,41989300,18.44,17.75,15.68 - 22.09790212,15.68,22.09790212,8.032058541684817,2.2958377
PETR4,PETR4,Petroleo Brasileiro SA Pfd,BRL,49.22,49.6,48.54,48.54 - 49.6,0.8,1.65,2026-09-10T19:43:30.000Z,656744968643.0,37483200,49.22,48.91,29.31 - 50.69,29.31,50.69,4.7563367896176185,10.3482633
VALE3,VALE3,Vale S.A.,BRL,77.94,78.65,77.18,77.18 - 78.65,-1.16,-1.47,2026-09-10T19:42:30.000Z,329762448738.0,17791900,77.93,77.78,56.54 - 91.62,56.54,91.62,32.17868791544527,2.4326809
BBAS3,BBAS3,Banco do Brasil S.A.,BRL,22.75,22.91,21.91,21.91 - 22.91,0.57,2.57,2026-09-10T19:42:30.000Z,126843349636.0,28447800,22.74,22.0,17.79 - 27.81,17.79,27.81,10.58287202865516,2.1496732
BBDC4,BBDC4,Banco Bradesco SA Pfd,BRL,18.39,18.55,17.66,17.66 - 18.55,0.6,3.37,2026-09-10T19:42:30.000Z,187732232777.0,44399000,18.38,17.75,15.68 - 22.09790212,15.68,22.09790212,8.010279641083718,2.2958377
PETR4,PETR4,Petroleo Brasileiro SA Pfd,BRL,49.12,49.6,48.54,48.54 - 49.6,0.7,1.45,2026-09-10T20:19:30.000Z,656744968643.0,41472300,49.12,48.91,29.31 - 50.69,29.31,50.69,4.746673366639931,10.3482633
VALE3,VALE3,Vale S.A.,BRL,78.1,78.65,77.18,77.18 - 78.65,-1.0,-1.26,2026-09-10T20:19:30.000Z,329762448738.0,19216800,78.1,77.78,56.54 - 91.62,56.54,91.62,32.2447462945378,2.4326809
BBAS3,BBAS3,Banco do Brasil S.A.,BRL,22.72,22.91,21.91,21.91 - 22.91,0.54,2.43,2026-09-10T20:19:30.000Z,126843349636.0,31058700,22.72,22.0,17.79 - 27.81,17.79,27.81,10.568916593012975,2.1496732
BBDC4,BBDC4,Banco Bradesco SA Pfd,BRL,18.41,18.55,17.66,17.66 - 18.55,0.62,3.49,2026-09-10T20:19:30.000Z,187732232777.0,47245100,18.41,17.75,15.68 - 22.09790212,15.68,22.09790212,8.018991201324157,2.2958377
PETR4,PETR4,Petroleo Brasileiro SA Pfd,BRL,49.12,49.6,48.54,48.54 - 49.6,0.7,1.45,2026-09-10T20:42:30.000Z,656744968643.0,43897400,49.12,48.91,29.31 - 50.69,29.31,50.69,4.746673366639931,10.3482633
VALE3,VALE3,Vale S.A.,BRL,78.23,78.65,77.18,77.18 - 78.65,-0.87,-1.1,2026-09-10T20:42:30.000Z,329762448738.0,20749600,78.1,77.78,56.54 - 91.62,56.54,91.62,32.29841872755048,2.4326809
BBAS3,BBAS3,Banco do Brasil S.A.,BRL,22.8,22.91,21.91,21.91 - 22.91,0.62,2.8,2026-09-10T20:43:30.000Z,126843349636.0,32399800,22.72,22.0,17.79 - 27.81,17.79,27.81,10.6061310880588,2.1496732
BBDC4,BBDC4,Banco Bradesco SA Pfd,BRL,18.48,18.55,17.66,17.66 - 18.55,0.69,3.88,2026-09-10T20:43:30.000Z,187732232777.0,51406000,18.41,17.75,15.68 - 22.09790212,15.68,22.09790212,8.049481662165695,2.2958377
PETR4,PETR4,Petroleo Brasileiro SA Pfd,BRL,48.46,48.58,48.33,48.33 - 48.58,-0.66,-1.34,2026-09-11T13:21:30.000Z,667532946855.0,794900,48.49,48.5,29.31 - 50.69,29.31,50.69,4.682894774987196,10.3482633
VALE3,VALE3,Vale S.A.,BRL,78.48,78.55,78.1,78.1 - 78.55,0.25,0.32,2026-09-11T13:21:30.000Z,326135498981.0,192800,78.48,78.21,56.54 - 91.62,56.54,91.62,32.401634944882545,2.4326809
BBAS3,BBAS3,Banco do Brasil S.A.,BRL,22.91,22.97,22.72,22.72 - 22.97,0.11,0.48,2026-09-11T13:21:30.000Z,130389009699.0,535800,22.91,22.8,17.79 - 27.81,17.79,27.81,10.657301018746802,2.1496732
BBDC4,BBDC4,Banco Bradesco SA Pfd,BRL,18.51,18.55,18.46,18.46 - 18.55,0.03,0.16,2026-09-11T13:21:30.000Z,193873356245.0,222600,18.49,18.5,15.68 - 22.09790212,15.68,22.09790212,8.062549002526353,2.2958377
PETR4,PETR4,Petroleo Brasileiro SA Pfd,BRL,48.46,48.58,48.27,48.27 - 48.58,-0.66,-1.34,2026-09-11T13:42:30.000Z,667532946855.0,3143500,48.46,48.5,29.31 - 50.69,29.31,50.69,4.682894774987196,10.3482633
VALE3,VALE3,Vale S.A.,BRL,78.07,78.64,77.81,77.81 - 78.64,-0.16,-0.2,2026-09-11T13:42:30.000Z,326135498981.0,868800,78.07,78.21,56.54 - 91.62,56.54,91.62,32.232360348457945,2.4326809
BBAS3,BBAS3,Banco do Brasil S.A.,BRL,22.78,22.97,22.69,22.69 - 22.97,-0.02,-0.09,2026-09-11T13:42:30.000Z,130389009699.0,1722900,22.78,22.8,17.79 - 27.81,17.79,27.81,10.596827464297345,2.1496732
BBDC4,BBDC4,Banco Bradesco SA Pfd,BRL,18.53,18.55,18.4,18.4 - 18.55,0.05,0.27,2026-09-11T13:42:30.000Z,193873356245.0,1520700,18.53,18.5,15.68 - 22.09790212,15.68,22.09790212,8.071260562766792,2.2958377
PETR4,PETR4,Petroleo Brasileiro SA Pfd,BRL,48.41,48.59,48.09,48.09 - 48.59,-0.71,-1.45,2026-09-11T14:23:30.000Z,667532946855.0,7370400,48.41,48.5,29.31 - 50.69,29.31,50.69,4.678063063498352,10.3482633
VALE3,VALE3,Vale S.A.,BRL,77.61,78.64,77.43,77.43 - 78.64,-0.62,-0.79,2026-09-11T14:22:30.000Z,326135498981.0,2171200,77.6,78.21,56.54 - 91.62,56.54,91.62,32.04244250856695,2.4326809
BBAS3,BBAS3,Banco do Brasil S.A.,BRL,22.53,22.97,22.53,22.53 - 22.97,-0.27,-1.18,2026-09-11T14:23:30.000Z,130389009699.0,3634300,22.54,22.8,17.79 - 27.81,17.79,27.81,10.480532167279154,2.1496732
BBDC4,BBDC4,Banco Bradesco SA Pfd,BRL,18.45,18.55,18.37,18.37 - 18.55,-0.03,-0.16,2026-09-11T14:22:30.000Z,193873356245.0,4180200,18.45,18.5,15.68 - 22.09790212,15.68,22.09790212,8.036414321805035,2.2958377
PETR4,PETR4,Petroleo Brasileiro SA Pfd,BRL,48.54,48.59,48.09,48.09 - 48.59,-0.58,-1.18,2026-09-11T14:43:30.000Z,667532946855.0,8425400,48.54,48.5,29.31 - 50.69,29.31,50.69,4.690625513369346,10.3482633
VALE3,VALE3,Vale S.A.,BRL,77.55,78.64,77.43,77.43 - 78.64,-0.68,-0.87,2026-09-11T14:43:30.000Z,326135498981.0,2675800,77.51,78.21,56.54 - 91.62,56.54,91.62,32.01767061640725,2.4326809
BBAS3,BBAS3,Banco do Brasil S.A.,BRL,22.5,22.97,22.49,22.49 - 22.97,-0.3,-1.32,2026-09-11T14:43:30.000Z,130389009699.0,4282000,22.51,22.8,17.79 - 27.81,17.79,27.81,10.466576731636971,2.1496732
BBDC4,BBDC4,Banco Bradesco SA Pfd,BRL,18.5,18.55,18.37,18.37 - 18.55,0.02,0.11,2026-09-11T14:44:30.000Z,193873356245.0,8055500,18.51,18.5,15.68 - 22.09790212,15.68,22.09790212,8.058193222406134,2.2958377
PETR4,PETR4,Petroleo Brasileiro SA Pfd,BRL,48.66,48.76,48.09,48.09 - 48.76,-0.46,-0.94,2026-09-11T15:20:30.000Z,667532946855.0,10839500,48.67,48.5,29.31 - 50.69,29.31,50.69,4.70222162094257,10.3482633
VALE3,VALE3,Vale S.A.,BRL,78.23,78.64,77.4,77.4 - 78.64,0.0,0.0,2026-09-11T15:20:30.000Z,326135498981.0,4168700,78.24,78.21,56.54 - 91.62,56.54,91.62,32.29841872755048,2.4326809
BBAS3,BBAS3,Banco do Brasil S.A.,BRL,22.56,22.97,22.47,22.47 - 22.97,-0.24,-1.05,2026-09-11T15:20:30.000Z,130389009699.0,6489700,22.56,22.8,17.79 - 27.81,17.79,27.81,10.494487602921335,2.1496732
BBDC4,BBDC4,Banco Bradesco SA Pfd,BRL,18.51,18.58,18.37,18.37 - 18.58,0.03,0.16,2026-09-11T15:20:30.000Z,193873356245.0,11924900,18.51,18.5,15.68 - 22.09790212,15.68,22.09790212,8.062549002526353,2.2958377
PETR4,PETR4,Petroleo Brasileiro SA Pfd,BRL,48.82,48.83,48.09,48.09 - 48.83,-0.3,-0.61,2026-09-11T15:42:30.000Z,667532946855.0,11900300,48.82,48.5,29.31 - 50.69,29.31,50.69,4.717683097706869,10.3482633
VALE3,VALE3,Vale S.A.,BRL,78.12,78.64,77.4,77.4 - 78.64,-0.11,-0.14,2026-09-11T15:42:30.000Z,326135498981.0,4632800,78.12,78.21,56.54 - 91.62,56.54,91.62,32.25300359192437,2.4326809
BBAS3,BBAS3,Banco do Brasil S.A.,BRL,22.49,22.97,22.47,22.47 - 22.97,-0.31,-1.36,2026-09-11T15:42:30.000Z,130389009699.0,7212900,22.48,22.8,17.79 - 27.81,17.79,27.81,10.461924919756244,2.1496732
BBDC4,BBDC4,Banco Bradesco SA Pfd,BRL,18.49,18.58,18.37,18.37 - 18.58,0.01,0.05,2026-09-11T15:42:30.000Z,193873356245.0,14080700,18.5,18.5,15.68 - 22.09790212,15.68,22.09790212,8.053837442285912,2.2958377
PETR4,PETR4,Petroleo Brasileiro SA Pfd,BRL,48.88,49.0,48.09,48.09 - 49,-0.24,-0.49,2026-09-11T16:23:30.000Z,667532946855.0,13316800,48.88,48.5,29.31 - 50.69,29.31,50.69,4.723481151493482,10.3482633
VALE3,VALE3,Vale S.A.,BRL,77.98,78.64,77.4,77.4 - 78.64,-0.25,-0.32,2026-09-11T16:23:30.000Z,326135498981.0,5043500,77.98,78.21,56.54 - 91.62,56.54,91.62,32.19520251021841,2.4326809
BBAS3,BBAS3,Banco do Brasil S.A.,BRL,22.5,22.97,22.44,22.44 - 22.97,-0.3,-1.32,2026-09-11T16:23:30.000Z,130389009699.0,8400300,22.5,22.8,17.79 - 27.81,17.79,27.81,10.466576731636971,2.1496732
BBDC4,BBDC4,Banco Bradesco SA Pfd,BRL,18.51,18.58,18.37,18.37 - 18.58,0.03,0.16,2026-09-11T16:23:30.000Z,193873356245.0,16993300,18.51,18.5,15.68 - 22.09790212,15.68,22.09790212,8.062549002526353,2.2958377
PETR4,PETR4,Petroleo Brasileiro SA Pfd,BRL,48.95,49.0,48.09,48.09 - 49,-0.17,-0.35,2026-09-11T16:43:30.000Z,667532946855.0,13985500,48.96,48.5,29.31 - 50.69,29.31,50.69,4.730245547577863,10.3482633
VALE3,VALE3,Vale S.A.,BRL,77.87,78.64,77.4,77.4 - 78.64,-0.36,-0.46,2026-09-11T16:43:30.000Z,326135498981.0,5193400,77.85,78.21,56.54 - 91.62,56.54,91.62,32.1497873745923,2.4326809
BBAS3,BBAS3,Banco do Brasil S.A.,BRL,22.53,22.97,22.44,22.44 - 22.97,-0.27,-1.18,2026-09-11T16:43:30.000Z,130389009699.0,9167600,22.5,22.8,17.79 - 27.81,17.79,27.81,10.480532167279154,2.1496732
BBDC4,BBDC4,Banco Bradesco SA Pfd,BRL,18.53,18.58,18.37,18.37 - 18.58,0.05,0.27,2026-09-11T16:43:30.000Z,193873356245.0,17404900,18.54,18.5,15.68 - 22.09790212,15.68,22.09790212,8.071260562766792,2.2958377
PETR4,PETR4,Petroleo Brasileiro SA Pfd,BRL,48.89,49.12,48.09,48.09 - 49.12,-0.23,-0.47,2026-09-11T17:19:30.000Z,667532946855.0,15409200,48.9,48.5,29.31 - 50.69,29.31,50.69,4.724447493791251,10.3482633
VALE3,VALE3,Vale S.A.,BRL,77.89,78.64,77.4,77.4 - 78.64,-0.34,-0.43,2026-09-11T17:19:30.000Z,326135498981.0,5774200,77.89,78.21,56.54 - 91.62,56.54,91.62,32.158044671978864,2.4326809
BBAS3,BBAS3,Banco do Brasil S.A.,BRL,22.49,22.97,22.44,22.44 - 22.97,-0.31,-1.36,2026-09-11T17:18:30.000Z,130389009699.0,10320500,22.49,22.8,17.79 - 27.81,17.79,27.81,10.461924919756244,2.1496732
BBDC4,BBDC4,Banco Bradesco SA Pfd,BRL,18.52,18.58,18.37,18.37 - 18.58,0.04,0.22,2026-09-11T17:19:30.000Z,193873356245.0,18681900,18.52,18.5,15.68 - 22.09790212,15.68,22.09790212,8.066904782646573,2.2958377
PETR4,PETR4,Petroleo Brasileiro SA Pfd,BRL,48.83,49.12,48.09,48.09 - 49.12,-0.29,-0.59,2026-09-11T17:42:30.000Z,667532946855.0,16117500,48.83,48.5,29.31 - 50.69,29.31,50.69,4.718649440004638,10.3482633
VALE3,VALE3,Vale S.A.,BRL,77.82,78.64,77.4,77.4 - 78.64,-0.41,-0.52,2026-09-11T17:42:30.000Z,326135498981.0,6124600,77.85,78.21,56.54 - 91.62,56.54,91.62,32.129144131125884,2.4326809
BBAS3,BBAS3,Banco do Brasil S.A.,BRL,22.5,22.97,22.44,22.44 - 22.97,-0.3,-1.32,2026-09-11T17:41:30.000Z,130389009699.0,10901600,22.51,22.8,17.79 - 27.81,17.79,27.81,10.466576731636971,2.1496732
BBDC4,BBDC4,Banco Bradesco SA Pfd,BRL,18.53,18.58,18.37,18.37 - 18.58,0.05,0.27,2026-09-11T17:41:30.000Z,193873356245.0,19534000,18.53,18.5,15.68 - 22.09790212,15.68,22.09790212,8.071260562766792,2.2958377
PETR4,PETR4,Petroleo Brasileiro SA Pfd,BRL,48.58,49.12,48.09,48.09 - 49.12,-0.54,-1.1,2026-09-11T18:25:30.000Z,667532946855.0,18099200,48.59,48.5,29.31 - 50.69,29.31,50.69,4.69449088256042,10.3482633
VALE3,VALE3,Vale S.A.,BRL,77.67,78.64,77.4,77.4 - 78.64,-0.56,-0.72,2026-09-11T18:25:30.000Z,326135498981.0,6868400,77.67,78.21,56.54 - 91.62,56.54,91.62,32.06721440072664,2.4326809
BBAS3,BBAS3,Banco do Brasil S.A.,BRL,22.43,22.97,22.3,22.3 - 22.97,-0.37,-1.62,2026-09-11T18:25:30.000Z,130389009699.0,13647300,22.43,22.8,17.79 - 27.81,17.79,27.81,10.434014048471878,2.1496732
BBDC4,BBDC4,Banco Bradesco SA Pfd,BRL,18.48,18.58,18.37,18.37 - 18.58,0.0,0.0,2026-09-11T18:25:30.000Z,193873356245.0,22176600,18.48,18.5,15.68 - 22.09790212,15.68,22.09790212,8.049481662165695,2.2958377
PETR4,PETR4,Petroleo Brasileiro SA Pfd,BRL,48.63,49.12,48.09,48.09 - 49.12,-0.49,-1.0,2026-09-11T18:44:30.000Z,667532946855.0,18959300,48.63,48.5,29.31 - 50.69,29.31,50.69,4.699322594049264,10.3482633
VALE3,VALE3,Vale S.A.,BRL,77.75,78.64,77.4,77.4 - 78.64,-0.48,-0.61,2026-09-11T18:44:30.000Z,326135498981.0,7905100,77.74,78.21,56.54 - 91.62,56.54,91.62,32.1002435902729,2.4326809
BBAS3,BBAS3,Banco do Brasil S.A.,BRL,22.4,22.97,22.3,22.3 - 22.97,-0.4,-1.75,2026-09-11T18:44:30.000Z,130389009699.0,15003300,22.4,22.8,17.79 - 27.81,17.79,27.81,10.420058612829695,2.1496732
BBDC4,BBDC4,Banco Bradesco SA Pfd,BRL,18.46,18.58,18.37,18.37 - 18.58,-0.02,-0.11,2026-09-11T18:44:30.000Z,193873356245.0,23223300,18.48,18.5,15.68 - 22.09790212,15.68,22.09790212,8.040770101925256,2.2958377
PETR4,PETR4,Petroleo Brasileiro SA Pfd,BRL,48.7,49.12,48.09,48.09 - 49.12,-0.42,-0.86,2026-09-11T19:17:30.000Z,667532946855.0,20514500,48.7,48.5,29.31 - 50.69,29.31,50.69,4.706086990133645,10.3482633
VALE3,VALE3,Vale S.A.,BRL,77.83,78.64,77.4,77.4 - 78.64,-0.4,-0.51,2026-09-11T19:17:30.000Z,326135498981.0,8800400,77.87,78.21,56.54 - 91.62,56.54,91.62,32.133272779819166,2.4326809
BBAS3,BBAS3,Banco do Brasil S.A.,BRL,22.36,22.97,22.29,22.29 - 22.97,-0.44,-1.93,2026-09-11T19:17:30.000Z,130389009699.0,17404700,22.36,22.8,17.79 - 27.81,17.79,27.81,10.401451365306784,2.1496732
BBDC4,BBDC4,Banco Bradesco SA Pfd,BRL,18.45,18.58,18.37,18.37 - 18.58,-0.03,-0.16,2026-09-11T19:17:30.000Z,193873356245.0,24909500,18.45,18.5,15.68 - 22.09790212,15.68,22.09790212,8.036414321805035,2.2958377
PETR4,PETR4,Petroleo Brasileiro SA Pfd,BRL,48.8,49.12,48.09,48.09 - 49.12,-0.32,-0.65,2026-09-11T19:42:30.000Z,667532946855.0,23207500,48.79,48.5,29.31 - 50.69,29.31,50.69,4.715750413111332,10.3482633
VALE3,VALE3,Vale S.A.,BRL,77.96,78.64,77.4,77.4 - 78.64,-0.27,-0.35,2026-09-11T19:42:30.000Z,326135498981.0,9667100,77.97,78.21,56.54 - 91.62,56.54,91.62,32.18694521283184,2.4326809
BBAS3,BBAS3,Banco do Brasil S.A.,BRL,22.4,22.97,22.29,22.29 - 22.97,-0.4,-1.75,2026-09-11T19:42:30.000Z,130389009699.0,18983700,22.4,22.8,17.79 - 27.81,17.79,27.81,10.420058612829695,2.1496732
BBDC4,BBDC4,Banco Bradesco SA Pfd,BRL,18.5,18.58,18.37,18.37 - 18.58,0.02,0.11,2026-09-11T19:42:30.000Z,193873356245.0,26501400,18.49,18.5,15.68 - 22.09790212,15.68,22.09790212,8.058193222406134,2.2958377
PETR4,PETR4,Petroleo Brasileiro SA Pfd,BRL,49.0,49.12,48.09,48.09 - 49.12,-0.12,-0.24,2026-09-11T20:21:30.000Z,667532946855.0,24655800,48.95,48.5,29.31 - 50.69,29.31,50.69,4.735077259066706,10.3482633
VALE3,VALE3,Vale S.A.,BRL,78.2,78.64,77.4,77.4 - 78.64,-0.03,-0.04,2026-09-11T20:21:30.000Z,326135498981.0,10455600,77.98,78.21,56.54 - 91.62,56.54,91.62,32.286032781470624,2.4326809
BBAS3,BBAS3,Banco do Brasil S.A.,BRL,22.49,22.97,22.29,22.29 - 22.97,-0.31,-1.36,2026-09-11T20:21:30.000Z,130389009699.0,20684200,22.42,22.8,17.79 - 27.81,17.79,27.81,10.461924919756244,2.1496732
BBDC4,BBDC4,Banco Bradesco SA Pfd,BRL,18.59,18.59,18.37,18.37 - 18.59,0.11,0.6,2026-09-11T20:21:30.000Z,193873356245.0,28266500,18.49,18.5,15.68 - 22.09790212,15.68,22.09790212,8.097395243488108,2.2958377
PETR4,PETR4,Petroleo Brasileiro SA Pfd,BRL,49.0,49.12,48.09,48.09 - 49.12,-0.12,-0.24,2026-09-11T20:42:30.000Z,667532946855.0,27547900,48.95,48.5,29.31 - 50.69,29.31,50.69,4.735077259066706,10.3482633
VALE3,VALE3,Vale S.A.,BRL,78.2,78.64,77.4,77.4 - 78.64,-0.03,-0.04,2026-09-11T20:42:30.000Z,326135498981.0,12211800,77.98,78.21,56.54 - 91.62,56.54,91.62,32.286032781470624,2.4326809
BBAS3,BBAS3,Banco do Brasil S.A.,BRL,22.49,22.97,22.29,22.29 - 22.97,-0.31,-1.36,2026-09-11T20:42:30.000Z,130389009699.0,22364900,22.42,22.8,17.79 - 27.81,17.79,27.81,10.461924919756244,2.1496732
BBDC4,BBDC4,Banco Bradesco SA Pfd,BRL,18.59,18.59,18.37,18.37 - 18.59,0.11,0.6,2026-09-11T20:42:30.000Z,193873356245.0,34152000,18.49,18.5,15.68 - 22.09790212,15.68,22.09790212,8.097395243488108,2.2958377
PETR4,PETR4,Petroleo Brasileiro SA Pfd,BRL,49.0,49.12,48.09,48.09 - 49.12,-0.12,-0.24,2026-09-11T21:08:30.000Z,667532946855.0,27547900,48.95,48.5,29.31 - 50.69,29.31,50.69,4.735077259066706,10.3482633
VALE3,VALE3,Vale S.A.,BRL,78.2,78.64,77.4,77.4 - 78.64,-0.03,-0.04,2026-09-11T21:08:30.000Z,326135498981.0,12211800,77.98,78.21,56.54 - 91.62,56.54,91.62,32.286032781470624,2.4326809
BBAS3,BBAS3,Banco do Brasil S.A.,BRL,22.49,22.97,22.29,22.29 - 22.97,-0.31,-1.36,2026-09-11T21:08:30.000Z,130389009699.0,22364900,22.42,22.8,17.79 - 27.81,17.79,27.81,10.461924919756244,2.1496732
BBDC4,BBDC4,Banco Bradesco SA Pfd,BRL,18.59,18.59,18.37,18.37 - 18.59,0.11,0.6,2026-09-11T21:08:30.000Z,193873356245.0,34152000,18.49,18.5,15.68 - 22.09790212,15.68,22.09790212,8.097395243488108,2.2958377
PETR4,PETR4,Petroleo Brasileiro SA Pfd,BRL,49.55,49.73,49.48,49.48 - 49.73,0.55,1.12,2026-09-14T13:24:30.000Z,666002537664.0,1330700,49.55,49.51,29.31 - 50.69,29.31,50.69,4.788226085443986,10.3482633
VALE3,VALE3,Vale S.A.,BRL,78.2,78.64,77.4,77.4 - 78.64,-0.03,-0.04,2026-09-14T13:23:30.000Z,326010404329.0,12231700,77.98,78.21,56.54 - 91.62,56.54,91.62,32.286032781470624,2.4326809
BBAS3,BBAS3,Banco do Brasil S.A.,BRL,22.49,22.97,22.29,22.29 - 22.97,-0.31,-1.36,2026-09-14T13:24:30.000Z,128616179668.0,22391900,22.42,22.8,17.79 - 27.81,17.79,27.81,10.461924919756244,2.1496732
BBDC4,BBDC4,Banco Bradesco SA Pfd,BRL,18.59,18.59,18.37,18.37 - 18.59,0.11,0.6,2026-09-14T13:23:30.000Z,194934202915.0,34171600,18.49,18.5,15.68 - 22.09790212,15.68,22.09790212,8.097395243488108,2.2958377
PETR4,PETR4,Petroleo Brasileiro SA Pfd,BRL,49.55,49.73,49.15,49.15 - 49.73,0.55,1.12,2026-09-14T13:44:30.000Z,666002537664.0,4435000,49.57,49.51,29.31 - 50.69,29.31,50.69,4.788226085443986,10.3482633
VALE3,VALE3,Vale S.A.,BRL,76.81,76.89,76.24,76.24 - 76.89,-1.39,-1.78,2026-09-14T13:44:30.000Z,326010404329.0,1915500,76.81,76.5,56.54 - 91.62,56.54,91.62,31.71215061310433,2.4326809
BBAS3,BBAS3,Banco do Brasil S.A.,BRL,22.01,22.26,21.87,21.87 - 22.26,-0.48,-2.13,2026-09-14T13:44:30.000Z,128616179668.0,4631400,22.0,21.95,17.79 - 27.81,17.79,27.81,10.238637949481324,2.1496732
BBDC4,BBDC4,Banco Bradesco SA Pfd,BRL,18.14,18.34,18.12,18.12 - 18.34,-0.45,-2.42,2026-09-14T13:44:30.000Z,194934202915.0,2878100,18.15,18.2,15.68 - 22.09790212,15.68,22.09790212,7.901385138078231,2.2958377
PETR4,PETR4,Petroleo Brasileiro SA Pfd,BRL,49.43,49.73,49.06,49.06 - 49.73,0.43,0.88,2026-09-14T14:24:30.000Z,666002537664.0,9873400,49.43,49.51,29.31 - 50.69,29.31,50.69,4.776629977870761,10.3482633
VALE3,VALE3,Vale S.A.,BRL,76.2,76.89,75.94,75.94 - 76.89,-2.0,-2.56,2026-09-14T14:24:30.000Z,326010404329.0,5472600,76.16,76.5,56.54 - 91.62,56.54,91.62,31.46030304281409,2.4326809
BBAS3,BBAS3,Banco do Brasil S.A.,BRL,21.92,22.26,21.87,21.87 - 22.26,-0.57,-2.53,2026-09-14T14:24:30.000Z,128616179668.0,8635300,21.92,21.95,17.79 - 27.81,17.79,27.81,10.196771642554776,2.1496732
BBDC4,BBDC4,Banco Bradesco SA Pfd,BRL,18.18,18.34,18.12,18.12 - 18.34,-0.41,-2.21,2026-09-14T14:24:30.000Z,194934202915.0,6030300,18.18,18.2,15.68 - 22.09790212,15.68,22.09790212,7.918808258559109,2.2958377
PETR4,PETR4,Petroleo Brasileiro SA Pfd,BRL,49.33,49.73,49.06,49.06 - 49.73,0.33,0.67,2026-09-14T14:45:30.000Z,666002537664.0,10714400,49.33,49.51,29.31 - 50.69,29.31,50.69,4.766966554893074,10.3482633
VALE3,VALE3,Vale S.A.,BRL,76.11,76.89,75.94,75.94 - 76.89,-2.09,-2.67,2026-09-14T14:45:30.000Z,326010404329.0,6222800,76.12,76.5,56.54 - 91.62,56.54,91.62,31.423145204574546,2.4326809
BBAS3,BBAS3,Banco do Brasil S.A.,BRL,21.83,22.26,21.83,21.83 - 22.26,-0.66,-2.93,2026-09-14T14:46:30.000Z,128616179668.0,9782900,21.83,21.95,17.79 - 27.81,17.79,27.81,10.154905335628223,2.1496732
BBDC4,BBDC4,Banco Bradesco SA Pfd,BRL,18.2,18.34,18.12,18.12 - 18.34,-0.39,-2.1,2026-09-14T14:45:30.000Z,194934202915.0,6557200,18.2,18.2,15.68 - 22.09790212,15.68,22.09790212,7.9275198187995475,2.2958377
PETR4,PETR4,Petroleo Brasileiro SA Pfd,BRL,49.16,49.73,49.06,49.06 - 49.73,0.16,0.33,2026-09-14T15:22:30.000Z,666002537664.0,16280900,49.16,49.51,29.31 - 50.69,29.31,50.69,4.750538735831006,10.3482633
VALE3,VALE3,Vale S.A.,BRL,76.25,76.89,75.94,75.94 - 76.89,-1.95,-2.49,2026-09-14T15:23:30.000Z,326010404329.0,7348600,76.29,76.5,56.54 - 91.62,56.54,91.62,31.480946286280503,2.4326809
BBAS3,BBAS3,Banco do Brasil S.A.,BRL,22.01,22.26,21.83,21.83 - 22.26,-0.48,-2.13,2026-09-14T15:22:30.000Z,128616179668.0,12417900,22.01,21.95,17.79 - 27.81,17.79,27.81,10.238637949481324,2.1496732
BBDC4,BBDC4,Banco Bradesco SA Pfd,BRL,18.31,18.35,18.12,18.12 - 18.35,-0.28,-1.51,2026-09-14T15:23:30.000Z,194934202915.0,7699800,18.32,18.2,15.68 - 22.09790212,15.68,22.09790212,7.975433400121962,2.2958377
PETR4,PETR4,Petroleo Brasileiro SA Pfd,BRL,49.3,49.73,49.06,49.06 - 49.73,0.3,0.61,2026-09-14T15:44:30.000Z,666002537664.0,17894500,49.31,49.51,29.31 - 50.69,29.31,50.69,4.764067527999768,10.3482633
VALE3,VALE3,Vale S.A.,BRL,75.98,76.89,75.94,75.94 - 76.89,-2.22,-2.84,2026-09-14T15:44:30.000Z,326010404329.0,8407100,75.98,76.5,56.54 - 91.62,56.54,91.62,31.36947277156187,2.4326809
BBAS3,BBAS3,Banco do Brasil S.A.,BRL,21.91,22.26,21.83,21.83 - 22.26,-0.58,-2.58,2026-09-14T15:44:30.000Z,128616179668.0,13089900,21.91,21.95,17.79 - 27.81,17.79,27.81,10.192119830674049,2.1496732
BBDC4,BBDC4,Banco Bradesco SA Pfd,BRL,18.31,18.36,18.12,18.12 - 18.36,-0.28,-1.51,2026-09-14T15:44:30.000Z,194934202915.0,9244600,18.31,18.2,15.68 - 22.09790212,15.68,22.09790212,7.975433400121962,2.2958377
PETR4,PETR4,Petroleo Brasileiro SA Pfd,BRL,49.12,49.73,48.94,48.94 - 49.73,0.12,0.24,2026-09-14T16:22:30.000Z,666002537664.0,20599600,49.12,49.51,29.31 - 50.69,29.31,50.69,4.746673366639931,10.3482633
VALE3,VALE3,Vale S.A.,BRL,75.85,76.89,75.64,75.64 - 76.89,-2.35,-3.01,2026-09-14T16:22:30.000Z,326010404329.0,10069800,75.85,76.5,56.54 - 91.62,56.54,91.62,31.31580033854919,2.4326809
BBAS3,BBAS3,Banco do Brasil S.A.,BRL,21.94,22.26,21.83,21.83 - 22.26,-0.55,-2.45,2026-09-14T16:22:30.000Z,128616179668.0,13903300,21.93,21.95,17.79 - 27.81,17.79,27.81,10.20607526631623,2.1496732
BBDC4,BBDC4,Banco Bradesco SA Pfd,BRL,18.35,18.36,18.12,18.12 - 18.36,-0.24,-1.29,2026-09-14T16:22:30.000Z,194934202915.0,10221000,18.35,18.2,15.68 - 22.09790212,15.68,22.09790212,7.9928565206028415,2.2958377
PETR4,PETR4,Petroleo Brasileiro SA Pfd,BRL,49.15,49.73,48.94,48.94 - 49.73,0.15,0.31,2026-09-14T16:44:30.000Z,666002537664.0,21350000,49.16,49.51,29.31 - 50.69,29.31,50.69,4.749572393533237,10.3482633
VALE3,VALE3,Vale S.A.,BRL,75.88,76.89,75.64,75.64 - 76.89,-2.32,-2.97,2026-09-14T16:44:30.000Z,326010404329.0,10594000,75.87,76.5,56.54 - 91.62,56.54,91.62,31.32818628462904,2.4326809
BBAS3,BBAS3,Banco do Brasil S.A.,BRL,21.99,22.26,21.83,21.83 - 22.26,-0.5,-2.22,2026-09-14T16:44:30.000Z,128616179668.0,14708400,21.98,21.95,17.79 - 27.81,17.79,27.81,10.229334325719869,2.1496732
BBDC4,BBDC4,Banco Bradesco SA Pfd,BRL,18.39,18.41,18.12,18.12 - 18.41,-0.2,-1.08,2026-09-14T16:44:30.000Z,194934202915.0,10823200,18.39,18.2,15.68 - 22.09790212,15.68,22.09790212,8.010279641083718,2.2958377
PETR4,PETR4,Petroleo Brasileiro SA Pfd,BRL,48.86,49.73,48.74,48.74 - 49.73,-0.14,-0.29,2026-09-14T17:18:30.000Z,666002537664.0,23229800,48.87,49.51,29.31 - 50.69,29.31,50.69,4.721548466897945,10.3482633
VALE3,VALE3,Vale S.A.,BRL,75.7,76.89,75.64,75.64 - 76.89,-2.5,-3.2,2026-09-14T17:18:30.000Z,326010404329.0,11831900,75.7,76.5,56.54 - 91.62,56.54,91.62,31.25387060814996,2.4326809
BBAS3,BBAS3,Banco do Brasil S.A.,BRL,22.05,22.26,21.83,21.83 - 22.26,-0.44,-1.96,2026-09-14T17:17:30.000Z,128616179668.0,16213600,22.05,21.95,17.79 - 27.81,17.79,27.81,10.257245197004233,2.1496732
BBDC4,BBDC4,Banco Bradesco SA Pfd,BRL,18.38,18.42,18.12,18.12 - 18.42,-0.21,-1.13,2026-09-14T17:18:30.000Z,194934202915.0,11728500,18.37,18.2,15.68 - 22.09790212,15.68,22.09790212,8.005923860963499,2.2958377
PETR4,PETR4,Petroleo Brasileiro SA Pfd,BRL,48.88,49.73,48.74,48.74 - 49.73,-0.12,-0.24,2026-09-14T17:42:30.000Z,666002537664.0,23594700,48.88,49.51,29.31 - 50.69,29.31,50.69,4.723481151493482,10.3482633
VALE3,VALE3,Vale S.A.,BRL,75.66,76.89,75.62,75.62 - 76.89,-2.54,-3.25,2026-09-14T17:42:30.000Z,326010404329.0,12310500,75.68,76.5,56.54 - 91.62,56.54,91.62,31.23735601337682,2.4326809
BBAS3,BBAS3,Banco do Brasil S.A.,BRL,22.07,22.26,21.83,21.83 - 22.26,-0.42,-1.87,2026-09-14T17:43:30.000Z,128616179668.0,17157600,22.07,21.95,17.79 - 27.81,17.79,27.81,10.266548820765689,2.1496732
BBDC4,BBDC4,Banco Bradesco SA Pfd,BRL,18.31,18.42,18.12,18.12 - 18.42,-0.28,-1.51,2026-09-14T17:42:30.000Z,194934202915.0,13109600,18.33,18.2,15.68 - 22.09790212,15.68,22.09790212,7.975433400121962,2.2958377
PETR4,PETR4,Petroleo Brasileiro SA Pfd,BRL,48.88,49.73,48.74,48.74 - 49.73,-0.12,-0.24,2026-09-14T18:25:30.000Z,666002537664.0,24544300,48.91,49.51,29.31 - 50.69,29.31,50.69,4.723481151493482,10.3482633
VALE3,VALE3,Vale S.A.,BRL,75.53,76.89,75.4,75.4 - 76.89,-2.67,-3.41,2026-09-14T18:25:30.000Z,326010404329.0,13347000,75.54,76.5,56.54 - 91.62,56.54,91.62,31.18368358036415,2.4326809
BBAS3,BBAS3,Banco do Brasil S.A.,BRL,22.16,22.26,21.83,21.83 - 22.26,-0.33,-1.47,2026-09-14T18:25:30.000Z,128616179668.0,23402400,22.16,21.95,17.79 - 27.81,17.79,27.81,10.308415127692236,2.1496732
BBDC4,BBDC4,Banco Bradesco SA Pfd,BRL,18.34,18.42,18.12,18.12 - 18.42,-0.25,-1.34,2026-09-14T18:25:30.000Z,194934202915.0,14414600,18.34,18.2,15.68 - 22.09790212,15.68,22.09790212,7.988500740482621,2.2958377
PETR4,PETR4,Petroleo Brasileiro SA Pfd,BRL,48.88,49.73,48.74,48.74 - 49.73,-0.12,-0.24,2026-09-14T18:46:30.000Z,666002537664.0,25114500,48.89,49.51,29.31 - 50.69,29.31,50.69,4.723481151493482,10.3482633
VALE3,VALE3,Vale S.A.,BRL,75.5,76.89,75.4,75.4 - 76.89,-2.7,-3.45,2026-09-14T18:46:30.000Z,326010404329.0,13675300,75.5,76.5,56.54 - 91.62,56.54,91.62,31.1712976342843,2.4326809
BBAS3,BBAS3,Banco do Brasil S.A.,BRL,22.17,22.26,21.83,21.83 - 22.26,-0.32,-1.42,2026-09-14T18:46:30.000Z,128616179668.0,23699900,22.17,21.95,17.79 - 27.81,17.79,27.81,10.313066939572964,2.1496732
BBDC4,BBDC4,Banco Bradesco SA Pfd,BRL,18.36,18.42,18.12,18.12 - 18.42,-0.23,-1.24,2026-09-14T18:47:30.000Z,194934202915.0,14737800,18.36,18.2,15.68 - 22.09790212,15.68,22.09790212,7.99721230072306,2.2958377
PETR4,PETR4,Petroleo Brasileiro SA Pfd,BRL,48.76,49.73,48.61,48.61 - 49.73,-0.24,-0.49,2026-09-14T19:18:30.000Z,666002537664.0,26696100,48.76,49.51,29.31 - 50.69,29.31,50.69,4.711885043920257,10.3482633
VALE3,VALE3,Vale S.A.,BRL,75.69,76.89,75.4,75.4 - 76.89,-2.51,-3.21,2026-09-14T19:18:30.000Z,326010404329.0,14704100,75.69,76.5,56.54 - 91.62,56.54,91.62,31.24974195945667,2.4326809
BBAS3,BBAS3,Banco do Brasil S.A.,BRL,22.14,22.26,21.83,21.83 - 22.26,-0.35,-1.56,2026-09-14T19:18:30.000Z,128616179668.0,25696200,22.14,21.95,17.79 - 27.81,17.79,27.81,10.29911150393078,2.1496732
BBDC4,BBDC4,Banco Bradesco SA Pfd,BRL,18.34,18.42,18.12,18.12 - 18.42,-0.25,-1.34,2026-09-14T19:18:30.000Z,194934202915.0,15343700,18.34,18.2,15.68 - 22.09790212,15.68,22.09790212,7.988500740482621,2.2958377
PETR4,PETR4,Petroleo Brasileiro SA Pfd,BRL,48.83,49.73,48.61,48.61 - 49.73,-0.17,-0.35,2026-09-14T19:42:30.000Z,666002537664.0,27798400,48.84,49.51,29.31 - 50.69,29.31,50.69,4.718649440004638,10.3482633
VALE3,VALE3,Vale S.A.,BRL,75.72,76.89,75.4,75.4 - 76.89,-2.48,-3.17,2026-09-14T19:42:30.000Z,326010404329.0,15494200,75.71,76.5,56.54 - 91.62,56.54,91.62,31.26212790553652,2.4326809
BBAS3,BBAS3,Banco do Brasil S.A.,BRL,22.16,22.26,21.83,21.83 - 22.26,-0.33,-1.47,2026-09-14T19:42:30.000Z,128616179668.0,26376500,22.16,21.95,17.79 - 27.81,17.79,27.81,10.308415127692236,2.1496732
BBDC4,BBDC4,Banco Bradesco SA Pfd,BRL,18.37,18.42,18.12,18.12 - 18.42,-0.22,-1.18,2026-09-14T19:42:30.000Z,194934202915.0,17151700,18.37,18.2,15.68 - 22.09790212,15.68,22.09790212,8.00156808084328,2.2958377
PETR4,PETR4,Petroleo Brasileiro SA Pfd,BRL,49.11,49.73,48.61,48.61 - 49.73,0.11,0.22,2026-09-14T20:20:30.000Z,666002537664.0,29994300,49.11,49.51,29.31 - 50.69,29.31,50.69,4.745707024342162,10.3482633
VALE3,VALE3,Vale S.A.,BRL,75.7,76.89,75.4,75.4 - 76.89,-2.5,-3.2,2026-09-14T20:20:30.000Z,326010404329.0,17248400,75.7,76.5,56.54 - 91.62,56.54,91.62,31.25387060814996,2.4326809
BBAS3,BBAS3,Banco do Brasil S.A.,BRL,22.2,22.26,21.83,21.83 - 22.26,-0.29,-1.29,2026-09-14T20:20:30.000Z,128616179668.0,27840900,22.2,21.95,17.79 - 27.81,17.79,27.81,10.327022375215146,2.1496732
BBDC4,BBDC4,Banco Bradesco SA Pfd,BRL,18.42,18.44,18.12,18.12 - 18.44,-0.17,-0.91,2026-09-14T20:20:30.000Z,194934202915.0,19575700,18.42,18.2,15.68 - 22.09790212,15.68,22.09790212,8.023346981444378,2.2958377
PETR4,PETR4,Petroleo Brasileiro SA Pfd,BRL,48.92,49.73,48.61,48.61 - 49.73,-0.08,-0.16,2026-09-14T20:42:30.000Z,666002537664.0,32056200,49.11,49.51,29.31 - 50.69,29.31,50.69,4.727346520684557,10.3482633
VALE3,VALE3,Vale S.A.,BRL,75.48,76.89,75.4,75.4 - 76.89,-2.72,-3.48,2026-09-14T20:42:30.000Z,326010404329.0,18562600,75.7,76.5,56.54 - 91.62,56.54,91.62,31.163040336897737,2.4326809
BBAS3,BBAS3,Banco do Brasil S.A.,BRL,22.12,22.26,21.83,21.83 - 22.26,-0.37,-1.65,2026-09-14T20:42:30.000Z,128616179668.0,29606200,22.2,21.95,17.79 - 27.81,17.79,27.81,10.289807880169326,2.1496732
BBDC4,BBDC4,Banco Bradesco SA Pfd,BRL,18.33,18.44,18.12,18.12 - 18.44,-0.26,-1.4,2026-09-14T20:42:30.000Z,194934202915.0,21504500,18.42,18.2,15.68 - 22.09790212,15.68,22.09790212,7.984144960362401,2.2958377
PETR4,PETR4,Petroleo Brasileiro SA Pfd,BRL,49.11,49.3,49.06,49.06 - 49.3,0.19,0.39,2026-09-15T13:23:30.000Z,663642668672.0,426200,49.14,49.06,29.31 - 50.69,29.31,50.69,4.745707024342162,10.3482633
VALE3,VALE3,Vale S.A.,BRL,75.73,75.94,75.69,75.69 - 75.94,0.25,0.33,2026-09-15T13:23:30.000Z,314670938279.0,215300,75.74,75.84,56.54 - 91.62,56.54,91.62,31.2662565542298,2.4326809
BBAS3,BBAS3,Banco do Brasil S.A.,BRL,22.21,22.3,22.19,22.19 - 22.3,0.09,0.41,2026-09-15T13:23:30.000Z,126500223706.0,279000,22.21,22.28,17.79 - 27.81,17.79,27.81,10.331674187095873,2.1496732
BBDC4,BBDC4,Banco Bradesco SA Pfd,BRL,18.38,18.46,18.35,18.35 - 18.46,0.05,0.27,2026-09-15T13:22:30.000Z,192645267921.0,300000,18.38,18.45,15.68 - 22.09790212,15.68,22.09790212,8.005923860963499,2.2958377
PETR4,PETR4,Petroleo Brasileiro SA Pfd,BRL,49.19,49.3,49.03,49.03 - 49.3,0.27,0.55,2026-09-15T13:44:30.000Z,663642668672.0,1696400,49.19,49.06,29.31 - 50.69,29.31,50.69,4.753437762724312,10.3482633
VALE3,VALE3,Vale S.A.,BRL,75.09,75.94,75.01,75.01 - 75.94,-0.39,-0.52,2026-09-15T13:44:30.000Z,314670938279.0,1116200,75.13,75.84,56.54 - 91.62,56.54,91.62,31.00202303785971,2.4326809
BBAS3,BBAS3,Banco do Brasil S.A.,BRL,22.06,22.3,22.02,22.02 - 22.3,-0.06,-0.27,2026-09-15T13:44:30.000Z,126500223706.0,1580000,22.09,22.28,17.79 - 27.81,17.79,27.81,10.26189700888496,2.1496732
BBDC4,BBDC4,Banco Bradesco SA Pfd,BRL,18.26,18.46,18.24,18.24 - 18.46,-0.07,-0.38,2026-09-15T13:44:30.000Z,192645267921.0,696400,18.26,18.45,15.68 - 22.09790212,15.68,22.09790212,7.953654499520866,2.2958377
PETR4,PETR4,Petroleo Brasileiro SA Pfd,BRL,49.87,49.9,49.03,49.03 - 49.9,0.95,1.94,2026-09-15T14:22:30.000Z,663642668672.0,8505300,49.85,49.06,29.31 - 50.69,29.31,50.69,4.819149038972585,10.3482633
VALE3,VALE3,Vale S.A.,BRL,75.02,75.94,74.9,74.9 - 75.94,-0.46,-0.61,2026-09-15T14:23:30.000Z,314670938279.0,3011300,75.02,75.84,56.54 - 91.62,56.54,91.62,30.973122497006727,2.4326809
BBAS3,BBAS3,Banco do Brasil S.A.,BRL,22.06,22.3,21.98,21.98 - 22.3,-0.06,-0.27,2026-09-15T14:22:30.000Z,126500223706.0,3688900,22.06,22.28,17.79 - 27.81,17.79,27.81,10.26189700888496,2.1496732
BBDC4,BBDC4,Banco Bradesco SA Pfd,BRL,18.28,18.46,18.24,18.24 - 18.46,-0.05,-0.27,2026-09-15T14:23:30.000Z,192645267921.0,1884000,18.27,18.45,15.68 - 22.09790212,15.68,22.09790212,7.962366059761305,2.2958377
PETR4,PETR4,Petroleo Brasileiro SA Pfd,BRL,49.88,50.03,49.03,49.03 - 50.03,0.96,1.96,2026-09-15T14:45:30.000Z,663642668672.0,11708500,49.84,49.06,29.31 - 50.69,29.31,50.69,4.820115381270353,10.3482633
VALE3,VALE3,Vale S.A.,BRL,74.87,75.94,74.86,74.86 - 75.94,-0.61,-0.81,2026-09-15T14:45:30.000Z,314670938279.0,3677800,74.88,75.84,56.54 - 91.62,56.54,91.62,30.91119276660749,2.4326809
BBAS3,BBAS3,Banco do Brasil S.A.,BRL,22.07,22.3,21.98,21.98 - 22.3,-0.05,-0.23,2026-09-15T14:45:30.000Z,126500223706.0,4490100,22.07,22.28,17.79 - 27.81,17.79,27.81,10.266548820765689,2.1496732
BBDC4,BBDC4,Banco Bradesco SA Pfd,BRL,18.23,18.46,18.23,18.23 - 18.46,-0.1,-0.55,2026-09-15T14:44:30.000Z,192645267921.0,2679700,18.23,18.45,15.68 - 22.09790212,15.68,22.09790212,7.940587159160207,2.2958377
PETR4,PETR4,Petroleo Brasileiro SA Pfd,BRL,50.25,50.27,49.03,49.03 - 50.27,1.33,2.72,2026-09-15T15:20:30.000Z,663642668672.0,16732000,50.25,49.06,29.31 - 50.69,29.31,50.69,4.855870046287796,10.3482633
VALE3,VALE3,Vale S.A.,BRL,74.75,75.94,74.7,74.7 - 75.94,-0.73,-0.97,2026-09-15T15:20:30.000Z,314670938279.0,4500500,74.75,75.84,56.54 - 91.62,56.54,91.62,30.8616489822881,2.4326809
BBAS3,BBAS3,Banco do Brasil S.A.,BRL,21.98,22.3,21.92,21.92 - 22.3,-0.14,-0.63,2026-09-15T15:21:30.000Z,126500223706.0,6577600,21.98,22.28,17.79 - 27.81,17.79,27.81,10.22468251383914,2.1496732
BBDC4,BBDC4,Banco Bradesco SA Pfd,BRL,18.21,18.46,18.14,18.14 - 18.46,-0.12,-0.65,2026-09-15T15:20:30.000Z,192645267921.0,4685900,18.21,18.45,15.68 - 22.09790212,15.68,22.09790212,7.931875598919768,2.2958377
PETR4,PETR4,Petroleo Brasileiro SA Pfd,BRL,50.67,50.68,49.03,49.03 - 50.68,1.75,3.58,2026-09-15T15:43:30.000Z,663642668672.0,19520100,50.65,49.06,29.31 - 50.69,29.31,50.69,4.896456422794082,10.3482633
VALE3,VALE3,Vale S.A.,BRL,74.77,75.94,74.6,74.6 - 75.94,-0.71,-0.94,2026-09-15T15:43:30.000Z,314670938279.0,5828100,74.78,75.84,56.54 - 91.62,56.54,91.62,30.869906279674662,2.4326809
BBAS3,BBAS3,Banco do Brasil S.A.,BRL,22.19,22.3,21.92,21.92 - 22.3,0.07,0.32,2026-09-15T15:43:30.000Z,126500223706.0,7749200,22.19,22.28,17.79 - 27.81,17.79,27.81,10.322370563334418,2.1496732
BBDC4,BBDC4,Banco Bradesco SA Pfd,BRL,18.36,18.46,18.14,18.14 - 18.46,0.03,0.16,2026-09-15T15:43:30.000Z,192645267921.0,5802300,18.36,18.45,15.68 - 22.09790212,15.68,22.09790212,7.99721230072306,2.2958377
PETR4,PETR4,Petroleo Brasileiro SA Pfd,BRL,50.22,50.7,49.03,49.03 - 50.7,1.3,2.66,2026-09-15T16:23:30.000Z,663642668672.0,23849400,50.26,49.06,29.31 - 50.7,29.31,50.7,4.85297101939449,10.3482633
VALE3,VALE3,Vale S.A.,BRL,74.81,75.94,74.6,74.6 - 75.94,-0.67,-0.89,2026-09-15T16:23:30.000Z,314670938279.0,7035400,74.81,75.84,56.54 - 91.62,56.54,91.62,30.8864208744478,2.4326809
BBAS3,BBAS3,Banco do Brasil S.A.,BRL,22.17,22.3,21.92,21.92 - 22.3,0.05,0.23,2026-09-15T16:23:30.000Z,126500223706.0,9101500,22.18,22.28,17.79 - 27.81,17.79,27.81,10.313066939572964,2.1496732
BBDC4,BRADESCO    PN  EJ  N1,Banco Bradesco S.A.,BRL,18.3,18.46,18.14,18.14 - 18.46,-0.03,-0.16,2026-09-15T16:24:30.000Z,,6645500,18.33,18.3,15.68 - 22.12,15.68,22.12,,
PETR4,PETR4,Petroleo Brasileiro SA Pfd,BRL,50.36,50.7,49.03,49.03 - 50.7,1.44,2.94,2026-09-15T16:44:30.000Z,663642668672.0,26156600,50.37,49.06,29.31 - 50.7,29.31,50.7,4.866499811563252,10.3482633
VALE3,VALE3,Vale S.A.,BRL,74.77,75.94,74.6,74.6 - 75.94,-0.71,-0.94,2026-09-15T16:44:30.000Z,314670938279.0,7458500,74.79,75.84,56.54 - 91.62,56.54,91.62,30.869906279674662,2.4326809
BBAS3,BBAS3,Banco do Brasil S.A.,BRL,22.2,22.3,21.92,21.92 - 22.3,0.08,0.36,2026-09-15T16:44:30.000Z,126500223706.0,9396200,22.19,22.28,17.79 - 27.81,17.79,27.81,10.327022375215146,2.1496732
BBDC4,BBDC4,Banco Bradesco SA Pfd,BRL,18.33,18.46,18.14,18.14 - 18.46,0.0,0.0,2026-09-15T16:44:30.000Z,192645267921.0,6835300,18.33,18.45,15.68 - 22.09790212,15.68,22.09790212,7.984144960362401,2.2958377
PETR4,PETR4,Petroleo Brasileiro SA Pfd,BRL,50.46,50.7,49.03,49.03 - 50.7,1.54,3.15,2026-09-15T17:19:30.000Z,663642668672.0,28405100,50.47,49.06,29.31 - 50.7,29.31,50.7,4.87616323454094,10.3482633
VALE3,VALE3,Vale S.A.,BRL,75.29,75.94,74.6,74.6 - 75.94,-0.19,-0.25,2026-09-15T17:18:30.000Z,314670938279.0,8399200,75.29,75.84,56.54 - 91.62,56.54,91.62,31.084596011725367,2.4326809
BBAS3,BBAS3,Banco do Brasil S.A.,BRL,22.29,22.33,21.92,21.92 - 22.33,0.17,0.77,2026-09-15T17:18:30.000Z,126500223706.0,10472900,22.29,22.28,17.79 - 27.81,17.79,27.81,10.368888682141693,2.1496732
BBDC4,BBDC4,Banco Bradesco SA Pfd,BRL,18.39,18.46,18.14,18.14 - 18.46,0.06,0.33,2026-09-15T17:18:30.000Z,192645267921.0,7815600,18.39,18.45,15.68 - 22.09790212,15.68,22.09790212,8.010279641083718,2.2958377
PETR4,PETR4,Petroleo Brasileiro SA Pfd,BRL,50.51,50.7,49.03,49.03 - 50.7,1.59,3.25,2026-09-15T17:42:30.000Z,663642668672.0,30272200,50.51,49.06,29.31 - 50.7,29.31,50.7,4.880994946029783,10.3482633
VALE3,VALE3,Vale S.A.,BRL,75.26,75.94,74.6,74.6 - 75.94,-0.22,-0.29,2026-09-15T17:41:30.000Z,314670938279.0,8943000,75.23,75.84,56.54 - 91.62,56.54,91.62,31.07221006564552,2.4326809
BBAS3,BBAS3,Banco do Brasil S.A.,BRL,22.23,22.33,21.92,21.92 - 22.33,0.11,0.5,2026-09-15T17:42:30.000Z,126500223706.0,11358400,22.22,22.28,17.79 - 27.81,17.79,27.81,10.340977810857328,2.1496732
BBDC4,BBDC4,Banco Bradesco SA Pfd,BRL,18.32,18.46,18.14,18.14 - 18.46,-0.01,-0.05,2026-09-15T17:42:30.000Z,192645267921.0,8367800,18.32,18.45,15.68 - 22.09790212,15.68,22.09790212,7.979789180242182,2.2958377
PETR4,PETR4,Petroleo Brasileiro SA Pfd,BRL,50.54,50.7,49.03,49.03 - 50.7,1.62,3.31,2026-09-15T18:24:30.000Z,663642668672.0,34674100,50.55,49.06,29.31 - 50.7,29.31,50.7,4.883893972923088,10.3482633
VALE3,VALE3,Vale S.A.,BRL,75.05,75.94,74.6,74.6 - 75.94,-0.43,-0.57,2026-09-15T18:24:30.000Z,314670938279.0,10355400,75.06,75.84,56.54 - 91.62,56.54,91.62,30.985508443086577,2.4326809
BBAS3,BBAS3,Banco do Brasil S.A.,BRL,22.12,22.33,21.92,21.92 - 22.33,0.0,0.0,2026-09-15T18:24:30.000Z,126500223706.0,14438400,22.11,22.28,17.79 - 27.81,17.79,27.81,10.289807880169326,2.1496732
BBDC4,BBDC4,Banco Bradesco SA Pfd,BRL,18.31,18.46,18.14,18.14 - 18.46,-0.02,-0.11,2026-09-15T18:24:30.000Z,192645267921.0,10401500,18.31,18.45,15.68 - 22.09790212,15.68,22.09790212,7.975433400121962,2.2958377
PETR4,PETR4,Petroleo Brasileiro SA Pfd,BRL,50.37,50.7,49.03,49.03 - 50.7,1.45,2.96,2026-09-15T18:46:30.000Z,663642668672.0,36604500,50.38,49.06,29.31 - 50.7,29.31,50.7,4.86746615386102,10.3482633
VALE3,VALE3,Vale S.A.,BRL,75.14,75.94,74.6,74.6 - 75.94,-0.34,-0.45,2026-09-15T18:46:30.000Z,314670938279.0,11012100,75.12,75.84,56.54 - 91.62,56.54,91.62,31.022666281326124,2.4326809
BBAS3,BBAS3,Banco do Brasil S.A.,BRL,22.14,22.33,21.92,21.92 - 22.33,0.02,0.09,2026-09-15T18:46:30.000Z,126500223706.0,15606100,22.13,22.28,17.79 - 27.81,17.79,27.81,10.29911150393078,2.1496732
BBDC4,BBDC4,Banco Bradesco SA Pfd,BRL,18.28,18.46,18.14,18.14 - 18.46,-0.05,-0.27,2026-09-15T18:45:30.000Z,192645267921.0,12375100,18.27,18.45,15.68 - 22.09790212,15.68,22.09790212,7.962366059761305,2.2958377
PETR4,PETR4,Petroleo Brasileiro SA Pfd,BRL,50.41,50.7,49.03,49.03 - 50.7,1.49,3.05,2026-09-15T19:18:30.000Z,663642668672.0,38303900,50.42,49.06,29.31 - 50.7,29.31,50.7,4.871331523052096,10.3482633
VALE3,VALE3,Vale S.A.,BRL,74.97,75.94,74.6,74.6 - 75.94,-0.51,-0.68,2026-09-15T19:18:30.000Z,314670938279.0,11567000,74.95,75.84,56.54 - 91.62,56.54,91.62,30.95247925354032,2.4326809
BBAS3,BBAS3,Banco do Brasil S.A.,BRL,22.07,22.33,21.92,21.92 - 22.33,-0.05,-0.23,2026-09-15T19:18:30.000Z,126500223706.0,17527200,22.07,22.28,17.79 - 27.81,17.79,27.81,10.266548820765689,2.1496732
BBDC4,BBDC4,Banco Bradesco SA Pfd,BRL,18.26,18.46,18.14,18.14 - 18.46,-0.07,-0.38,2026-09-15T19:18:30.000Z,192645267921.0,14508000,18.25,18.45,15.68 - 22.09790212,15.68,22.09790212,7.953654499520866,2.2958377
PETR4,PETR4,Petroleo Brasileiro SA Pfd,BRL,50.49,50.7,49.03,49.03 - 50.7,1.57,3.21,2026-09-15T19:42:30.000Z,663642668672.0,40512400,50.49,49.06,29.31 - 50.7,29.31,50.7,4.879062261434245,10.3482633
VALE3,VALE3,Vale S.A.,BRL,74.84,75.94,74.6,74.6 - 75.94,-0.64,-0.85,2026-09-15T19:42:30.000Z,314670938279.0,13222000,74.84,75.84,56.54 - 91.62,56.54,91.62,30.898806820527643,2.4326809
BBAS3,BBAS3,Banco do Brasil S.A.,BRL,22.08,22.33,21.92,21.92 - 22.33,-0.04,-0.18,2026-09-15T19:42:30.000Z,126500223706.0,19333100,22.08,22.28,17.79 - 27.81,17.79,27.81,10.271200632646414,2.1496732
BBDC4,BBDC4,Banco Bradesco SA Pfd,BRL,18.29,18.46,18.14,18.14 - 18.46,-0.04,-0.22,2026-09-15T19:42:30.000Z,192645267921.0,16178300,18.28,18.45,15.68 - 22.09790212,15.68,22.09790212,7.966721839881523,2.2958377
PETR4,PETR4,Petroleo Brasileiro SA Pfd,BRL,50.43,50.7,49.03,49.03 - 50.7,1.51,3.09,2026-09-15T20:21:30.000Z,663642668672.0,46405700,50.43,49.06,29.31 - 50.7,29.31,50.7,4.873264207647633,10.3482633
VALE3,VALE3,Vale S.A.,BRL,74.6,75.94,74.6,74.6 - 75.94,-0.88,-1.17,2026-09-15T20:21:30.000Z,314670938279.0,15964300,74.71,75.84,56.54 - 91.62,56.54,91.62,30.799719251888856,2.4326809
BBAS3,BBAS3,Banco do Brasil S.A.,BRL,22.04,22.33,21.92,21.92 - 22.33,-0.08,-0.36,2026-09-15T20:21:30.000Z,126500223706.0,20654400,22.09,22.28,17.79 - 27.81,17.79,27.81,10.252593385123504,2.1496732
BBDC4,BBDC4,Banco Bradesco SA Pfd,BRL,18.28,18.46,18.14,18.14 - 18.46,-0.05,-0.27,2026-09-15T20:20:30.000Z,192645267921.0,20949700,18.28,18.45,15.68 - 22.09790212,15.68,22.09790212,7.962366059761305,2.2958377
PETR4,PETR4,Petroleo Brasileiro SA Pfd,BRL,50.43,50.7,49.03,49.03 - 50.7,1.51,3.09,2026-09-15T20:42:30.000Z,663642668672.0,46405700,50.43,49.06,29.31 - 50.7,29.31,50.7,4.873264207647633,10.3482633
VALE3,VALE3,Vale S.A.,BRL,74.6,75.94,74.6,74.6 - 75.94,-0.88,-1.17,2026-09-15T20:42:30.000Z,314670938279.0,18005300,74.71,75.84,56.54 - 91.62,56.54,91.62,30.799719251888856,2.4326809
BBAS3,BBAS3,Banco do Brasil S.A.,BRL,22.04,22.33,21.92,21.92 - 22.33,-0.08,-0.36,2026-09-15T20:42:30.000Z,126500223706.0,21927800,22.09,22.28,17.79 - 27.81,17.79,27.81,10.252593385123504,2.1496732
BBDC4,BBDC4,Banco Bradesco SA Pfd,BRL,18.2,18.46,18.14,18.14 - 18.46,-0.13,-0.71,2026-09-15T20:42:30.000Z,192645267921.0,24015700,18.28,18.45,15.68 - 22.09790212,15.68,22.09790212,7.9275198187995475,2.2958377
PETR4,PETR4,Petroleo Brasileiro SA Pfd,BRL,49.78,49.98,49.72,49.72 - 49.98,-0.65,-1.29,2026-09-16T13:22:30.000Z,686323833312.0,782500,49.77,49.94,29.31 - 50.7,29.31,50.7,4.810451958292666,10.3482633
VALE3,VALE3,Vale S.A.,BRL,74.6,75.94,74.6,74.6 - 75.94,-0.88,-1.17,2026-09-16T13:22:30.000Z,311002258499.0,18100600,74.71,75.84,56.54 - 91.62,56.54,91.62,30.799719251888856,2.4326809
BBAS3,BBAS3,Banco do Brasil S.A.,BRL,21.86,21.99,21.85,21.85 - 21.99,-0.18,-0.82,2026-09-16T13:22:30.000Z,126042718829.0,338100,21.86,21.95,17.79 - 27.81,17.79,27.81,10.168860771270408,2.1496732
BBDC4,BBDC4,Banco Bradesco SA Pfd,BRL,18.13,18.23,18.11,18.11 - 18.23,-0.07,-0.38,2026-09-16T13:22:30.000Z,191472855783.0,352300,18.13,18.21,15.68 - 22.09790212,15.68,22.09790212,7.897029357958011,2.2958377
PETR4,PETR4,Petroleo Brasileiro SA Pfd,BRL,49.72,49.98,49.69,49.69 - 49.98,-0.71,-1.41,2026-09-16T13:44:30.000Z,686323833312.0,2296300,49.73,49.94,29.31 - 50.7,29.31,50.7,4.804653904506054,10.3482633
VALE3,VALE3,Vale S.A.,BRL,74.5,75.46,74.4,74.4 - 75.46,-0.1,-0.13,2026-09-16T13:44:30.000Z,311002258499.0,2444300,74.5,75.06,56.54 - 91.62,56.54,91.62,30.75843276495603,2.4326809
BBAS3,BBAS3,Banco do Brasil S.A.,BRL,21.6,21.99,21.51,21.51 - 21.99,-0.44,-2.0,2026-09-16T13:44:30.000Z,126042718829.0,4642300,21.58,21.95,17.79 - 27.81,17.79,27.81,10.047913662371494,2.1496732
BBDC4,BBDC4,Banco Bradesco SA Pfd,BRL,18.09,18.23,18.05,18.05 - 18.23,-0.11,-0.6,2026-09-16T13:44:30.000Z,191472855783.0,1094300,18.09,18.21,15.68 - 22.09790212,15.68,22.09790212,7.879606237477133,2.2958377
PETR4,PETR4,Petroleo Brasileiro SA Pfd,BRL,49.31,49.98,49.26,49.26 - 49.98,-1.12,-2.22,2026-09-16T14:23:30.000Z,686323833312.0,6126600,49.32,49.94,29.31 - 50.7,29.31,50.7,4.765033870297537,10.3482633
VALE3,VALE3,Vale S.A.,BRL,74.24,75.46,74.11,74.11 - 75.46,-0.36,-0.48,2026-09-16T14:23:30.000Z,311002258499.0,7161800,74.24,75.06,56.54 - 91.62,56.54,91.62,30.65108789893068,2.4326809
BBAS3,BBAS3,Banco do Brasil S.A.,BRL,21.75,21.99,21.51,21.51 - 21.99,-0.29,-1.32,2026-09-16T14:23:30.000Z,126042718829.0,7752400,21.75,21.95,17.79 - 27.81,17.79,27.81,10.117690840582409,2.1496732
BBDC4,BBDC4,Banco Bradesco SA Pfd,BRL,18.02,18.23,17.97,17.97 - 18.23,-0.18,-0.99,2026-09-16T14:22:30.000Z,191472855783.0,2917600,18.03,18.21,15.68 - 22.09790212,15.68,22.09790212,7.849115776635596,2.2958377
PETR4,PETR4,Petroleo Brasileiro SA Pfd,BRL,49.41,49.98,49.26,49.26 - 49.98,-1.02,-2.02,2026-09-16T14:44:30.000Z,686323833312.0,8044800,49.41,49.94,29.31 - 50.7,29.31,50.7,4.774697293275223,10.3482633
VALE3,VALE3,Vale S.A.,BRL,74.06,75.46,73.91,73.91 - 75.46,-0.54,-0.72,2026-09-16T14:44:30.000Z,311002258499.0,11843200,74.06,75.06,56.54 - 91.62,56.54,91.62,30.576772222451595,2.4326809
BBAS3,BBAS3,Banco do Brasil S.A.,BRL,21.98,22.02,21.51,21.51 - 22.02,-0.06,-0.27,2026-09-16T14:44:30.000Z,126042718829.0,9016200,21.97,21.95,17.79 - 27.81,17.79,27.81,10.22468251383914,2.1496732
BBDC4,BBDC4,Banco Bradesco SA Pfd,BRL,18.09,18.23,17.97,17.97 - 18.23,-0.11,-0.6,2026-09-16T14:44:30.000Z,191472855783.0,4957800,18.08,18.21,15.68 - 22.09790212,15.68,22.09790212,7.879606237477133,2.2958377
PETR4,PETR4,Petroleo Brasileiro SA Pfd,BRL,48.85,49.98,48.77,48.77 - 49.98,-1.58,-3.13,2026-09-16T15:20:30.000Z,686323833312.0,14985300,48.8,49.94,29.31 - 50.7,29.31,50.7,4.720582124600176,10.3482633
VALE3,VALE3,Vale S.A.,BRL,73.98,75.46,73.71,73.71 - 75.46,-0.62,-0.83,2026-09-16T15:20:30.000Z,311002258499.0,21679800,73.97,75.06,56.54 - 91.62,56.54,91.62,30.543743032905333,2.4326809
BBAS3,BBAS3,Banco do Brasil S.A.,BRL,22.18,22.21,21.51,21.51 - 22.21,0.14,0.64,2026-09-16T15:20:30.000Z,126042718829.0,10920900,22.16,21.95,17.79 - 27.81,17.79,27.81,10.31771875145369,2.1496732
BBDC4,BBDC4,Banco Bradesco SA Pfd,BRL,18.17,18.23,17.97,17.97 - 18.23,-0.03,-0.16,2026-09-16T15:20:30.000Z,191472855783.0,9232500,18.16,18.21,15.68 - 22.09790212,15.68,22.09790212,7.91445247843889,2.2958377
PETR4,PETR4,Petroleo Brasileiro SA Pfd,BRL,48.93,49.98,48.62,48.62 - 49.98,-1.5,-2.97,2026-09-16T15:43:30.000Z,686323833312.0,19103600,48.92,49.94,29.31 - 50.7,29.31,50.7,4.728312862982325,10.3482633
VALE3,VALE3,Vale S.A.,BRL,74.25,75.46,73.71,73.71 - 75.46,-0.35,-0.47,2026-09-16T15:42:30.000Z,311002258499.0,32232600,74.29,75.06,56.54 - 91.62,56.54,91.62,30.655216547623965,2.4326809
BBAS3,BBAS3,Banco do Brasil S.A.,BRL,22.1,22.26,21.51,21.51 - 22.26,0.06,0.27,2026-09-16T15:42:30.000Z,126042718829.0,12082500,22.09,21.95,17.79 - 27.81,17.79,27.81,10.280504256407871,2.1496732
BBDC4,BBDC4,Banco Bradesco SA Pfd,BRL,18.13,18.23,17.97,17.97 - 18.23,-0.07,-0.38,2026-09-16T15:43:30.000Z,191472855783.0,10225200,18.13,18.21,15.68 - 22.09790212,15.68,22.09790212,7.897029357958011,2.2958377
PETR4,PETR4,Petroleo Brasileiro SA Pfd,BRL,49.24,49.98,48.62,48.62 - 49.98,-1.19,-2.36,2026-09-16T16:23:30.000Z,686323833312.0,24001900,49.24,49.94,29.31 - 50.7,29.31,50.7,4.758269474213156,10.3482633
VALE3,VALE3,Vale S.A.,BRL,74.41,75.46,73.71,73.71 - 75.46,-0.19,-0.25,2026-09-16T16:23:30.000Z,311002258499.0,34332600,74.42,75.06,56.54 - 91.62,56.54,91.62,30.72127492671649,2.4326809
BBAS3,BBAS3,Banco do Brasil S.A.,BRL,22.2,22.26,21.51,21.51 - 22.26,0.16,0.73,2026-09-16T16:23:30.000Z,126042718829.0,13364000,22.19,21.95,17.79 - 27.81,17.79,27.81,10.327022375215146,2.1496732
BBDC4,BBDC4,Banco Bradesco SA Pfd,BRL,18.2,18.25,17.97,17.97 - 18.25,0.0,0.0,2026-09-16T16:23:30.000Z,191472855783.0,12307400,18.2,18.21,15.68 - 22.09790212,15.68,22.09790212,7.9275198187995475,2.2958377
PETR4,PETR4,Petroleo Brasileiro SA Pfd,BRL,49.23,49.98,48.62,48.62 - 49.98,-1.2,-2.38,2026-09-16T16:44:30.000Z,686323833312.0,25076700,49.23,49.94,29.31 - 50.7,29.31,50.7,4.7573031319153865,10.3482633
VALE3,VALE3,Vale S.A.,BRL,74.18,75.46,73.71,73.71 - 75.46,-0.42,-0.56,2026-09-16T16:44:30.000Z,311002258499.0,35222800,74.18,75.06,56.54 - 91.62,56.54,91.62,30.62631600677099,2.4326809
BBAS3,BBAS3,Banco do Brasil S.A.,BRL,22.29,22.3,21.51,21.51 - 22.3,0.25,1.13,2026-09-16T16:44:30.000Z,126042718829.0,14095100,22.29,21.95,17.79 - 27.81,17.79,27.81,10.368888682141693,2.1496732
BBDC4,BBDC4,Banco Bradesco SA Pfd,BRL,18.21,18.25,17.97,17.97 - 18.25,0.01,0.05,2026-09-16T16:44:30.000Z,191472855783.0,12823900,18.19,18.21,15.68 - 22.09790212,15.68,22.09790212,7.931875598919768,2.2958377
PETR4,PETR4,Petroleo Brasileiro SA Pfd,BRL,49.02,49.98,48.62,48.62 - 49.98,-1.41,-2.8,2026-09-16T17:18:30.000Z,686323833312.0,26860800,49.0,49.94,29.31 - 50.7,29.31,50.7,4.737009943662244,10.3482633
VALE3,VALE3,Vale S.A.,BRL,74.02,75.46,73.71,73.71 - 75.46,-0.58,-0.78,2026-09-16T17:18:30.000Z,311002258499.0,36086900,74.01,75.06,56.54 - 91.62,56.54,91.62,30.56025762767846,2.4326809
BBAS3,BBAS3,Banco do Brasil S.A.,BRL,22.25,22.33,21.51,21.51 - 22.33,0.21,0.95,2026-09-16T17:18:30.000Z,126042718829.0,15415900,22.27,21.95,17.79 - 27.81,17.79,27.81,10.350281434618784,2.1496732
BBDC4,BBDC4,Banco Bradesco SA Pfd,BRL,18.12,18.25,17.97,17.97 - 18.25,-0.08,-0.44,2026-09-16T17:18:30.000Z,191472855783.0,13788400,18.12,18.21,15.68 - 22.09790212,15.68,22.09790212,7.892673577837792,2.2958377
PETR4,PETR4,Petroleo Brasileiro SA Pfd,BRL,49.05,49.98,48.62,48.62 - 49.98,-1.38,-2.74,2026-09-16T17:42:30.000Z,686323833312.0,27658600,49.05,49.94,29.31 - 50.7,29.31,50.7,4.7399089705555495,10.3482633
VALE3,VALE3,Vale S.A.,BRL,74.05,75.46,73.71,73.71 - 75.46,-0.55,-0.74,2026-09-16T17:42:30.000Z,311002258499.0,36439600,74.02,75.06,56.54 - 91.62,56.54,91.62,30.57264357375831,2.4326809
BBAS3,BBAS3,Banco do Brasil S.A.,BRL,22.24,22.33,21.51,21.51 - 22.33,0.2,0.91,2026-09-16T17:42:30.000Z,126042718829.0,15952900,22.24,21.95,17.79 - 27.81,17.79,27.81,10.345629622738056,2.1496732
BBDC4,BBDC4,Banco Bradesco SA Pfd,BRL,18.12,18.25,17.97,17.97 - 18.25,-0.08,-0.44,2026-09-16T17:42:30.000Z,191472855783.0,14703100,18.12,18.21,15.68 - 22.09790212,15.68,22.09790212,7.892673577837792,2.2958377
PETR4,PETR4,Petroleo Brasileiro SA Pfd,BRL,49.17,49.98,48.62,48.62 - 49.98,-1.26,-2.5,2026-09-16T18:25:30.000Z,686323833312.0,30116800,49.16,49.94,29.31 - 50.7,29.31,50.7,4.751505078128775,10.3482633
VALE3,VALE3,Vale S.A.,BRL,73.69,75.46,73.51,73.51 - 75.46,-0.91,-1.22,2026-09-16T18:25:30.000Z,311002258499.0,38860500,73.71,75.06,56.54 - 91.62,56.54,91.62,30.424012220800133,2.4326809
BBAS3,BBAS3,Banco do Brasil S.A.,BRL,22.62,22.66,21.51,21.51 - 22.66,0.58,2.63,2026-09-16T18:25:30.000Z,126042718829.0,18721300,22.63,21.95,17.79 - 27.81,17.79,27.81,10.522398474205705,2.1496732
BBDC4,BBDC4,Banco Bradesco SA Pfd,BRL,18.13,18.25,17.97,17.97 - 18.25,-0.07,-0.38,2026-09-16T18:25:30.000Z,191472855783.0,17192400,18.14,18.21,15.68 - 22.09790212,15.68,22.09790212,7.897029357958011,2.2958377
PETR4,PETR4,Petroleo Brasileiro SA Pfd,BRL,49.11,49.98,48.62,48.62 - 49.98,-1.32,-2.62,2026-09-16T18:47:30.000Z,686323833312.0,31302100,49.09,49.94,29.31 - 50.7,29.31,50.7,4.745707024342162,10.3482633
VALE3,VALE3,Vale S.A.,BRL,73.32,75.46,73.31,73.31 - 75.46,-1.28,-1.72,2026-09-16T18:46:30.000Z,297320826406.0,40654100,73.39,75.06,56.54 - 91.62,56.54,91.62,30.27125221914867,2.4326809
BBAS3,BBAS3,Banco do Brasil S.A.,BRL,22.57,22.67,21.51,21.51 - 22.67,0.53,2.4,2026-09-16T18:46:30.000Z,126042718829.0,21936900,22.59,21.95,17.79 - 27.81,17.79,27.81,10.499139414802064,2.1496732
BBDC4,BBDC4,Banco Bradesco SA Pfd,BRL,18.16,18.25,17.97,17.97 - 18.25,-0.04,-0.22,2026-09-16T18:46:30.000Z,191472855783.0,19654100,18.16,18.21,15.68 - 22.09790212,15.68,22.09790212,7.91009669831867,2.2958377
PETR4,PETR4,Petroleo Brasileiro SA Pfd,BRL,49.0,49.98,48.62,48.62 - 49.98,-1.43,-2.84,2026-09-16T19:18:30.000Z,686323833312.0,33025300,49.01,49.94,29.31 - 50.7,29.31,50.7,4.735077259066706,10.3482633
VALE3,VALE3,Vale S.A.,BRL,73.0,75.46,72.84,72.84 - 75.46,-1.6,-2.14,2026-09-16T19:18:30.000Z,297320826406.0,42983400,72.99,75.06,56.54 - 91.62,56.54,91.62,30.139135460963622,2.4326809
BBAS3,BBAS3,Banco do Brasil S.A.,BRL,22.48,22.67,21.51,21.51 - 22.67,0.44,2.0,2026-09-16T19:18:30.000Z,126042718829.0,25102900,22.48,21.95,17.79 - 27.81,17.79,27.81,10.457273107875515,2.1496732
BBDC4,BBDC4,Banco Bradesco SA Pfd,BRL,18.07,18.25,17.97,17.97 - 18.25,-0.13,-0.71,2026-09-16T19:17:30.000Z,191472855783.0,22406600,18.07,18.21,15.68 - 22.09790212,15.68,22.09790212,7.870894677236694,2.2958377
PETR4,PETR4,Petroleo Brasileiro SA Pfd,BRL,48.7,49.98,48.62,48.62 - 49.98,-1.73,-3.43,2026-09-16T19:42:30.000Z,686323833312.0,34886400,48.72,49.94,29.31 - 50.7,29.31,50.7,4.706086990133645,10.3482633
VALE3,VALE3,Vale S.A.,BRL,72.54,75.46,72.41,72.41 - 75.46,-2.06,-2.76,2026-09-16T19:42:30.000Z,297320826406.0,45866800,72.53,75.06,56.54 - 91.62,56.54,91.62,29.949217621072627,2.4326809
BBAS3,BBAS3,Banco do Brasil S.A.,BRL,22.57,22.67,21.51,21.51 - 22.67,0.53,2.4,2026-09-16T19:43:30.000Z,126042718829.0,26828000,22.58,21.95,17.79 - 27.81,17.79,27.81,10.499139414802064,2.1496732
BBDC4,BBDC4,Banco Bradesco SA Pfd,BRL,18.05,18.25,17.97,17.97 - 18.25,-0.15,-0.82,2026-09-16T19:42:30.000Z,191472855783.0,24601400,18.06,18.21,15.68 - 22.09790212,15.68,22.09790212,7.862183116996255,2.2958377
PETR4,PETR4,Petroleo Brasileiro SA Pfd,BRL,48.71,49.98,48.62,48.62 - 49.98,-1.72,-3.41,2026-09-16T20:22:30.000Z,686323833312.0,38748200,48.71,49.94,29.31 - 50.7,29.31,50.7,4.707053332431414,10.3482633
VALE3,VALE3,Vale S.A.,BRL,73.0,75.46,72.41,72.41 - 75.46,-1.6,-2.14,2026-09-16T20:22:30.000Z,297320826406.0,51906100,72.8,75.06,56.54 - 91.62,56.54,91.62,30.139135460963622,2.4326809
BBAS3,BBAS3,Banco do Brasil S.A.,BRL,22.69,22.74,21.51,21.51 - 22.74,0.65,2.95,2026-09-16T20:21:30.000Z,126042718829.0,29887900,22.69,21.95,17.79 - 27.81,17.79,27.81,10.554961157370796,2.1496732
BBDC4,BBDC4,Banco Bradesco SA Pfd,BRL,18.17,18.25,17.97,17.97 - 18.25,-0.03,-0.16,2026-09-16T20:21:30.000Z,191472855783.0,27498300,18.17,18.21,15.68 - 22.09790212,15.68,22.09790212,7.91445247843889,2.2958377
PETR4,PETR4,Petroleo Brasileiro SA Pfd,BRL,48.65,49.98,48.62,48.62 - 49.98,-1.78,-3.53,2026-09-16T20:43:30.000Z,686323833312.0,52393500,48.71,49.94,29.31 - 50.7,29.31,50.7,4.701255278644801,10.3482633
VALE3,VALE3,Vale S.A.,BRL,73.0,75.46,72.41,72.41 - 75.46,-1.6,-2.14,2026-09-16T20:43:30.000Z,297320826406.0,51906100,72.8,75.06,56.54 - 91.62,56.54,91.62,30.139135460963622,2.4326809
BBAS3,BBAS3,Banco do Brasil S.A.,BRL,22.71,22.74,21.51,21.51 - 22.74,0.67,3.04,2026-09-16T20:43:30.000Z,126042718829.0,31940600,22.69,21.95,17.79 - 27.81,17.79,27.81,10.56426478113225,2.1496732
BBDC4,BBDC4,Banco Bradesco SA Pfd,BRL,18.21,18.25,17.97,17.97 - 18.25,0.01,0.05,2026-09-16T20:43:30.000Z,191472855783.0,34348900,18.17,18.21,15.68 - 22.09790212,15.68,22.09790212,7.931875598919768,2.2958377
PETR4,PETR4,Petroleo Brasileiro SA Pfd,BRL,48.14,48.26,48.02,48.02 - 48.26,-0.51,-1.05,2026-09-17T13:22:30.000Z,659008539964.0,4555300,48.13,48.03,29.31 - 50.7,29.31,50.7,4.651971821458597,10.3482633
VALE3,VALE3,Vale S.A.,BRL,73.71,73.9,73.49,73.49 - 73.9,0.71,0.97,2026-09-17T13:22:30.000Z,290943978171.0,434600,73.74,73.7,56.54 - 91.62,56.54,91.62,30.432269518186697,2.4326809
BBAS3,BBAS3,Banco do Brasil S.A.,BRL,22.69,22.91,22.68,22.68 - 22.91,-0.02,-0.09,2026-09-17T13:22:30.000Z,129874315350.0,423800,22.67,22.79,17.79 - 27.81,17.79,27.81,10.554961157370796,2.1496732
BBDC4,BBDC4,Banco Bradesco SA Pfd,BRL,18.13,18.26,18.1,18.1 - 18.26,-0.08,-0.44,2026-09-17T13:22:30.000Z,191528633197.0,886200,18.13,18.19,15.68 - 22.09790212,15.68,22.09790212,7.897029357958011,2.2958377
PETR4,PETR4,Petroleo Brasileiro SA Pfd,BRL,48.27,48.38,47.96,47.96 - 48.38,-0.38,-0.78,2026-09-17T13:44:30.000Z,659008539964.0,6355700,48.24,48.03,29.31 - 50.7,29.31,50.7,4.664534271329591,10.3482633
VALE3,VALE3,Vale S.A.,BRL,73.46,73.9,73.32,73.32 - 73.9,0.46,0.63,2026-09-17T13:44:30.000Z,290943978171.0,1469900,73.43,73.7,56.54 - 91.62,56.54,91.62,30.32905330085463,2.4326809
BBAS3,BBAS3,Banco do Brasil S.A.,BRL,22.75,22.91,22.58,22.58 - 22.91,0.04,0.18,2026-09-17T13:44:30.000Z,129874315350.0,2007000,22.71,22.79,17.79 - 27.81,17.79,27.81,10.58287202865516,2.1496732
BBDC4,BBDC4,Banco Bradesco SA Pfd,BRL,18.18,18.26,18.08,18.08 - 18.26,-0.03,-0.16,2026-09-17T13:44:30.000Z,191528633197.0,5298800,18.18,18.19,15.68 - 22.09790212,15.68,22.09790212,7.918808258559109,2.2958377
PETR4,PETR4,Petroleo Brasileiro SA Pfd,BRL,48.26,48.38,47.96,47.96 - 48.38,-0.39,-0.8,2026-09-17T14:24:30.000Z,659008539964.0,10221800,48.25,48.03,29.31 - 50.7,29.31,50.7,4.663567929031822,10.3482633
VALE3,VALE3,Vale S.A.,BRL,73.99,74.03,72.96,72.96 - 74.03,0.99,1.36,2026-09-17T14:24:30.000Z,290943978171.0,5498700,73.99,73.7,56.54 - 91.62,56.54,91.62,30.54787168159861,2.4326809
BBAS3,BBAS3,Banco do Brasil S.A.,BRL,22.5,22.91,22.3,22.3 - 22.91,-0.21,-0.92,2026-09-17T14:24:30.000Z,129874315350.0,11849000,22.49,22.79,17.79 - 27.81,17.79,27.81,10.466576731636971,2.1496732
BBDC4,BBDC4,Banco Bradesco SA Pfd,BRL,18.01,18.26,17.85,17.85 - 18.26,-0.2,-1.1,2026-09-17T14:24:30.000Z,191528633197.0,12405900,17.99,18.19,15.68 - 22.09790212,15.68,22.09790212,7.844759996515377,2.2958377
PETR4,PETR4,Petroleo Brasileiro SA Pfd,BRL,48.37,48.38,47.96,47.96 - 48.38,-0.28,-0.58,2026-09-17T14:44:30.000Z,659008539964.0,11957500,48.36,48.03,29.31 - 50.7,29.31,50.7,4.674197694307277,10.3482633
VALE3,VALE3,Vale S.A.,BRL,73.74,74.09,72.96,72.96 - 74.09,0.74,1.01,2026-09-17T14:44:30.000Z,290943978171.0,6552300,73.77,73.7,56.54 - 91.62,56.54,91.62,30.444655464266543,2.4326809
BBAS3,BBAS3,Banco do Brasil S.A.,BRL,22.46,22.91,22.3,22.3 - 22.91,-0.25,-1.1,2026-09-17T14:44:30.000Z,129874315350.0,12828400,22.45,22.79,17.79 - 27.81,17.79,27.81,10.44796948411406,2.1496732
BBDC4,BBDC4,Banco Bradesco SA Pfd,BRL,17.95,18.26,17.85,17.85 - 18.26,-0.26,-1.43,2026-09-17T14:44:30.000Z,191528633197.0,14467700,17.94,18.19,15.68 - 22.09790212,15.68,22.09790212,7.818625315794059,2.2958377
PETR4,PETR4,Petroleo Brasileiro SA Pfd,BRL,48.57,48.59,47.96,47.96 - 48.59,-0.08,-0.16,2026-09-17T15:21:30.000Z,659008539964.0,13886400,48.57,48.03,29.31 - 50.7,29.31,50.7,4.693524540262652,10.3482633
VALE3,VALE3,Vale S.A.,BRL,74.28,74.33,72.96,72.96 - 74.33,1.28,1.75,2026-09-17T15:21:30.000Z,290943978171.0,7594400,74.28,73.7,56.54 - 91.62,56.54,91.62,30.66760249370381,2.4326809
BBAS3,BBAS3,Banco do Brasil S.A.,BRL,22.56,22.91,22.3,22.3 - 22.91,-0.15,-0.66,2026-09-17T15:21:30.000Z,129874315350.0,13800200,22.56,22.79,17.79 - 27.81,17.79,27.81,10.494487602921335,2.1496732
BBDC4,BBDC4,Banco Bradesco SA Pfd,BRL,18.09,18.26,17.85,17.85 - 18.26,-0.12,-0.66,2026-09-17T15:21:30.000Z,191528633197.0,18083200,18.09,18.19,15.68 - 22.09790212,15.68,22.09790212,7.879606237477133,2.2958377
PETR4,PETR4,Petroleo Brasileiro SA Pfd,BRL,48.58,48.62,47.96,47.96 - 48.62,-0.07,-0.14,2026-09-17T15:43:30.000Z,659008539964.0,14718300,48.56,48.03,29.31 - 50.7,29.31,50.7,4.69449088256042,10.3482633
VALE3,VALE3,Vale S.A.,BRL,74.33,74.39,72.96,72.96 - 74.39,1.33,1.82,2026-09-17T15:43:30.000Z,290943978171.0,8044400,74.33,73.7,56.54 - 91.62,56.54,91.62,30.688245737170224,2.4326809
BBAS3,BBAS3,Banco do Brasil S.A.,BRL,22.6,22.91,22.3,22.3 - 22.91,-0.11,-0.48,2026-09-17T15:43:30.000Z,129874315350.0,14265600,22.61,22.79,17.79 - 27.81,17.79,27.81,10.513094850444247,2.1496732
BBDC4,BBDC4,Banco Bradesco SA Pfd,BRL,18.1,18.26,17.85,17.85 - 18.26,-0.11,-0.6,2026-09-17T15:43:30.000Z,191528633197.0,19768000,18.09,18.19,15.68 - 22.09790212,15.68,22.09790212,7.883962017597353,2.2958377
PETR4,PETR4,Petroleo Brasileiro SA Pfd,BRL,48.67,48.69,47.96,47.96 - 48.69,0.02,0.04,2026-09-17T16:24:30.000Z,659008539964.0,15912700,48.66,48.03,29.31 - 50.7,29.31,50.7,4.703187963240339,10.3482633
VALE3,VALE3,Vale S.A.,BRL,74.63,74.7,72.96,72.96 - 74.7,1.63,2.23,2026-09-17T16:24:30.000Z,290943978171.0,9297400,74.6,73.7,56.54 - 91.62,56.54,91.62,30.812105197968705,2.4326809
BBAS3,BBAS3,Banco do Brasil S.A.,BRL,22.94,23.01,22.3,22.3 - 23.01,0.23,1.01,2026-09-17T16:24:30.000Z,129874315350.0,19065800,22.94,22.79,17.79 - 27.81,17.79,27.81,10.671256454388985,2.1496732
BBDC4,BBDC4,Banco Bradesco SA Pfd,BRL,18.15,18.26,17.85,17.85 - 18.26,-0.06,-0.33,2026-09-17T16:24:30.000Z,191528633197.0,22296300,18.14,18.19,15.68 - 22.09790212,15.68,22.09790212,7.9057409181984495,2.2958377
PETR4,PETR4,Petroleo Brasileiro SA Pfd,BRL,48.76,48.82,47.96,47.96 - 48.82,0.11,0.23,2026-09-17T16:44:30.000Z,659008539964.0,16680500,48.77,48.03,29.31 - 50.7,29.31,50.7,4.711885043920257,10.3482633
VALE3,VALE3,Vale S.A.,BRL,74.81,74.83,72.96,72.96 - 74.83,1.81,2.48,2026-09-17T16:45:30.000Z,290943978171.0,9806400,74.81,73.7,56.54 - 91.62,56.54,91.62,30.8864208744478,2.4326809
BBAS3,BBAS3,Banco do Brasil S.A.,BRL,22.95,23.01,22.3,22.3 - 23.01,0.24,1.06,2026-09-17T16:44:30.000Z,129874315350.0,19545500,22.95,22.79,17.79 - 27.81,17.79,27.81,10.67590826626971,2.1496732
BBDC4,BBDC4,Banco Bradesco SA Pfd,BRL,18.19,18.26,17.85,17.85 - 18.26,-0.02,-0.11,2026-09-17T16:44:30.000Z,191528633197.0,23081900,18.17,18.19,15.68 - 22.09790212,15.68,22.09790212,7.923164038679329,2.2958377
PETR4,PETR4,Petroleo Brasileiro SA Pfd,BRL,49.05,49.13,47.96,47.96 - 49.13,0.4,0.82,2026-09-17T17:18:30.000Z,659008539964.0,19592700,49.05,48.03,29.31 - 50.7,29.31,50.7,4.7399089705555495,10.3482633
VALE3,VALE3,Vale S.A.,BRL,74.7,74.91,72.96,72.96 - 74.91,1.7,2.33,2026-09-17T17:18:30.000Z,290943978171.0,11012700,74.7,73.7,56.54 - 91.62,56.54,91.62,30.84100573882169,2.4326809
BBAS3,BBAS3,Banco do Brasil S.A.,BRL,22.87,23.01,22.3,22.3 - 23.01,0.16,0.7,2026-09-17T17:18:30.000Z,129874315350.0,20541300,22.87,22.79,17.79 - 27.81,17.79,27.81,10.638693771223892,2.1496732
BBDC4,BBDC4,Banco Bradesco SA Pfd,BRL,18.15,18.26,17.85,17.85 - 18.26,-0.06,-0.33,2026-09-17T17:18:30.000Z,191528633197.0,24764800,18.15,18.19,15.68 - 22.09790212,15.68,22.09790212,7.9057409181984495,2.2958377
PETR4,PETR4,Petroleo Brasileiro SA Pfd,BRL,48.98,49.13,47.96,47.96 - 49.13,0.33,0.68,2026-09-17T17:42:30.000Z,659008539964.0,20342200,48.99,48.03,29.31 - 50.7,29.31,50.7,4.733144574471169,10.3482633
VALE3,VALE3,Vale S.A.,BRL,74.72,74.91,72.96,72.96 - 74.91,1.72,2.36,2026-09-17T17:42:30.000Z,290943978171.0,11467900,74.72,73.7,56.54 - 91.62,56.54,91.62,30.84926303620825,2.4326809
BBAS3,BBAS3,Banco do Brasil S.A.,BRL,22.9,23.01,22.3,22.3 - 23.01,0.19,0.84,2026-09-17T17:42:30.000Z,129874315350.0,21753100,22.9,22.79,17.79 - 27.81,17.79,27.81,10.652649206866071,2.1496732
BBDC4,BBDC4,Banco Bradesco SA Pfd,BRL,18.14,18.26,17.85,17.85 - 18.26,-0.07,-0.38,2026-09-17T17:42:30.000Z,191528633197.0,26205300,18.15,18.19,15.68 - 22.09790212,15.68,22.09790212,7.901385138078231,2.2958377
PETR4,PETR4,Petroleo Brasileiro SA Pfd,BRL,49.07,49.2,47.96,47.96 - 49.2,0.42,0.86,2026-09-17T18:27:30.000Z,659008539964.0,21776100,49.07,48.03,29.31 - 50.7,29.31,50.7,4.741841655151088,10.3482633
VALE3,VALE3,Vale S.A.,BRL,74.69,74.91,72.96,72.96 - 74.91,1.69,2.32,2026-09-17T18:26:30.000Z,290943978171.0,12955800,74.68,73.7,56.54 - 91.62,56.54,91.62,30.8368770901284,2.4326809
BBAS3,BBAS3,Banco do Brasil S.A.,BRL,22.83,23.01,22.3,22.3 - 23.01,0.12,0.53,2026-09-17T18:27:30.000Z,129874315350.0,23476500,22.84,22.79,17.79 - 27.81,17.79,27.81,10.62008652370098,2.1496732
BBDC4,BBDC4,Banco Bradesco SA Pfd,BRL,18.19,18.26,17.85,17.85 - 18.26,-0.02,-0.11,2026-09-17T18:27:30.000Z,191528633197.0,29739200,18.19,18.19,15.68 - 22.09790212,15.68,22.09790212,7.923164038679329,2.2958377
PETR4,PETR4,Petroleo Brasileiro SA Pfd,BRL,48.91,49.2,47.96,47.96 - 49.2,0.26,0.53,2026-09-17T18:47:30.000Z,659008539964.0,22552800,48.91,48.03,29.31 - 50.7,29.31,50.7,4.726380178386788,10.3482633
VALE3,VALE3,Vale S.A.,BRL,74.65,74.91,72.96,72.96 - 74.91,1.65,2.26,2026-09-17T18:47:30.000Z,290943978171.0,13201600,74.64,73.7,56.54 - 91.62,56.54,91.62,30.82036249535528,2.4326809
BBAS3,BBAS3,Banco do Brasil S.A.,BRL,22.85,23.01,22.3,22.3 - 23.01,0.14,0.62,2026-09-17T18:47:30.000Z,129874315350.0,23953100,22.84,22.79,17.79 - 27.81,17.79,27.81,10.629390147462436,2.1496732
BBDC4,BBDC4,Banco Bradesco SA Pfd,BRL,18.19,18.26,17.85,17.85 - 18.26,-0.02,-0.11,2026-09-17T18:48:30.000Z,191528633197.0,30366900,18.19,18.19,15.68 - 22.09790212,15.68,22.09790212,7.923164038679329,2.2958377
PETR4,PETR4,Petroleo Brasileiro SA Pfd,BRL,48.94,49.2,47.96,47.96 - 49.2,0.29,0.6,2026-09-17T19:18:30.000Z,659008539964.0,24527800,48.95,48.03,29.31 - 50.7,29.31,50.7,4.729279205280094,10.3482633
VALE3,VALE3,Vale S.A.,BRL,74.82,74.91,72.96,72.96 - 74.91,1.82,2.49,2026-09-17T19:18:30.000Z,290943978171.0,14184200,74.78,73.7,56.54 - 91.62,56.54,91.62,30.890549523141075,2.4326809
BBAS3,BBAS3,Banco do Brasil S.A.,BRL,22.95,23.01,22.3,22.3 - 23.01,0.24,1.06,2026-09-17T19:18:30.000Z,129874315350.0,25357400,22.97,22.79,17.79 - 27.81,17.79,27.81,10.67590826626971,2.1496732
BBDC4,BBDC4,Banco Bradesco SA Pfd,BRL,18.24,18.26,17.85,17.85 - 18.26,0.03,0.16,2026-09-17T19:19:30.000Z,191528633197.0,33975300,18.24,18.19,15.68 - 22.09790212,15.68,22.09790212,7.944942939280425,2.2958377
PETR4,PETR4,Petroleo Brasileiro SA Pfd,BRL,48.88,49.2,47.96,47.96 - 49.2,0.23,0.47,2026-09-17T19:42:30.000Z,659008539964.0,26825100,48.88,48.03,29.31 - 50.7,29.31,50.7,4.723481151493482,10.3482633
VALE3,VALE3,Vale S.A.,BRL,74.75,74.91,72.96,72.96 - 74.91,1.75,2.4,2026-09-17T19:42:30.000Z,290943978171.0,14780700,74.73,73.7,56.54 - 91.62,56.54,91.62,30.8616489822881,2.4326809
BBAS3,BBAS3,Banco do Brasil S.A.,BRL,22.96,23.03,22.3,22.3 - 23.03,0.25,1.1,2026-09-17T19:42:30.000Z,129874315350.0,26713000,22.96,22.79,17.79 - 27.81,17.79,27.81,10.68056007815044,2.1496732
BBDC4,BBDC4,Banco Bradesco SA Pfd,BRL,18.19,18.26,17.85,17.85 - 18.26,-0.02,-0.11,2026-09-17T19:42:30.000Z,191528633197.0,35824300,18.18,18.19,15.68 - 22.09790212,15.68,22.09790212,7.923164038679329,2.2958377
PETR4,PETR4,Petroleo Brasileiro SA Pfd,BRL,48.61,49.2,47.96,47.96 - 49.2,-0.04,-0.08,2026-09-17T20:21:30.000Z,659008539964.0,32357100,48.75,48.03,29.31 - 50.7,29.31,50.7,4.697389909453727,10.3482633
VALE3,VALE3,Vale S.A.,BRL,74.51,74.91,72.96,72.96 - 74.91,1.51,2.07,2026-09-17T20:22:30.000Z,290943978171.0,18787800,74.51,73.7,56.54 - 91.62,56.54,91.62,30.76256141364932,2.4326809
BBAS3,BBAS3,Banco do Brasil S.A.,BRL,22.78,23.03,22.3,22.3 - 23.03,0.07,0.31,2026-09-17T20:22:30.000Z,129874315350.0,30601300,22.77,22.79,17.79 - 27.81,17.79,27.81,10.596827464297345,2.1496732
BBDC4,BBDC4,Banco Bradesco SA Pfd,BRL,18.15,18.26,17.85,17.85 - 18.26,-0.06,-0.33,2026-09-17T20:22:30.000Z,191528633197.0,40252700,18.09,18.19,15.68 - 22.09790212,15.68,22.09790212,7.9057409181984495,2.2958377
PETR4,PETR4,Petroleo Brasileiro SA Pfd,BRL,48.61,49.2,47.96,47.96 - 49.2,-0.04,-0.08,2026-09-17T20:42:30.000Z,659008539964.0,32357100,48.75,48.03,29.31 - 50.7,29.31,50.7,4.697389909453727,10.3482633
VALE3,VALE3,Vale S.A.,BRL,74.51,74.91,72.96,72.96 - 74.91,1.51,2.07,2026-09-17T20:42:30.000Z,290943978171.0,18787800,74.51,73.7,56.54 - 91.62,56.54,91.62,30.76256141364932,2.4326809
BBAS3,BBAS3,Banco do Brasil S.A.,BRL,22.78,23.03,22.3,22.3 - 23.03,0.07,0.31,2026-09-17T20:42:30.000Z,129874315350.0,30601300,22.77,22.79,17.79 - 27.81,17.79,27.81,10.596827464297345,2.1496732
BBDC4,BBDC4,Banco Bradesco SA Pfd,BRL,18.15,18.26,17.85,17.85 - 18.26,-0.06,-0.33,2026-09-17T20:42:30.000Z,191528633197.0,40252700,18.09,18.19,15.68 - 22.09790212,15.68,22.09790212,7.9057409181984495,2.2958377
PETR4,PETR4,Petroleo Brasileiro SA Pfd,BRL,48.46,48.49,48.31,48.31 - 48.49,-0.15,-0.31,2026-09-18T13:20:30.000Z,660061202280.0,155700,48.49,48.4,29.31 - 50.7,29.31,50.7,4.682894774987196,10.3482633
VALE3,VALE3,Vale S.A.,BRL,74.3,74.49,74.14,74.14 - 74.49,-0.21,-0.28,2026-09-18T13:20:30.000Z,296962142946.0,59600,74.3,74.14,56.54 - 91.62,56.54,91.62,30.67585979109037,2.4326809
BBAS3,BBAS3,Banco do Brasil S.A.,BRL,22.53,22.61,22.37,22.37 - 22.61,-0.25,-1.1,2026-09-18T13:20:30.000Z,130274641661.0,447000,22.46,22.59,17.79 - 27.81,17.79,27.81,10.480532167279154,2.1496732
BBDC4,BBDC4,Banco Bradesco SA Pfd,BRL,18.02,18.09,17.98,17.98 - 18.09,-0.13,-0.72,2026-09-18T13:20:30.000Z,190858526642.0,174200,18.02,18.09,15.68 - 22.09790212,15.68,22.09790212,7.849115776635596,2.2958377
PETR4,PETR4,Petroleo Brasileiro SA Pfd,BRL,48.51,48.58,48.3,48.3 - 48.58,-0.1,-0.21,2026-09-18T13:42:30.000Z,660061202280.0,1870500,48.51,48.4,29.31 - 50.7,29.31,50.7,4.68772648647604,10.3482633
VALE3,VALE3,Vale S.A.,BRL,74.17,74.49,73.98,73.98 - 74.49,-0.34,-0.46,2026-09-18T13:42:30.000Z,296962142946.0,627200,74.15,74.14,56.54 - 91.62,56.54,91.62,30.622187358077703,2.4326809
BBAS3,BBAS3,Banco do Brasil S.A.,BRL,22.75,22.76,22.3,22.3 - 22.76,-0.03,-0.13,2026-09-18T13:42:30.000Z,130274641661.0,3354000,22.72,22.59,17.79 - 27.81,17.79,27.81,10.58287202865516,2.1496732
BBDC4,BBDC4,Banco Bradesco SA Pfd,BRL,18.01,18.11,17.98,17.98 - 18.11,-0.14,-0.77,2026-09-18T13:42:30.000Z,190858526642.0,825200,18.01,18.09,15.68 - 22.09790212,15.68,22.09790212,7.844759996515377,2.2958377
PETR4,PETR4,Petroleo Brasileiro SA Pfd,BRL,48.64,48.83,48.25,48.25 - 48.83,0.03,0.06,2026-09-18T14:22:30.000Z,660061202280.0,5384000,48.63,48.4,29.31 - 50.7,29.31,50.7,4.700288936347033,10.3482633
VALE3,VALE3,Vale S.A.,BRL,73.73,74.49,73.7,73.7 - 74.49,-0.78,-1.05,2026-09-18T14:22:30.000Z,296962142946.0,2114900,73.73,74.14,56.54 - 91.62,56.54,91.62,30.440526815573264,2.4326809
BBAS3,BBAS3,Banco do Brasil S.A.,BRL,22.79,22.8,22.3,22.3 - 22.8,0.01,0.04,2026-09-18T14:22:30.000Z,130274641661.0,6325100,22.79,22.59,17.79 - 27.81,17.79,27.81,10.60147927617807,2.1496732
BBDC4,BBDC4,Banco Bradesco SA Pfd,BRL,17.98,18.11,17.91,17.91 - 18.11,-0.17,-0.94,2026-09-18T14:22:30.000Z,190858526642.0,3175200,17.98,18.09,15.68 - 22.09790212,15.68,22.09790212,7.831692656154718,2.2958377
PETR4,PETR4,Petroleo Brasileiro SA Pfd,BRL,48.44,48.83,48.25,48.25 - 48.83,-0.17,-0.35,2026-09-18T14:44:30.000Z,660061202280.0,7117600,48.46,48.4,29.31 - 50.7,29.31,50.7,4.680962090391659,10.3482633
VALE3,VALE3,Vale S.A.,BRL,73.62,74.49,73.47,73.47 - 74.49,-0.89,-1.19,2026-09-18T14:44:30.000Z,296962142946.0,2681300,73.65,74.14,56.54 - 91.62,56.54,91.62,30.39511167994716,2.4326809
BBAS3,BBAS3,Banco do Brasil S.A.,BRL,22.9,23.0,22.3,22.3 - 23,0.12,0.53,2026-09-18T14:44:30.000Z,130274641661.0,7952500,22.89,22.59,17.79 - 27.81,17.79,27.81,10.652649206866071,2.1496732
BBDC4,BBDC4,Banco Bradesco SA Pfd,BRL,17.99,18.11,17.91,17.91 - 18.11,-0.16,-0.88,2026-09-18T14:44:30.000Z,190858526642.0,4220100,17.99,18.09,15.68 - 22.09790212,15.68,22.09790212,7.836048436274937,2.2958377
PETR4,PETR4,Petroleo Brasileiro SA Pfd,BRL,48.56,48.83,48.25,48.25 - 48.83,-0.05,-0.1,2026-09-18T15:20:30.000Z,660061202280.0,8641700,48.56,48.4,29.31 - 50.7,29.31,50.7,4.692558197964884,10.3482633
VALE3,VALE3,Vale S.A.,BRL,73.25,74.49,73.19,73.19 - 74.49,-1.26,-1.69,2026-09-18T15:20:30.000Z,296962142946.0,4535700,73.27,74.14,56.54 - 91.62,56.54,91.62,30.24235167829569,2.4326809
BBAS3,BBAS3,Banco do Brasil S.A.,BRL,22.89,23.0,22.3,22.3 - 23,0.11,0.48,2026-09-18T15:20:30.000Z,130274641661.0,11579900,22.88,22.59,17.79 - 27.81,17.79,27.81,10.647997394985346,2.1496732
BBDC4,BBDC4,Banco Bradesco SA Pfd,BRL,17.97,18.11,17.91,17.91 - 18.11,-0.18,-0.99,2026-09-18T15:19:30.000Z,190858526642.0,5116300,17.97,18.09,15.68 - 22.09790212,15.68,22.09790212,7.827336876034498,2.2958377
PETR4,PETR4,Petroleo Brasileiro SA Pfd,BRL,48.59,48.83,48.25,48.25 - 48.83,-0.02,-0.04,2026-09-18T15:43:30.000Z,660061202280.0,9318100,48.58,48.4,29.31 - 50.7,29.31,50.7,4.695457224858189,10.3482633
VALE3,VALE3,Vale S.A.,BRL,73.3,74.49,73.11,73.11 - 74.49,-1.21,-1.62,2026-09-18T15:42:30.000Z,296962142946.0,5620900,73.29,74.14,56.54 - 91.62,56.54,91.62,30.262994921762107,2.4326809
BBAS3,BBAS3,Banco do Brasil S.A.,BRL,22.85,23.0,22.3,22.3 - 23,0.07,0.31,2026-09-18T15:42:30.000Z,130274641661.0,12421400,22.85,22.59,17.79 - 27.81,17.79,27.81,10.629390147462436,2.1496732
BBDC4,BBDC4,Banco Bradesco SA Pfd,BRL,17.98,18.11,17.91,17.91 - 18.11,-0.17,-0.94,2026-09-18T15:43:30.000Z,190858526642.0,6429900,17.98,18.09,15.68 - 22.09790212,15.68,22.09790212,7.831692656154718,2.2958377
PETR4,PETR4,Petroleo Brasileiro SA Pfd,BRL,48.52,48.83,48.25,48.25 - 48.83,-0.09,-0.19,2026-09-18T16:21:30.000Z,660061202280.0,10493900,48.52,48.4,29.31 - 50.7,29.31,50.7,4.688692828773808,10.3482633
VALE3,VALE3,Vale S.A.,BRL,73.32,74.49,73.11,73.11 - 74.49,-1.19,-1.6,2026-09-18T16:21:30.000Z,296962142946.0,7863100,73.32,74.14,56.54 - 91.62,56.54,91.62,30.27125221914867,2.4326809
BBAS3,BBAS3,Banco do Brasil S.A.,BRL,23.06,23.13,22.3,22.3 - 23.13,0.28,1.23,2026-09-18T16:21:30.000Z,130274641661.0,15491700,23.06,22.59,17.79 - 27.81,17.79,27.81,10.727078196957711,2.1496732
BBDC4,BBDC4,Banco Bradesco SA Pfd,BRL,18.03,18.11,17.91,17.91 - 18.11,-0.12,-0.66,2026-09-18T16:21:30.000Z,190858526642.0,9948600,18.03,18.09,15.68 - 22.09790212,15.68,22.09790212,7.853471556755816,2.2958377
PETR4,PETR4,Petroleo Brasileiro SA Pfd,BRL,48.38,48.83,48.25,48.25 - 48.83,-0.23,-0.47,2026-09-18T16:43:30.000Z,660061202280.0,11656900,48.39,48.4,29.31 - 50.7,29.31,50.7,4.675164036605047,10.3482633
VALE3,VALE3,Vale S.A.,BRL,73.15,74.49,73.1,73.1 - 74.49,-1.36,-1.83,2026-09-18T16:43:30.000Z,296962142946.0,8584500,73.15,74.14,56.54 - 91.62,56.54,91.62,30.201065191362872,2.4326809
BBAS3,BBAS3,Banco do Brasil S.A.,BRL,23.1,23.15,22.3,22.3 - 23.15,0.32,1.4,2026-09-18T16:42:30.000Z,130274641661.0,17010600,23.1,22.59,17.79 - 27.81,17.79,27.81,10.745685444480625,2.1496732
BBDC4,BBDC4,Banco Bradesco SA Pfd,BRL,18.05,18.11,17.91,17.91 - 18.11,-0.1,-0.55,2026-09-18T16:43:30.000Z,190858526642.0,11576200,18.05,18.09,15.68 - 22.09790212,15.68,22.09790212,7.862183116996255,2.2958377
PETR4,PETR4,Petroleo Brasileiro SA Pfd,BRL,48.43,48.83,48.25,48.25 - 48.83,-0.18,-0.37,2026-09-18T17:18:30.000Z,660061202280.0,12568300,48.44,48.4,29.31 - 50.7,29.31,50.7,4.67999574809389,10.3482633
VALE3,VALE3,Vale S.A.,BRL,73.18,74.49,73.05,73.05 - 74.49,-1.33,-1.78,2026-09-18T17:18:30.000Z,296962142946.0,9529700,73.19,74.14,56.54 - 91.62,56.54,91.62,30.21345113744272,2.4326809
BBAS3,BBAS3,Banco do Brasil S.A.,BRL,22.94,23.23,22.3,22.3 - 23.23,0.16,0.7,2026-09-18T17:18:30.000Z,130274641661.0,19876300,22.95,22.59,17.79 - 27.81,17.79,27.81,10.671256454388985,2.1496732
BBDC4,BBDC4,Banco Bradesco SA Pfd,BRL,18.0,18.11,17.91,17.91 - 18.11,-0.15,-0.83,2026-09-18T17:17:30.000Z,190858526642.0,13133000,18.0,18.09,15.68 - 22.09790212,15.68,22.09790212,7.840404216395157,2.2958377
PETR4,PETR4,Petroleo Brasileiro SA Pfd,BRL,48.46,48.83,48.25,48.25 - 48.83,-0.15,-0.31,2026-09-18T17:42:30.000Z,660061202280.0,13233700,48.45,48.4,29.31 - 50.7,29.31,50.7,4.682894774987196,10.3482633
VALE3,VALE3,Vale S.A.,BRL,73.17,74.49,73.05,73.05 - 74.49,-1.34,-1.8,2026-09-18T17:42:30.000Z,296962142946.0,10663900,73.17,74.14,56.54 - 91.62,56.54,91.62,30.209322488749432,2.4326809
BBAS3,BBAS3,Banco do Brasil S.A.,BRL,22.95,23.23,22.3,22.3 - 23.23,0.17,0.75,2026-09-18T17:42:30.000Z,130274641661.0,21067000,22.95,22.59,17.79 - 27.81,17.79,27.81,10.67590826626971,2.1496732
BBDC4,BBDC4,Banco Bradesco SA Pfd,BRL,17.98,18.11,17.91,17.91 - 18.11,-0.17,-0.94,2026-09-18T17:42:30.000Z,190858526642.0,13762400,17.97,18.09,15.68 - 22.09790212,15.68,22.09790212,7.831692656154718,2.2958377
PETR4,PETR4,Petroleo Brasileiro SA Pfd,BRL,48.44,48.83,48.25,48.25 - 48.83,-0.17,-0.35,2026-09-18T18:25:30.000Z,660061202280.0,14220400,48.45,48.4,29.31 - 50.7,29.31,50.7,4.680962090391659,10.3482633
VALE3,VALE3,Vale S.A.,BRL,73.22,74.49,72.94,72.94 - 74.49,-1.29,-1.73,2026-09-18T18:26:30.000Z,296962142946.0,13921600,73.22,74.14,56.54 - 91.62,56.54,91.62,30.229965732215845,2.4326809
BBAS3,BBAS3,Banco do Brasil S.A.,BRL,22.93,23.23,22.3,22.3 - 23.23,0.15,0.66,2026-09-18T18:26:30.000Z,130274641661.0,24204900,22.93,22.59,17.79 - 27.81,17.79,27.81,10.666604642508256,2.1496732
BBDC4,BBDC4,Banco Bradesco SA Pfd,BRL,17.93,18.11,17.9,17.9 - 18.11,-0.22,-1.21,2026-09-18T18:26:30.000Z,190858526642.0,22853000,17.93,18.09,15.68 - 22.09790212,15.68,22.09790212,7.80991375555362,2.2958377
PETR4,PETR4,Petroleo Brasileiro SA Pfd,BRL,48.46,48.83,48.25,48.25 - 48.83,-0.15,-0.31,2026-09-18T19:18:30.000Z,660061202280.0,28728900,48.47,48.4,29.31 - 50.7,29.31,50.7,4.682894774987196,10.3482633
VALE3,VALE3,Vale S.A.,BRL,73.14,74.49,72.94,72.94 - 74.49,-1.37,-1.84,2026-09-18T19:18:30.000Z,296962142946.0,14942700,73.13,74.14,56.54 - 91.62,56.54,91.62,30.196936542669587,2.4326809
BBAS3,BBAS3,Banco do Brasil S.A.,BRL,23.06,23.23,22.3,22.3 - 23.23,0.28,1.23,2026-09-18T19:18:30.000Z,130274641661.0,29023800,23.07,22.59,17.79 - 27.81,17.79,27.81,10.727078196957711,2.1496732
BBDC4,BBDC4,Banco Bradesco SA Pfd,BRL,17.98,18.11,17.9,17.9 - 18.11,-0.17,-0.94,2026-09-18T19:17:30.000Z,190858526642.0,28407900,17.97,18.09,15.68 - 22.09790212,15.68,22.09790212,7.831692656154718,2.2958377
PETR4,PETR4,Petroleo Brasileiro SA Pfd,BRL,48.49,48.83,48.25,48.25 - 48.83,-0.12,-0.25,2026-09-18T19:42:30.000Z,660061202280.0,29895300,48.48,48.4,29.31 - 50.7,29.31,50.7,4.685793801880502,10.3482633
VALE3,VALE3,Vale S.A.,BRL,73.36,74.49,72.94,72.94 - 74.49,-1.15,-1.54,2026-09-18T19:42:30.000Z,296962142946.0,15813400,73.36,74.14,56.54 - 91.62,56.54,91.62,30.28776681392181,2.4326809
BBAS3,BBAS3,Banco do Brasil S.A.,BRL,23.08,23.23,22.3,22.3 - 23.23,0.3,1.32,2026-09-18T19:42:30.000Z,130274641661.0,30904700,23.08,22.59,17.79 - 27.81,17.79,27.81,10.736381820719169,2.1496732
BBDC4,BBDC4,Banco Bradesco SA Pfd,BRL,18.0,18.11,17.9,17.9 - 18.11,-0.15,-0.83,2026-09-18T19:43:30.000Z,190858526642.0,31094800,17.99,18.09,15.68 - 22.09790212,15.68,22.09790212,7.840404216395157,2.2958377
PETR4,PETR4,Petroleo Brasileiro SA Pfd,BRL,48.45,48.83,48.25,48.25 - 48.83,-0.16,-0.33,2026-09-18T20:20:30.000Z,660061202280.0,31369500,48.45,48.4,29.31 - 50.7,29.31,50.7,4.681928432689428,10.3482633
VALE3,VALE3,Vale S.A.,BRL,73.26,74.49,72.94,72.94 - 74.49,-1.25,-1.68,2026-09-18T20:20:30.000Z,296962142946.0,16676200,73.26,74.14,56.54 - 91.62,56.54,91.62,30.24648032698898,2.4326809
BBAS3,BBAS3,Banco do Brasil S.A.,BRL,23.05,23.23,22.3,22.3 - 23.23,0.27,1.19,2026-09-18T20:20:30.000Z,130274641661.0,39386500,23.05,22.59,17.79 - 27.81,17.79,27.81,10.722426385076988,2.1496732
BBDC4,BBDC4,Banco Bradesco SA Pfd,BRL,17.97,18.11,17.9,17.9 - 18.11,-0.18,-0.99,2026-09-18T20:21:30.000Z,190858526642.0,32454000,17.97,18.09,15.68 - 22.09790212,15.68,22.09790212,7.827336876034498,2.2958377
PETR4,PETR4,Petroleo Brasileiro SA Pfd,BRL,48.5,48.83,48.25,48.25 - 48.83,-0.11,-0.23,2026-09-18T20:42:30.000Z,660061202280.0,52606500,48.45,48.4,29.31 - 50.7,29.31,50.7,4.686760144178271,10.3482633
VALE3,VALE3,Vale S.A.,BRL,73.37,74.49,72.94,72.94 - 74.49,-1.14,-1.53,2026-09-18T20:42:30.000Z,296962142946.0,30551000,73.26,74.14,56.54 - 91.62,56.54,91.62,30.291895462615088,2.4326809
BBAS3,BBAS3,Banco do Brasil S.A.,BRL,23.2,23.23,22.3,22.3 - 23.23,0.42,1.84,2026-09-18T20:42:30.000Z,130274641661.0,59723000,23.05,22.59,17.79 - 27.81,17.79,27.81,10.7922035632879,2.1496732
BBDC4,BBDC4,Banco Bradesco SA Pfd,BRL,17.99,18.11,17.9,17.9 - 18.11,-0.16,-0.88,2026-09-18T20:42:30.000Z,190858526642.0,53246700,17.97,18.09,15.68 - 22.09790212,15.68,22.09790212,7.836048436274937,2.2958377
PETR4,PETR4,Petroleo Brasileiro SA Pfd,BRL,48.5,48.83,48.25,48.25 - 48.83,-0.11,-0.23,2026-09-18T21:08:30.000Z,660061202280.0,52606500,48.45,48.4,29.31 - 50.7,29.31,50.7,4.686760144178271,10.3482633
VALE3,VALE3,Vale S.A.,BRL,73.37,74.49,72.94,72.94 - 74.49,-1.14,-1.53,2026-09-18T21:08:30.000Z,296962142946.0,30551000,73.26,74.14,56.54 - 91.62,56.54,91.62,30.291895462615088,2.4326809
BBAS3,BBAS3,Banco do Brasil S.A.,BRL,23.2,23.23,22.3,22.3 - 23.23,0.42,1.84,2026-09-18T21:08:30.000Z,130274641661.0,59723000,23.05,22.59,17.79 - 27.81,17.79,27.81,10.7922035632879,2.1496732
BBDC4,BBDC4,Banco Bradesco SA Pfd,BRL,17.99,18.11,17.9,17.9 - 18.11,-0.16,-0.88,2026-09-18T21:07:30.000Z,190858526642.0,53246700,17.97,18.09,15.68 - 22.09790212,15.68,22.09790212,7.836048436274937,2.2958377
PETR4,PETR4,Petroleo Brasileiro SA Pfd,BRL,48.23,48.3,48.04,48.04 - 48.3,-0.27,-0.56,2026-09-21T13:23:30.000Z,655086146340.0,522800,48.22,48.21,29.31 - 50.7,29.31,50.7,4.660668902138515,10.3482633
VALE3,VALE3,Vale S.A.,BRL,73.75,74.04,73.63,73.63 - 74.04,0.38,0.52,2026-09-21T13:23:30.000Z,292418636678.0,305200,73.73,73.98,56.54 - 91.62,56.54,91.62,30.448784112959828,2.4326809
BBAS3,BBAS3,Banco do Brasil S.A.,BRL,23.31,23.38,23.08,23.08 - 23.38,0.11,0.47,2026-09-21T13:22:30.000Z,132676544988.00002,959000,23.29,23.2,17.79 - 27.81,17.79,27.81,10.843373493975902,2.1496732
BBDC4,BBDC4,Banco Bradesco SA Pfd,BRL,18.11,18.17,18.09,18.09 - 18.17,0.12,0.67,2026-09-21T13:22:30.000Z,188624367582.0,298400,18.11,18.15,15.68 - 22.09790212,15.68,22.09790212,7.888317797717572,2.2958377
PETR4,PETR4,Petroleo Brasileiro SA Pfd,BRL,48.02,48.3,47.92,47.92 - 48.3,-0.48,-0.99,2026-09-21T13:44:30.000Z,655086146340.0,1890300,48.02,48.21,29.31 - 50.7,29.31,50.7,4.640375713885373,10.3482633
VALE3,VALE3,Vale S.A.,BRL,73.6,74.04,73.5,73.5 - 74.04,0.23,0.31,2026-09-21T13:44:30.000Z,292418636678.0,1028100,73.61,73.98,56.54 - 91.62,56.54,91.62,30.386854382560585,2.4326809
BBAS3,BBAS3,Banco do Brasil S.A.,BRL,23.07,23.38,23.0,23 - 23.38,-0.13,-0.56,2026-09-21T13:44:30.000Z,132676544988.00002,4810400,23.06,23.2,17.79 - 27.81,17.79,27.81,10.731730008838442,2.1496732
BBDC4,BBDC4,Banco Bradesco SA Pfd,BRL,18.16,18.17,18.09,18.09 - 18.17,0.17,0.94,2026-09-21T13:44:30.000Z,188624367582.0,773200,18.16,18.15,15.68 - 22.09790212,15.68,22.09790212,7.91009669831867,2.2958377
PETR4,PETR4,Petroleo Brasileiro SA Pfd,BRL,48.03,48.31,47.81,47.81 - 48.31,-0.47,-0.97,2026-09-21T14:24:30.000Z,655086146340.0,6038000,48.01,48.21,29.31 - 50.7,29.31,50.7,4.6413420561831416,10.3482633
VALE3,VALE3,Vale S.A.,BRL,72.61,74.04,72.43,72.43 - 74.04,-0.76,-1.04,2026-09-21T14:24:30.000Z,292418636678.0,3051400,72.62,73.98,56.54 - 91.62,56.54,91.62,29.978118161925604,2.4326809
BBAS3,BBAS3,Banco do Brasil S.A.,BRL,22.96,23.38,22.95,22.95 - 23.38,-0.24,-1.03,2026-09-21T14:24:30.000Z,132676544988.00002,9126600,22.97,23.2,17.79 - 27.81,17.79,27.81,10.68056007815044,2.1496732
BBDC4,BBDC4,Banco Bradesco SA Pfd,BRL,18.07,18.23,18.05,18.05 - 18.23,0.08,0.44,2026-09-21T14:24:30.000Z,188624367582.0,5524000,18.08,18.15,15.68 - 22.09790212,15.68,22.09790212,7.870894677236694,2.2958377
PETR4,PETR4,Petroleo Brasileiro SA Pfd,BRL,48.13,48.31,47.81,47.81 - 48.31,-0.37,-0.76,2026-09-21T14:45:30.000Z,655086146340.0,7101600,48.14,48.21,29.31 - 50.7,29.31,50.7,4.651005479160829,10.3482633
VALE3,VALE3,Vale S.A.,BRL,72.74,74.04,72.43,72.43 - 74.04,-0.63,-0.86,2026-09-21T14:45:30.000Z,292418636678.0,4074400,72.74,73.98,56.54 - 91.62,56.54,91.62,30.03179059493828,2.4326809
BBAS3,BBAS3,Banco do Brasil S.A.,BRL,22.91,23.38,22.83,22.83 - 23.38,-0.29,-1.25,2026-09-21T14:46:30.000Z,132676544988.00002,11619000,22.9,23.2,17.79 - 27.81,17.79,27.81,10.657301018746802,2.1496732
BBDC4,BBDC4,Banco Bradesco SA Pfd,BRL,18.13,18.23,18.05,18.05 - 18.23,0.14,0.78,2026-09-21T14:45:30.000Z,188624367582.0,6818300,18.13,18.15,15.68 - 22.09790212,15.68,22.09790212,7.897029357958011,2.2958377
PETR4,PETR4,Petroleo Brasileiro SA Pfd,BRL,48.27,48.4,47.81,47.81 - 48.4,-0.23,-0.47,2026-09-21T15:20:30.000Z,655086146340.0,10153700,48.27,48.21,29.31 - 50.7,29.31,50.7,4.664534271329591,10.3482633
VALE3,VALE3,Vale S.A.,BRL,72.5,74.04,72.42,72.42 - 74.04,-0.87,-1.19,2026-09-21T15:20:30.000Z,292418636678.0,4941700,72.52,73.98,56.54 - 91.62,56.54,91.62,29.93270302629949,2.4326809
BBAS3,BBAS3,Banco do Brasil S.A.,BRL,22.93,23.38,22.83,22.83 - 23.38,-0.27,-1.16,2026-09-21T15:20:30.000Z,132676544988.00002,14922300,22.93,23.2,17.79 - 27.81,17.79,27.81,10.666604642508256,2.1496732
BBDC4,BBDC4,Banco Bradesco SA Pfd,BRL,18.16,18.23,18.05,18.05 - 18.23,0.17,0.94,2026-09-21T15:20:30.000Z,188624367582.0,8903500,18.16,18.15,15.68 - 22.09790212,15.68,22.09790212,7.91009669831867,2.2958377
PETR4,PETR4,Petroleo Brasileiro SA Pfd,BRL,48.18,48.4,47.81,47.81 - 48.4,-0.32,-0.66,2026-09-21T15:43:30.000Z,655086146340.0,10797500,48.2,48.21,29.31 - 50.7,29.31,50.7,4.655837190649672,10.3482633
VALE3,VALE3,Vale S.A.,BRL,72.72,74.04,72.42,72.42 - 74.04,-0.65,-0.89,2026-09-21T15:43:30.000Z,292418636678.0,5396300,72.73,73.98,56.54 - 91.62,56.54,91.62,30.02353329755171,2.4326809
BBAS3,BBAS3,Banco do Brasil S.A.,BRL,22.87,23.38,22.83,22.83 - 23.38,-0.33,-1.42,2026-09-21T15:43:30.000Z,132676544988.00002,16223700,22.91,23.2,17.79 - 27.81,17.79,27.81,10.638693771223892,2.1496732
BBDC4,BBDC4,Banco Bradesco SA Pfd,BRL,18.13,18.23,18.05,18.05 - 18.23,0.14,0.78,2026-09-21T15:43:30.000Z,188624367582.0,10114300,18.15,18.15,15.68 - 22.09790212,15.68,22.09790212,7.897029357958011,2.2958377
PETR4,PETR4,Petroleo Brasileiro SA Pfd,BRL,48.15,48.4,47.81,47.81 - 48.4,-0.35,-0.72,2026-09-21T16:24:30.000Z,655086146340.0,13105600,48.13,48.21,29.31 - 50.7,29.31,50.7,4.652938163756366,10.3482633
VALE3,VALE3,Vale S.A.,BRL,72.98,74.04,72.42,72.42 - 74.04,-0.39,-0.53,2026-09-21T16:24:30.000Z,292418636678.0,6326600,72.98,73.98,56.54 - 91.62,56.54,91.62,30.130878163577066,2.4326809
BBAS3,BBAS3,Banco do Brasil S.A.,BRL,23.0,23.38,22.83,22.83 - 23.38,-0.2,-0.86,2026-09-21T16:24:30.000Z,132676544988.00002,21420700,23.0,23.2,17.79 - 27.81,17.79,27.81,10.699167325673349,2.1496732
BBDC4,BBDC4,Banco Bradesco SA Pfd,BRL,18.16,18.23,18.05,18.05 - 18.23,0.17,0.94,2026-09-21T16:24:30.000Z,188624367582.0,12686000,18.17,18.15,15.68 - 22.09790212,15.68,22.09790212,7.91009669831867,2.2958377
PETR4,PETR4,Petroleo Brasileiro SA Pfd,BRL,48.05,48.4,47.81,47.81 - 48.4,-0.45,-0.93,2026-09-21T16:45:30.000Z,655086146340.0,15151600,48.05,48.21,29.31 - 50.7,29.31,50.7,4.643274740778678,10.3482633
VALE3,VALE3,Vale S.A.,BRL,72.92,74.04,72.42,72.42 - 74.04,-0.45,-0.61,2026-09-21T16:45:30.000Z,292418636678.0,6739400,72.92,73.98,56.54 - 91.62,56.54,91.62,30.106106271417367,2.4326809
BBAS3,BBAS3,Banco do Brasil S.A.,BRL,22.96,23.38,22.83,22.83 - 23.38,-0.24,-1.03,2026-09-21T16:45:30.000Z,132676544988.00002,23433300,22.96,23.2,17.79 - 27.81,17.79,27.81,10.68056007815044,2.1496732
BBDC4,BBDC4,Banco Bradesco SA Pfd,BRL,18.09,18.23,18.05,18.05 - 18.23,0.1,0.56,2026-09-21T16:46:30.000Z,188624367582.0,15219700,18.08,18.15,15.68 - 22.09790212,15.68,22.09790212,7.879606237477133,2.2958377
PETR4,PETR4,Petroleo Brasileiro SA Pfd,BRL,47.98,48.4,47.8,47.8 - 48.4,-0.52,-1.07,2026-09-21T17:17:30.000Z,655086146340.0,17405200,47.98,48.21,29.31 - 50.7,29.31,50.7,4.6365103446942975,10.3482633
VALE3,VALE3,Vale S.A.,BRL,72.89,74.04,72.42,72.42 - 74.04,-0.48,-0.65,2026-09-21T17:18:30.000Z,292418636678.0,7203500,72.9,73.98,56.54 - 91.62,56.54,91.62,30.09372032533752,2.4326809
BBAS3,BBAS3,Banco do Brasil S.A.,BRL,23.02,23.38,22.83,22.83 - 23.38,-0.18,-0.78,2026-09-21T17:17:30.000Z,132676544988.00002,25225800,23.01,23.2,17.79 - 27.81,17.79,27.81,10.708470949434805,2.1496732
BBDC4,BBDC4,Banco Bradesco SA Pfd,BRL,18.07,18.23,18.01,18.01 - 18.23,0.08,0.44,2026-09-21T17:18:30.000Z,188624367582.0,16917400,18.07,18.15,15.68 - 22.09790212,15.68,22.09790212,7.870894677236694,2.2958377
PETR4,PETR4,Petroleo Brasileiro SA Pfd,BRL,48.17,48.4,47.8,47.8 - 48.4,-0.33,-0.68,2026-09-21T17:42:30.000Z,655086146340.0,18327800,48.17,48.21,29.31 - 50.7,29.31,50.7,4.654870848351903,10.3482633
VALE3,VALE3,Vale S.A.,BRL,73.11,74.04,72.42,72.42 - 74.04,-0.26,-0.35,2026-09-21T17:42:30.000Z,292418636678.0,7740000,73.12,73.98,56.54 - 91.62,56.54,91.62,30.184550596589737,2.4326809
BBAS3,BBAS3,Banco do Brasil S.A.,BRL,23.09,23.38,22.83,22.83 - 23.38,-0.11,-0.47,2026-09-21T17:43:30.000Z,132676544988.00002,27138800,23.09,23.2,17.79 - 27.81,17.79,27.81,10.741033632599898,2.1496732
BBDC4,BBDC4,Banco Bradesco SA Pfd,BRL,18.15,18.23,18.01,18.01 - 18.23,0.16,0.89,2026-09-21T17:42:30.000Z,188624367582.0,19198800,18.15,18.15,15.68 - 22.09790212,15.68,22.09790212,7.9057409181984495,2.2958377
PETR4,PETR4,Petroleo Brasileiro SA Pfd,BRL,48.17,48.4,47.8,47.8 - 48.4,-0.33,-0.68,2026-09-21T18:26:30.000Z,655086146340.0,19224500,48.17,48.21,29.31 - 50.7,29.31,50.7,4.654870848351903,10.3482633
VALE3,VALE3,Vale S.A.,BRL,72.84,74.04,72.42,72.42 - 74.04,-0.53,-0.72,2026-09-21T18:26:30.000Z,292418636678.0,8510600,72.84,73.98,56.54 - 91.62,56.54,91.62,30.073077081871105,2.4326809
BBAS3,BBAS3,Banco do Brasil S.A.,BRL,23.03,23.38,22.83,22.83 - 23.38,-0.17,-0.73,2026-09-21T18:26:30.000Z,132676544988.00002,29687700,23.01,23.2,17.79 - 27.81,17.79,27.81,10.713122761315532,2.1496732
BBDC4,BBDC4,Banco Bradesco SA Pfd,BRL,18.09,18.23,18.01,18.01 - 18.23,0.1,0.56,2026-09-21T18:27:30.000Z,188624367582.0,23819100,18.09,18.15,15.68 - 22.09790212,15.68,22.09790212,7.879606237477133,2.2958377
PETR4,PETR4,Petroleo Brasileiro SA Pfd,BRL,48.19,48.4,47.8,47.8 - 48.4,-0.31,-0.64,2026-09-21T18:47:30.000Z,655086146340.0,19606900,48.19,48.21,29.31 - 50.7,29.31,50.7,4.65680353294744,10.3482633
VALE3,VALE3,Vale S.A.,BRL,72.82,74.04,72.42,72.42 - 74.04,-0.55,-0.75,2026-09-21T18:48:30.000Z,292418636678.0,8690700,72.82,73.98,56.54 - 91.62,56.54,91.62,30.064819784484538,2.4326809
BBAS3,BBAS3,Banco do Brasil S.A.,BRL,23.09,23.38,22.83,22.83 - 23.38,-0.11,-0.47,2026-09-21T18:48:30.000Z,132676544988.00002,30993300,23.09,23.2,17.79 - 27.81,17.79,27.81,10.741033632599898,2.1496732
BBDC4,BBDC4,Banco Bradesco SA Pfd,BRL,18.11,18.23,18.01,18.01 - 18.23,0.12,0.67,2026-09-21T18:48:30.000Z,188624367582.0,26505600,18.11,18.15,15.68 - 22.09790212,15.68,22.09790212,7.888317797717572,2.2958377
PETR4,PETR4,Petroleo Brasileiro SA Pfd,BRL,48.2,48.4,47.8,47.8 - 48.4,-0.3,-0.62,2026-09-21T19:19:30.000Z,655086146340.0,20960200,48.2,48.21,29.31 - 50.7,29.31,50.7,4.65776987524521,10.3482633
VALE3,VALE3,Vale S.A.,BRL,72.75,74.04,72.42,72.42 - 74.04,-0.62,-0.85,2026-09-21T19:19:30.000Z,292418636678.0,9292200,72.77,73.98,56.54 - 91.62,56.54,91.62,30.03591924363156,2.4326809
BBAS3,BBAS3,Banco do Brasil S.A.,BRL,23.19,23.38,22.83,22.83 - 23.38,-0.01,-0.04,2026-09-21T19:19:30.000Z,132676544988.00002,35131300,23.19,23.2,17.79 - 27.81,17.79,27.81,10.787551751407172,2.1496732
BBDC4,BBDC4,Banco Bradesco SA Pfd,BRL,18.15,18.23,18.01,18.01 - 18.23,0.16,0.89,2026-09-21T19:19:30.000Z,188624367582.0,28755700,18.15,18.15,15.68 - 22.09790212,15.68,22.09790212,7.9057409181984495,2.2958377
PETR4,PETR4,Petroleo Brasileiro SA Pfd,BRL,47.95,48.4,47.8,47.8 - 48.4,-0.55,-1.13,2026-09-21T19:42:30.000Z,655086146340.0,22624700,48.02,48.21,29.31 - 50.7,29.31,50.7,4.633611317800992,10.3482633
VALE3,VALE3,Vale S.A.,BRL,72.56,74.04,72.42,72.42 - 74.04,-0.81,-1.1,2026-09-21T19:42:30.000Z,292418636678.0,10280900,72.56,73.98,56.54 - 91.62,56.54,91.62,29.95747491845919,2.4326809
BBAS3,BBAS3,Banco do Brasil S.A.,BRL,23.23,23.38,22.83,22.83 - 23.38,0.03,0.13,2026-09-21T19:42:30.000Z,132676544988.00002,47210200,23.23,23.2,17.79 - 27.81,17.79,27.81,10.806158998930083,2.1496732
BBDC4,BBDC4,Banco Bradesco SA Pfd,BRL,18.14,18.23,18.01,18.01 - 18.23,0.15,0.83,2026-09-21T19:42:30.000Z,188624367582.0,38817200,18.14,18.15,15.68 - 22.09790212,15.68,22.09790212,7.901385138078231,2.2958377
PETR4,PETR4,Petroleo Brasileiro SA Pfd,BRL,48.0,48.4,47.8,47.8 - 48.4,-0.5,-1.03,2026-09-21T20:21:30.000Z,655086146340.0,25493300,48.01,48.21,29.31 - 50.7,29.31,50.7,4.638443029289835,10.3482633
VALE3,VALE3,Vale S.A.,BRL,72.55,74.04,72.42,72.42 - 74.04,-0.82,-1.12,2026-09-21T20:21:30.000Z,292418636678.0,11728000,72.55,73.98,56.54 - 91.62,56.54,91.62,29.953346269765905,2.4326809
BBAS3,BBAS3,Banco do Brasil S.A.,BRL,23.11,23.38,22.83,22.83 - 23.38,-0.09,-0.39,2026-09-21T20:21:30.000Z,132676544988.00002,53625900,23.11,23.2,17.79 - 27.81,17.79,27.81,10.750337256361352,2.1496732
BBDC4,BBDC4,Banco Bradesco SA Pfd,BRL,18.14,18.23,18.01,18.01 - 18.23,0.15,0.83,2026-09-21T20:22:30.000Z,188624367582.0,45300300,18.14,18.15,15.68 - 22.09790212,15.68,22.09790212,7.901385138078231,2.2958377
PETR4,PETR4,Petroleo Brasileiro SA Pfd,BRL,48.0,48.4,47.8,47.8 - 48.4,-0.5,-1.03,2026-09-21T20:42:30.000Z,655086146340.0,28538400,48.01,48.21,29.31 - 50.7,29.31,50.7,4.638443029289835,10.3482633
VALE3,VALE3,Vale S.A.,BRL,72.55,74.04,72.42,72.42 - 74.04,-0.82,-1.12,2026-09-21T20:42:30.000Z,292418636678.0,13413600,72.55,73.98,56.54 - 91.62,56.54,91.62,29.953346269765905,2.4326809
BBAS3,BBAS3,Banco do Brasil S.A.,BRL,22.99,23.38,22.83,22.83 - 23.38,-0.21,-0.91,2026-09-21T20:42:30.000Z,132676544988.00002,57695000,23.11,23.2,17.79 - 27.81,17.79,27.81,10.69451551379262,2.1496732
BBDC4,BBDC4,Banco Bradesco SA Pfd,BRL,18.16,18.23,18.01,18.01 - 18.23,0.17,0.94,2026-09-21T20:42:30.000Z,188624367582.0,54915600,18.14,18.15,15.68 - 22.09790212,15.68,22.09790212,7.91009669831867,2.2958377
PETR4,PETR4,Petroleo Brasileiro SA Pfd,BRL,47.45,47.59,47.36,47.36 - 47.59,-0.55,-1.15,2026-09-22T13:23:30.000Z,648486133457.0,1488600,47.45,47.56,29.31 - 50.7,29.31,50.7,4.585294202912556,10.3482633
VALE3,VALE3,Vale S.A.,BRL,72.28,72.4,72.11,72.11 - 72.4,-0.27,-0.37,2026-09-22T13:23:30.000Z,289150500057.0,319300,72.27,72.4,56.54 - 91.62,56.54,91.62,29.84187275504728,2.4326809
BBAS3,BBAS3,Banco do Brasil S.A.,BRL,22.74,22.85,22.66,22.66 - 22.85,-0.25,-1.09,2026-09-22T13:23:30.000Z,131475587871.0,667700,22.74,22.84,17.79 - 27.81,17.79,27.81,10.578220216774431,2.1496732
BBDC4,BBDC4,Banco Bradesco SA Pfd,BRL,17.99,18.05,17.93,17.93 - 18.05,-0.17,-0.94,2026-09-22T13:23:30.000Z,190858414774.0,463300,17.99,18.05,15.68 - 22.09790212,15.68,22.09790212,7.836048436274937,2.2958377
PETR4,PETR4,Petroleo Brasileiro SA Pfd,BRL,47.55,47.65,47.36,47.36 - 47.65,-0.45,-0.94,2026-09-22T13:44:30.000Z,648486133457.0,2996300,47.53,47.56,29.31 - 50.7,29.31,50.7,4.594957625890243,10.3482633
VALE3,VALE3,Vale S.A.,BRL,72.3,72.4,72.11,72.11 - 72.4,-0.25,-0.34,2026-09-22T13:44:30.000Z,289150500057.0,1167900,72.29,72.4,56.54 - 91.62,56.54,91.62,29.85013005243384,2.4326809
BBAS3,BBAS3,Banco do Brasil S.A.,BRL,22.75,22.85,22.57,22.57 - 22.85,-0.24,-1.04,2026-09-22T13:44:30.000Z,131475587871.0,2758900,22.75,22.84,17.79 - 27.81,17.79,27.81,10.58287202865516,2.1496732
BBDC4,BBDC4,Banco Bradesco SA Pfd,BRL,18.0,18.05,17.92,17.92 - 18.05,-0.16,-0.88,2026-09-22T13:44:30.000Z,190858414774.0,2631900,17.99,18.05,15.68 - 22.09790212,15.68,22.09790212,7.840404216395157,2.2958377
PETR4,PETR4,Petroleo Brasileiro SA Pfd,BRL,48.03,48.07,47.3,47.3 - 48.07,0.03,0.06,2026-09-22T14:23:30.000Z,648486133457.0,7091300,48.03,47.56,29.31 - 50.7,29.31,50.7,4.6413420561831416,10.3482633
VALE3,VALE3,Vale S.A.,BRL,72.22,72.45,72.04,72.04 - 72.45,-0.33,-0.45,2026-09-22T14:23:30.000Z,289150500057.0,3907100,72.22,72.4,56.54 - 91.62,56.54,91.62,29.81710086288757,2.4326809
BBAS3,BBAS3,Banco do Brasil S.A.,BRL,22.67,22.89,22.57,22.57 - 22.89,-0.32,-1.39,2026-09-22T14:24:30.000Z,131475587871.0,7298600,22.68,22.84,17.79 - 27.81,17.79,27.81,10.54565753360934,2.1496732
BBDC4,BBDC4,Banco Bradesco SA Pfd,BRL,18.16,18.18,17.92,17.92 - 18.18,0.0,0.0,2026-09-22T14:22:30.000Z,190858414774.0,7720300,18.15,18.05,15.68 - 22.09790212,15.68,22.09790212,7.91009669831867,2.2958377
PETR4,PETR4,Petroleo Brasileiro SA Pfd,BRL,47.88,48.09,47.3,47.3 - 48.09,-0.12,-0.25,2026-09-22T14:46:30.000Z,648486133457.0,9996600,47.9,47.56,29.31 - 50.7,29.31,50.7,4.626846921716611,10.3482633
VALE3,VALE3,Vale S.A.,BRL,71.95,72.45,71.8,71.8 - 72.45,-0.6,-0.83,2026-09-22T14:46:30.000Z,289150500057.0,4939600,71.96,72.4,56.54 - 91.62,56.54,91.62,29.705627348168942,2.4326809
BBAS3,BBAS3,Banco do Brasil S.A.,BRL,22.6,22.89,22.57,22.57 - 22.89,-0.39,-1.7,2026-09-22T14:47:30.000Z,131475587871.0,9838300,22.59,22.84,17.79 - 27.81,17.79,27.81,10.513094850444247,2.1496732
BBDC4,BBDC4,Banco Bradesco SA Pfd,BRL,18.13,18.18,17.92,17.92 - 18.18,-0.03,-0.17,2026-09-22T14:46:30.000Z,190858414774.0,9138000,18.13,18.05,15.68 - 22.09790212,15.68,22.09790212,7.897029357958011,2.2958377
PETR4,PETR4,Petroleo Brasileiro SA Pfd,BRL,48.16,48.24,47.3,47.3 - 48.24,0.16,0.33,2026-09-22T15:21:30.000Z,648486133457.0,13530400,48.16,47.56,29.31 - 50.7,29.31,50.7,4.653904506054134,10.3482633
VALE3,VALE3,Vale S.A.,BRL,72.0,72.45,71.78,71.78 - 72.45,-0.55,-0.76,2026-09-22T15:21:30.000Z,289150500057.0,6040900,72.0,72.4,56.54 - 91.62,56.54,91.62,29.72627059163536,2.4326809
BBAS3,BBAS3,Banco do Brasil S.A.,BRL,22.56,22.89,22.53,22.53 - 22.89,-0.43,-1.87,2026-09-22T15:21:30.000Z,131475587871.0,13485300,22.56,22.84,17.79 - 27.81,17.79,27.81,10.494487602921335,2.1496732
BBDC4,BBDC4,Banco Bradesco SA Pfd,BRL,18.17,18.21,17.92,17.92 - 18.21,0.01,0.06,2026-09-22T15:21:30.000Z,190858414774.0,11064300,18.18,18.05,15.68 - 22.09790212,15.68,22.09790212,7.91445247843889,2.2958377
PETR4,PETR4,Petroleo Brasileiro SA Pfd,BRL,48.17,48.24,47.3,47.3 - 48.24,0.17,0.35,2026-09-22T15:42:30.000Z,648486133457.0,14549200,48.17,47.56,29.31 - 50.7,29.31,50.7,4.654870848351903,10.3482633
VALE3,VALE3,Vale S.A.,BRL,72.07,72.45,71.78,71.78 - 72.45,-0.48,-0.66,2026-09-22T15:42:30.000Z,289150500057.0,6499000,72.07,72.4,56.54 - 91.62,56.54,91.62,29.755171132488336,2.4326809
BBAS3,BBAS3,Banco do Brasil S.A.,BRL,22.47,22.89,22.45,22.45 - 22.89,-0.52,-2.26,2026-09-22T15:42:30.000Z,131475587871.0,15732300,22.45,22.84,17.79 - 27.81,17.79,27.81,10.452621295994788,2.1496732
BBDC4,BBDC4,Banco Bradesco SA Pfd,BRL,18.17,18.22,17.92,17.92 - 18.22,0.01,0.06,2026-09-22T15:43:30.000Z,190858414774.0,12016400,18.16,18.05,15.68 - 22.09790212,15.68,22.09790212,7.91445247843889,2.2958377
PETR4,PETR4,Petroleo Brasileiro SA Pfd,BRL,48.28,48.33,47.3,47.3 - 48.33,0.28,0.58,2026-09-22T16:24:30.000Z,648486133457.0,18507600,48.3,47.56,29.31 - 50.7,29.31,50.7,4.665500613627359,10.3482633
VALE3,VALE3,Vale S.A.,BRL,72.11,72.45,71.78,71.78 - 72.45,-0.44,-0.61,2026-09-22T16:24:30.000Z,289150500057.0,7293100,72.11,72.4,56.54 - 91.62,56.54,91.62,29.771685727261467,2.4326809
BBAS3,BBAS3,Banco do Brasil S.A.,BRL,22.31,22.89,22.31,22.31 - 22.89,-0.68,-2.96,2026-09-22T16:24:30.000Z,131475587871.0,18445800,22.31,22.84,17.79 - 27.81,17.79,27.81,10.378192305903148,2.1496732
BBDC4,BBDC4,Banco Bradesco SA Pfd,BRL,18.14,18.22,17.92,17.92 - 18.22,-0.02,-0.11,2026-09-22T16:24:30.000Z,190858414774.0,16230800,18.14,18.05,15.68 - 22.09790212,15.68,22.09790212,7.901385138078231,2.2958377
PETR4,PETR4,Petroleo Brasileiro SA Pfd,BRL,48.23,48.33,47.3,47.3 - 48.33,0.23,0.48,2026-09-22T16:44:30.000Z,648486133457.0,19383300,48.23,47.56,29.31 - 50.7,29.31,50.7,4.660668902138515,10.3482633
VALE3,VALE3,Vale S.A.,BRL,71.94,72.45,71.78,71.78 - 72.45,-0.61,-0.84,2026-09-22T16:44:30.000Z,289150500057.0,7702800,71.93,72.4,56.54 - 91.62,56.54,91.62,29.70149869947566,2.4326809
BBAS3,BBAS3,Banco do Brasil S.A.,BRL,22.48,22.89,22.3,22.3 - 22.89,-0.51,-2.22,2026-09-22T16:44:30.000Z,131475587871.0,20298200,22.48,22.84,17.79 - 27.81,17.79,27.81,10.457273107875515,2.1496732
BBDC4,BBDC4,Banco Bradesco SA Pfd,BRL,18.18,18.22,17.92,17.92 - 18.22,0.02,0.11,2026-09-22T16:44:30.000Z,190858414774.0,16868500,18.18,18.05,15.68 - 22.09790212,15.68,22.09790212,7.918808258559109,2.2958377
PETR4,PETR4,Petroleo Brasileiro SA Pfd,BRL,48.08,48.33,47.3,47.3 - 48.33,0.08,0.17,2026-09-22T17:19:30.000Z,648486133457.0,23234400,48.08,47.56,29.31 - 50.7,29.31,50.7,4.646173767671985,10.3482633
VALE3,VALE3,Vale S.A.,BRL,72.09,72.45,71.78,71.78 - 72.45,-0.46,-0.63,2026-09-22T17:19:30.000Z,289150500057.0,8865300,72.09,72.4,56.54 - 91.62,56.54,91.62,29.763428429874903,2.4326809
BBAS3,BBAS3,Banco do Brasil S.A.,BRL,22.41,22.89,22.3,22.3 - 22.89,-0.58,-2.52,2026-09-22T17:19:30.000Z,131475587871.0,22770400,22.4,22.84,17.79 - 27.81,17.79,27.81,10.424710424710424,2.1496732
BBDC4,BBDC4,Banco Bradesco SA Pfd,BRL,18.18,18.24,17.92,17.92 - 18.24,0.02,0.11,2026-09-22T17:19:30.000Z,190858414774.0,18969100,18.18,18.05,15.68 - 22.09790212,15.68,22.09790212,7.918808258559109,2.2958377
PETR4,PETR4,Petroleo Brasileiro SA Pfd,BRL,48.2,48.33,47.3,47.3 - 48.33,0.2,0.42,2026-09-22T17:42:30.000Z,648486133457.0,23865200,48.2,47.56,29.31 - 50.7,29.31,50.7,4.65776987524521,10.3482633
VALE3,VALE3,Vale S.A.,BRL,72.06,72.45,71.78,71.78 - 72.45,-0.49,-0.68,2026-09-22T17:42:30.000Z,289150500057.0,9129100,72.05,72.4,56.54 - 91.62,56.54,91.62,29.751042483795057,2.4326809
BBAS3,BBAS3,Banco do Brasil S.A.,BRL,22.5,22.89,22.3,22.3 - 22.89,-0.49,-2.13,2026-09-22T17:42:30.000Z,131475587871.0,24152200,22.5,22.84,17.79 - 27.81,17.79,27.81,10.466576731636971,2.1496732
BBDC4,BBDC4,Banco Bradesco SA Pfd,BRL,18.16,18.24,17.92,17.92 - 18.24,0.0,0.0,2026-09-22T17:42:30.000Z,190858414774.0,19914800,18.16,18.05,15.68 - 22.09790212,15.68,22.09790212,7.91009669831867,2.2958377
PETR4,PETR4,Petroleo Brasileiro SA Pfd,BRL,48.13,48.33,47.3,47.3 - 48.33,0.13,0.27,2026-09-22T18:28:30.000Z,648486133457.0,29824500,48.13,47.56,29.31 - 50.7,29.31,50.7,4.651005479160829,10.3482633
VALE3,VALE3,Vale S.A.,BRL,72.57,72.58,71.78,71.78 - 72.58,0.02,0.03,2026-09-22T18:27:30.000Z,289150500057.0,11010500,72.56,72.4,56.54 - 91.62,56.54,91.62,29.96160356715247,2.4326809
BBAS3,BBAS3,Banco do Brasil S.A.,BRL,22.64,22.89,22.3,22.3 - 22.89,-0.35,-1.52,2026-09-22T18:27:30.000Z,131475587871.0,28909500,22.63,22.84,17.79 - 27.81,17.79,27.81,10.531702097967155,2.1496732
BBDC4,BBDC4,Banco Bradesco SA Pfd,BRL,18.31,18.31,17.92,17.92 - 18.31,0.15,0.83,2026-09-22T18:28:30.000Z,190858414774.0,24012300,18.31,18.05,15.68 - 22.09790212,15.68,22.09790212,7.975433400121962,2.2958377
PETR4,PETR4,Petroleo Brasileiro SA Pfd,BRL,48.21,48.33,47.3,47.3 - 48.33,0.21,0.44,2026-09-22T18:46:30.000Z,648486133457.0,31564300,48.21,47.56,29.31 - 50.7,29.31,50.7,4.6587362175429785,10.3482633
VALE3,VALE3,Vale S.A.,BRL,72.57,72.66,71.78,71.78 - 72.66,0.02,0.03,2026-09-22T18:46:30.000Z,289150500057.0,11957300,72.57,72.4,56.54 - 91.62,56.54,91.62,29.96160356715247,2.4326809
BBAS3,BBAS3,Banco do Brasil S.A.,BRL,22.61,22.89,22.3,22.3 - 22.89,-0.38,-1.65,2026-09-22T18:47:30.000Z,131475587871.0,30854300,22.61,22.84,17.79 - 27.81,17.79,27.81,10.517746662324974,2.1496732
BBDC4,BBDC4,Banco Bradesco SA Pfd,BRL,18.41,18.42,17.92,17.92 - 18.42,0.25,1.38,2026-09-22T18:47:30.000Z,190858414774.0,25289400,18.41,18.05,15.68 - 22.09790212,15.68,22.09790212,8.018991201324157,2.2958377
PETR4,PETR4,Petroleo Brasileiro SA Pfd,BRL,48.44,48.45,47.3,47.3 - 48.45,0.44,0.92,2026-09-22T19:18:30.000Z,648486133457.0,33731300,48.44,47.56,29.31 - 50.7,29.31,50.7,4.680962090391659,10.3482633
VALE3,VALE3,Vale S.A.,BRL,72.55,72.66,71.78,71.78 - 72.66,0.0,0.0,2026-09-22T19:18:30.000Z,289150500057.0,12760900,72.55,72.4,56.54 - 91.62,56.54,91.62,29.953346269765905,2.4326809
BBAS3,BBAS3,Banco do Brasil S.A.,BRL,22.72,22.89,22.3,22.3 - 22.89,-0.27,-1.17,2026-09-22T19:18:30.000Z,131475587871.0,35737200,22.72,22.84,17.79 - 27.81,17.79,27.81,10.568916593012975,2.1496732
BBDC4,BBDC4,Banco Bradesco SA Pfd,BRL,18.34,18.43,17.92,17.92 - 18.43,0.18,0.99,2026-09-22T19:18:30.000Z,190858414774.0,29828700,18.34,18.05,15.68 - 22.09790212,15.68,22.09790212,7.988500740482621,2.2958377
PETR4,PETR4,Petroleo Brasileiro SA Pfd,BRL,48.31,48.54,47.3,47.3 - 48.54,0.31,0.65,2026-09-22T19:42:30.000Z,648486133457.0,37280500,48.3,47.56,29.31 - 50.7,29.31,50.7,4.668399640520666,10.3482633
VALE3,VALE3,Vale S.A.,BRL,72.57,72.66,71.78,71.78 - 72.66,0.02,0.03,2026-09-22T19:42:30.000Z,289150500057.0,13508900,72.57,72.4,56.54 - 91.62,56.54,91.62,29.96160356715247,2.4326809
BBAS3,BBAS3,Banco do Brasil S.A.,BRL,22.6,22.89,22.3,22.3 - 22.89,-0.39,-1.7,2026-09-22T19:43:30.000Z,131475587871.0,42413200,22.6,22.84,17.79 - 27.81,17.79,27.81,10.513094850444247,2.1496732
BBDC4,BBDC4,Banco Bradesco SA Pfd,BRL,18.37,18.43,17.92,17.92 - 18.43,0.21,1.16,2026-09-22T19:42:30.000Z,190858414774.0,34985500,18.37,18.05,15.68 - 22.09790212,15.68,22.09790212,8.00156808084328,2.2958377
PETR4,PETR4,Petroleo Brasileiro SA Pfd,BRL,48.37,48.54,47.3,47.3 - 48.54,0.37,0.77,2026-09-22T20:20:30.000Z,648486133457.0,42138900,48.37,47.56,29.31 - 50.7,29.31,50.7,4.674197694307277,10.3482633
VALE3,VALE3,Vale S.A.,BRL,72.78,72.89,71.78,71.78 - 72.89,0.23,0.32,2026-09-22T20:20:30.000Z,289150500057.0,15263300,72.78,72.4,56.54 - 91.62,56.54,91.62,30.04830518971141,2.4326809
BBAS3,BBAS3,Banco do Brasil S.A.,BRL,22.62,22.89,22.3,22.3 - 22.89,-0.37,-1.61,2026-09-22T20:20:30.000Z,131475587871.0,47526200,22.62,22.84,17.79 - 27.81,17.79,27.81,10.522398474205705,2.1496732
BBDC4,BBDC4,Banco Bradesco SA Pfd,BRL,18.41,18.44,17.92,17.92 - 18.44,0.25,1.38,2026-09-22T20:20:30.000Z,190858414774.0,37411400,18.41,18.05,15.68 - 22.09790212,15.68,22.09790212,8.018991201324157,2.2958377
PETR4,PETR4,Petroleo Brasileiro SA Pfd,BRL,48.35,48.54,47.3,47.3 - 48.54,0.35,0.73,2026-09-22T20:43:30.000Z,648486133457.0,48826400,48.37,47.56,29.31 - 50.7,29.31,50.7,4.67226500971174,10.3482633
VALE3,VALE3,Vale S.A.,BRL,72.83,72.89,71.78,71.78 - 72.89,0.28,0.39,2026-09-22T20:43:30.000Z,289150500057.0,19673700,72.78,72.4,56.54 - 91.62,56.54,91.62,30.06894843317782,2.4326809
BBAS3,BBAS3,Banco do Brasil S.A.,BRL,22.67,22.89,22.3,22.3 - 22.89,-0.32,-1.39,2026-09-22T20:43:30.000Z,131475587871.0,51689800,22.62,22.84,17.79 - 27.81,17.79,27.81,10.54565753360934,2.1496732
BBDC4,BBDC4,Banco Bradesco SA Pfd,BRL,18.43,18.44,17.92,17.92 - 18.44,0.27,1.49,2026-09-22T20:43:30.000Z,190858414774.0,44502000,18.41,18.05,15.68 - 22.09790212,15.68,22.09790212,8.027702761564596,2.2958377
PETR4,PETR4,Petroleo Brasileiro SA Pfd,BRL,48.65,48.68,48.52,48.52 - 48.68,0.3,0.62,2026-09-23T13:23:30.000Z,652726596035,3664200,48.6,48.55,29.31 - 50.7,29.31,50.7,4.701255278644801,10.3482633
VALE3,VALE3,Vale S.A.,BRL,72.09,72.3,72,72 - 72.3,-0.74,-1.02,2026-09-23T13:23:30.000Z,290266444698,438800,72.15,72.3,56.54 - 91.62,56.54,91.62,29.763428429874903,2.4326809
BBAS3,BBAS3,Banco do Brasil S.A.,BRL,22.43,22.43,22.43,22.43 - 22.43,-0.24,-1.06,2026-09-23T13:23:30.000Z,129645568366,100,22.43,22.43,17.79 - 27.81,17.79,27.81,10.434014048471878,2.1496732
BBDC4,BBDC4,Banco Bradesco SA Pfd,BRL,18.3,18.34,18.16,18.16 - 18.34,-0.13,-0.71,2026-09-23T13:23:30.000Z,193929815485,480900,18.31,18.18,15.68 - 22.09790212,15.68,22.09790212,7.9710776200017435,2.2958377
PETR4,PETR4,Petroleo Brasileiro SA Pfd,BRL,49.39,49.44,48.52,48.52 - 49.44,1.04,2.15,2026-09-23T13:44:30.000Z,652726596035,6676100,49.39,48.55,29.31 - 50.7,29.31,50.7,4.772764608679687,10.3482633
VALE3,VALE3,Vale S.A.,BRL,72.43,72.5,72,72 - 72.5,-0.4,-0.55,2026-09-23T13:44:30.000Z,290266444698,1081600,72.42,72.3,56.54 - 91.62,56.54,91.62,29.903802485446516,2.4326809
BBAS3,BBAS3,Banco do Brasil S.A.,BRL,22.89,22.89,22.34,22.34 - 22.89,0.22,0.97,2026-09-23T13:44:30.000Z,129645568366,2727500,22.89,22.43,17.79 - 27.81,17.79,27.81,10.647997394985346,2.1496732
BBDC4,BBDC4,Banco Bradesco SA Pfd,BRL,18.53,18.53,18.16,18.16 - 18.53,0.1,0.54,2026-09-23T13:44:30.000Z,193929815485,1470400,18.53,18.18,15.68 - 22.09790212,15.68,22.09790212,8.071260562766792,2.2958377
PETR4,PETR4,Petroleo Brasileiro SA Pfd,BRL,49.83,50.06,48.52,48.52 - 50.06,1.48,3.06,2026-09-23T14:23:30.000Z,652726596035,13737600,49.83,48.55,29.31 - 50.7,29.31,50.7,4.81528366978151,10.3482633
VALE3,VALE3,Vale S.A.,BRL,72.25,72.5,71.64,71.64 - 72.5,-0.58,-0.8,2026-09-23T14:24:30.000Z,290266444698,4263800,72.24,72.3,56.54 - 91.62,56.54,91.62,29.829486808967427,2.4326809
BBAS3,BBAS3,Banco do Brasil S.A.,BRL,22.74,23.07,22.34,22.34 - 23.07,0.07,0.31,2026-09-23T14:23:30.000Z,129645568366,8126300,22.74,22.43,17.79 - 27.81,17.79,27.81,10.578220216774431,2.1496732
BBDC4,BBDC4,Banco Bradesco SA Pfd,BRL,18.62,18.66,18.16,18.16 - 18.66,0.19,1.03,2026-09-23T14:22:30.000Z,193929815485,5143500,18.61,18.18,15.68 - 22.09790212,15.68,22.09790212,8.110462583848769,2.2958377
PETR4,PETR4,Petroleo Brasileiro SA Pfd,BRL,49.79,50.06,48.52,48.52 - 50.06,1.44,2.98,2026-09-23T14:46:30.000Z,652726596035,16131000,49.79,48.55,29.31 - 50.7,29.31,50.7,4.811418300590435,10.3482633
VALE3,VALE3,Vale S.A.,BRL,72.04,72.5,71.64,71.64 - 72.5,-0.79,-1.08,2026-09-23T14:46:30.000Z,290266444698,4893900,72.04,72.3,56.54 - 91.62,56.54,91.62,29.742785186408494,2.4326809
BBAS3,BBAS3,Banco do Brasil S.A.,BRL,22.45,23.07,22.34,22.34 - 23.07,-0.22,-0.97,2026-09-23T14:46:30.000Z,129645568366,11826500,22.45,22.43,17.79 - 27.81,17.79,27.81,10.443317672233334,2.1496732
BBDC4,BBDC4,Banco Bradesco SA Pfd,BRL,18.6,18.66,18.16,18.16 - 18.66,0.17,0.92,2026-09-23T14:46:30.000Z,193929815485,7056400,18.59,18.18,15.68 - 22.09790212,15.68,22.09790212,8.10175102360833,2.2958377
PETR4,PETR4,Petroleo Brasileiro SA Pfd,BRL,49.47,50.06,48.52,48.52 - 50.06,1.12,2.32,2026-09-23T15:22:30.000Z,652726596035,20059800,49.47,48.55,29.31 - 50.7,29.31,50.7,4.780495347061836,10.3482633
VALE3,VALE3,Vale S.A.,BRL,71.98,72.5,71.64,71.64 - 72.5,-0.85,-1.17,2026-09-23T15:22:30.000Z,290266444698,6038600,71.98,72.3,56.54 - 91.62,56.54,91.62,29.718013294248795,2.4326809
BBAS3,BBAS3,Banco do Brasil S.A.,BRL,22.43,23.07,22.34,22.34 - 23.07,-0.24,-1.06,2026-09-23T15:21:30.000Z,129645568366,15655400,22.43,22.43,17.79 - 27.81,17.79,27.81,10.434014048471878,2.1496732
BBDC4,BBDC4,Banco Bradesco SA Pfd,BRL,18.45,18.66,18.16,18.16 - 18.66,0.02,0.11,2026-09-23T15:21:30.000Z,193929815485,9374000,18.46,18.18,15.68 - 22.09790212,15.68,22.09790212,8.036414321805035,2.2958377
